slug,agencyName,region,status,transferPeriod,transferLimit,transferCost,paymentMethod,sourceUrl,confidence,notes
"barrie","Barrie Transit","Ontario","confirmed","90 minutes","transfer permitted; limit not specified","included in single fare","standard fare","https://www.barrie.ca/Barrie-Transit-Route-7.pdf","high","Official source candidates found; policy still requires manual verification."
"belleville","Belleville Transit","Ontario","confirmed","90 minutes","1 transfer","included in fare","standard fare","https://www.belleville.ca/walk-ride-and-drive/transit/fares-and-passes/","high","Official source candidates found; policy still requires manual verification."
"brampton","Brampton Transit","Ontario","confirmed","2 hours","unlimited within validity","included in fare","cash, PRESTO, or contactless","https://www1.brampton.ca/EN/residents/transit/Fares/Pages/Transfers-and-Connecting-Transit.aspx","high","Official source candidates found; policy still requires manual verification."
"burlington","Burlington Transit","Ontario","confirmed","2 hours","not specified","included in fare","PRESTO, contactless, or cash","https://www.burlington.ca/en/transit/fares.aspx","high","Official source candidates found; policy still requires manual verification."
"chatham-kent","Ride CK","Ontario","confirmed","70 minutes urban; 140 minutes inter-urban","transfers and next-run return trips permitted within the applicable window","free with initial fare; inter-urban top-up may apply","cash or smart card","https://www.chatham-kent.ca/transit/travellingwithus/policies/Pages/Transfer-Policy.aspx","high","Official source candidates found; policy still requires manual verification."
"cornwall","Cornwall Transit","Ontario","no_transfer_policy_published","","not published on the official site reviewed","","","https://www.cornwall.ca/en/live-here/cornwall-transit.aspx","medium","Official site reviewed; no transfer policy was published in the reviewed material."
"drt","Durham Region Transit","Ontario","confirmed","2 hours","unlimited within validity","included in fare","cash, ticket, PRESTO, or contactless","https://www.durhamregiontransit.com/fares-passes/transfers/","high","Official source candidates found; policy still requires manual verification."
"go","GO Transit","Ontario","no_transfer_policy_published","","not published on the official site reviewed","","","https://www.gotransit.com/en/tickets","medium","Official site reviewed; no transfer policy was published in the reviewed material."
"grt","Grand River Transit (Waterloo Region)","Ontario","confirmed","120 minutes","unlimited within validity","included in single fare","cash, EasyGO, or app","https://www.grt.ca/fares-and-payment/tickets-and-passes/single-ticketfare/","high","Official source candidates found; policy still requires manual verification."
"guelph","Guelph Transit","Ontario","confirmed","90 minutes","not specified","included in fare","OnYourWay card or cash","https://guelph.ca/living/getting-around/bus/fares-and-passes/","high","Official source candidates found; policy still requires manual verification."
"hamilton","Hamilton Street Railway","Ontario","confirmed","2 hours; 3 hours from GO Transit","not specified","included in fare","PRESTO, contactless, cash, or paper transfer","https://www.hamilton.ca/home-neighbourhood/hsr/fares/transfers-connections","high","Official source candidates found; policy still requires manual verification."
"kingston","Kingston Transit","Ontario","confirmed","90 minutes","unlimited within validity","included in fare","coins, smart card, or disposable ticket","https://www.kingstontransit.ca/fares-and-passes/standard-fares-and-passes/","high","Official source candidates found; policy still requires manual verification."
"london","London Transit Commission","Ontario","confirmed","90 minutes","unlimited within validity","included in adult fare","exact cash","https://www.londontransit.ca/fares-and-passes/fares/","high","Official source candidates found; policy still requires manual verification."
"miway","MiWay (Mississauga)","Ontario","confirmed","2 hours from local transit; 3 hours from GO Transit","unlimited within validity","free/included in fare","PRESTO, contactless, cash, or paper transfer","https://www.mississauga.ca/miway-transit/fares/transfers/","high","Official source candidates found; policy still requires manual verification."
"milton","Milton Transit","Ontario","confirmed","2 hours","unlimited within validity","included in fare","standard fare or PRESTO","https://www.milton.ca/en/town-hall/resources/Accessible_Bylaws/User-Fees-By-law-062-2024.pdf","high","Official source candidates found; policy still requires manual verification."
"niagara","Niagara Transit","Ontario","confirmed","2 hours","unlimited transfers within validity","included in fare","cash, fare card, or pass","https://www.nrtransit.ca/fares","high","Official source candidates found; policy still requires manual verification."
"octranspo","OC Transpo (Ottawa)","Ontario","confirmed","90–105 minutes depending on time of day; overnight until 4:30 a.m.","not specified","included in fare","PRESTO, single-ride ticket, cash, or transfer","https://www.octranspo.com/en/fares/payment/presto/","high","Official source candidates found; policy still requires manual verification."
"oakville","Oakville Transit","Ontario","confirmed","2 hours","unlimited in any direction on any route","included in fare","PRESTO, cash, or special-purpose ticket","https://www.oakvilletransit.ca/fares/fare-policy/","high","Official source candidates found; policy still requires manual verification."
"orangeville","Orangeville Transit","Ontario","confirmed","","not applicable during fare-free pilot","free","no fare required","https://www.orangeville.ca/en/living-here/fare-free-transit.aspx","high","Official source candidates found; policy still requires manual verification."
"orillia","Orillia Transit","Ontario","confirmed","45 minutes","terminal transfers only; one continuous trip","included in single ride","exact cash or cOnnect pass","https://www.orillia.ca/roads-and-environment/getting-around/transit/transit-schedule-and-fares/","high","Official source candidates found; policy still requires manual verification."
"owen-sound","Owen Sound Transit","Ontario","confirmed","not stated","transfer from one bus to another on a continuous trip; request a transfer slip","included in the single fare","exact-fare cash","https://www.owensound.ca/living-here/public-transit/city-bus-service/","high","Official source candidates found; policy still requires manual verification."
"north-bay","North Bay Transit","Ontario","confirmed","","next bus to destination only; not transferable; no stop-overs","included in single trip fare","standard fare","https://northbay.ca/services-payments/north-bay-transit/transit-fares-passes/","high","Official source candidates found; policy still requires manual verification."
"sarnia","Sarnia Transit","Ontario","confirmed","90 minutes","one transfer usable on any bus except Care-A-Van","included with cash or ticket fare","cash, ticket, SmartCard, or pass","https://www.sarnia.ca/app/uploads/2021/05/MEDIA-RELEASE-2021-05-14-SARNIA-TRANSIT-FULL-FARES-RETURN.pdf","high","No transfer policy has been verified. The official-source search is incomplete or produced no candidate page."
"simcoe","Simcoe County LINX","Ontario","confirmed","","transfer rules vary by connecting local service; valid transfer receipt required","$1 discount when transferring from local service to LINX; LINX-to-local may be free","cash or LINX Card","https://simcoe.ca/residents/linx-transit/fare-information/","medium","Official source candidates found; policy still requires manual verification."
"st-thomas","St. Thomas Transit","Ontario","confirmed","60 minutes","one-way transfer on request; transfers are issued only when fare is paid","included in the fare","cash, ticket, pass, or virtual ticket","https://www.stthomas.ca/living_here/localmotion/fares","high","Official source candidates found; policy still requires manual verification."
"stratford","Stratford Transit","Ontario","no_transfer_policy_published","","not published on the official site reviewed","","","https://www.stratford.ca/en/live-here/transit.aspx","medium","Official site reviewed; no transfer policy was published in the reviewed material."
"ttc","Toronto Transit Commission","Ontario","confirmed","2 hours","not specified","included in fare; cash excluded","PRESTO, PRESTO Ticket, debit, credit, or mobile wallet","https://www.ttc.ca/Fares-and-passes","high","Official source candidates found; policy still requires manual verification."
"windsor","Transit Windsor","Ontario","confirmed","2 hours","unlimited within validity","included in adult fare","exact cash","https://www.citywindsor.ca/residents/transit-windsor/fares/","high","Official source candidates found; policy still requires manual verification."
"upexpress","UP Express (Toronto)","Ontario","no_transfer_policy_published","","not published on the official site reviewed","","","https://www.upexpress.com/en/ways-to-pay/up-express-fares","medium","Official site reviewed; no transfer policy was published in the reviewed material."
"yrt","York Region Transit","Ontario","confirmed","2 hours","not specified","included in fare","PRESTO or transfer media","https://www.yrt.ca/en/fares-and-passes/proof-of-payment-and-transfers.aspx","high","Official source candidates found; policy still requires manual verification."
"linter","L'Inter des Laurentides","Quebec","confirmed","same day","bus-to-taxibus connection; limit not specified","free connection with single ride","standard fare","https://www.transportlaurentides.ca/inter/tarifs-et-points-de-vente/","high","Official source candidates found; policy still requires manual verification."
"mont-tremblant","Mont-Tremblant","Quebec","official-source-candidate","","","","","","unresolved","Official source candidates found; policy still requires manual verification."
"rem","REM (Montréal)","Quebec","no_transfer_policy_published","","not published on the official site reviewed","","","https://rem.info/fr/se-deplacer/titres-et-tarifs","medium","Official site reviewed; no transfer policy was published in the reviewed material."
"rtc","RTC (Québec)","Quebec","no_transfer_policy_published","","not published on the official site reviewed","","","https://www.rtcquebec.ca/tarifs-et-achat/tarifs-et-titres/grille-des-tarifs","medium","Official site reviewed; no transfer policy was published in the reviewed material."
"rtl","RTL (Longueuil)","Quebec","no_transfer_policy_published","","not published on the official site reviewed","","","https://www.rtl-longueuil.qc.ca/tarifs-et-achats","medium","Official site reviewed; no transfer policy was published in the reviewed material."
"stl","STL (Laval)","Quebec","confirmed","120 minutes","not specified","included in fare","cash, debit, credit, OPUS, or occasional smart card","https://stlaval.ca/en/fares","high","Official source candidates found; policy still requires manual verification."
"stlevis","STLévis","Quebec","no_transfer_policy_published","","not published on the official site reviewed","","","https://www.stlevis.ca/tarifs-points-de-vente/tarification","medium","Official site reviewed; no transfer policy was published in the reviewed material."
"stm","STM (Montréal)","Quebec","confirmed","120 minutes","transfers within the valid fare journey","included in one-trip fare","fare card, ticket, or exact cash","https://www.stm.info/fr/validate","high","Official source candidates found; policy still requires manual verification."
"sto","STO (Gatineau)","Quebec","no_transfer_policy_published","","not published on the official site reviewed","","","https://www.sto.ca/tarifs/","medium","Official site reviewed; no transfer policy was published in the reviewed material."
"sjsr","Saint-Jean-sur-Richelieu","Quebec","confirmed","90 minutes","no return trip and no temporary interruption on the same line; transfer is issued on request","free within municipal limits","cash or transport card","https://sjsr.ca/transport-collectif/billetterie-cartes-tarifs/","high","Official source candidates found; policy still requires manual verification."
"saint-hyacinthe","Ville de Saint-Hyacinthe","Quebec","official-source-candidate","","","","","","unresolved","Official source candidates found; policy still requires manual verification."
"exo","exo (Trains)","Quebec","confirmed","120 minutes for the documented contactless single-fare product","valid title must cover the zones and modes used; contactless transfer uses the same payment method","included when the title remains valid; additional zones or modes may require a higher-fare title","OPUS, ticket, or contactless payment where available","https://exo.quebec/fr/a-propos/medias-publications/communiques-presse/tapez-payez-voyagez-exo-et-l-artm-lancent-un-projet-pilote-de-paiement-sans-contact-dans-le-secteur-des-laurentides","medium","Official source candidates found; policy still requires manual verification."
"exo-presquile","exo (La Presqu'île)","Quebec","confirmed","120 minutes for the documented contactless single-fare product","valid title must cover the zones and modes used; contactless transfer uses the same payment method","included when the title remains valid; additional zones or modes may require a higher-fare title","OPUS, ticket, or contactless payment where available","https://exo.quebec/fr/a-propos/medias-publications/communiques-presse/tapez-payez-voyagez-exo-et-l-artm-lancent-un-projet-pilote-de-paiement-sans-contact-dans-le-secteur-des-laurentides","medium","Official source candidates found; policy still requires manual verification."
"exo-sudouest","exo (Sud-Ouest)","Quebec","confirmed","120 minutes for the documented contactless single-fare product","valid title must cover the zones and modes used; contactless transfer uses the same payment method","included when the title remains valid; additional zones or modes may require a higher-fare title","OPUS, ticket, or contactless payment where available","https://exo.quebec/fr/a-propos/medias-publications/communiques-presse/tapez-payez-voyagez-exo-et-l-artm-lancent-un-projet-pilote-de-paiement-sans-contact-dans-le-secteur-des-laurentides","medium","Official source candidates found; policy still requires manual verification."
"exo-lrrs","exo (Le Richelain–Roussillon)","Quebec","confirmed","120 minutes for the documented contactless single-fare product","valid title must cover the zones and modes used; contactless transfer uses the same payment method","included when the title remains valid; additional zones or modes may require a higher-fare title","OPUS, ticket, or contactless payment where available","https://exo.quebec/fr/a-propos/medias-publications/communiques-presse/tapez-payez-voyagez-exo-et-l-artm-lancent-un-projet-pilote-de-paiement-sans-contact-dans-le-secteur-des-laurentides","medium","Official source candidates found; policy still requires manual verification."
"exo-laurentides","exo (Laurentides)","Quebec","confirmed","120 minutes for the documented contactless single-fare product","valid title must cover the zones and modes used; contactless transfer uses the same payment method","included when the title remains valid; additional zones or modes may require a higher-fare title","OPUS, ticket, or contactless payment where available","https://exo.quebec/fr/a-propos/medias-publications/communiques-presse/tapez-payez-voyagez-exo-et-l-artm-lancent-un-projet-pilote-de-paiement-sans-contact-dans-le-secteur-des-laurentides","medium","Official source candidates found; policy still requires manual verification."
"exo-terrebonne","exo (Terrebonne-Mascouche)","Quebec","confirmed","120 minutes for the documented contactless single-fare product","valid title must cover the zones and modes used; contactless transfer uses the same payment method","included when the title remains valid; additional zones or modes may require a higher-fare title","OPUS, ticket, or contactless payment where available","https://exo.quebec/fr/a-propos/medias-publications/communiques-presse/tapez-payez-voyagez-exo-et-l-artm-lancent-un-projet-pilote-de-paiement-sans-contact-dans-le-secteur-des-laurentides","medium","Official source candidates found; policy still requires manual verification."
"exo-vallee-richelieu","exo (Vallée du Richelieu)","Quebec","confirmed","120 minutes for the documented contactless single-fare product","valid title must cover the zones and modes used; contactless transfer uses the same payment method","included when the title remains valid; additional zones or modes may require a higher-fare title","OPUS, ticket, or contactless payment where available","https://exo.quebec/fr/a-propos/medias-publications/communiques-presse/tapez-payez-voyagez-exo-et-l-artm-lancent-un-projet-pilote-de-paiement-sans-contact-dans-le-secteur-des-laurentides","medium","Official source candidates found; policy still requires manual verification."
"bc-fraser-valley","BC Transit (Fraser Valley)","British Columbia","official-source-candidate","","","","","","unresolved","Official source candidates found; policy still requires manual verification."
"kelowna","BC Transit (Kelowna)","British Columbia","confirmed","unlimited same-day travel after two single fares","day travel replaces 90-minute transfers under the current policy","two single fares","cash, Umo, or contactless","https://www.bctransit.com/fare-and-fare-product-changes-coming-to-the-kelowna-regional-transit-system-on-october-1-2025-08-29/","high","Official source candidates found; policy still requires manual verification."
"victoria","BC Transit (Victoria)","British Columbia","confirmed","none with a single ride; DayPASS after the second digital payment provides unlimited rides for the day","single ride is one bus ride only; DayPASS is unlimited for the rest of the day","another single fare is required, or a DayPASS applies after the second digital payment","Umo, contactless payment, or cash","https://www.bctransit.com/victoria/fares/how-fares-work/","high","Official source candidates found; policy still requires manual verification."
"translink","TransLink (Vancouver)","British Columbia","confirmed","90 minutes; 120 minutes when including West Coast Express","unlimited within validity","included in single fare; cash bus transfers limited to bus mode","Compass Card/Ticket, contactless, or cash","https://www.translink.ca/translink/transit-fares/pricing-and-fare-zones","high","Official source candidates found; policy still requires manual verification."
"calgary","Calgary Transit","Alberta","confirmed","90 minutes","not specified","included in adult fare","cash or My Fare","https://www.calgarytransit.com/fares---passes.html","high","Official source candidates found; policy still requires manual verification."
"edmonton","Edmonton Transit Service (ETS)","Alberta","confirmed","90 minutes","boarding privileges between buses and LRT, including return trips","included in single fare","cash, Arc card, Arc ticket, or contactless payment","https://www.edmonton.ca/ets/fares-passes","high","No transfer policy has been verified. The official-source search is incomplete or produced no candidate page."
"winnipeg","Winnipeg Transit","Manitoba","no_transfer_policy_published","","not published on the official site reviewed","","","https://winnipegtransit.com","medium","Official site reviewed; no transfer policy was published in the reviewed material."
"regina","Regina Transit","Saskatchewan","confirmed","90 minutes for electronic fares","up to three transfers","free electronically; cash riders pay again on the next bus","Umo card/app, debit, credit, electronic wallet, or cash","https://www.regina.ca/transportation-roads-parking/transit/coming-soon-new-transit-fare-system/index.html","high","No transfer policy has been verified. The official-source search is incomplete or produced no candidate page."
"saskatoon","Saskatoon Transit","Saskatchewan","confirmed","90 minutes","multiple buses within validity","included in fare","transfer slip, Go-Pass, or mobile ticket","https://saskatoontransit.ca/fares-passes/ways-pay","high","Official source candidates found; policy still requires manual verification."
"halifax","Halifax Transit","Nova Scotia","confirmed","90 minutes after end of route","not specified; premium services may require additional fare","included for standard service; premium surcharge may apply","standard fare or ticket","https://cdn.halifax.ca/sites/default/files/documents/transportation/halifax-transit/riders-guide-november-20-2023-version-rev.pdf","high","Official source candidates found; policy still requires manual verification."
"codiac","Codiac Transpo (Moncton)","New Brunswick","no_transfer_policy_published","","not published on the official site reviewed","","","https://www.codiactranspo.ca/moncton-transport/fares","medium","Official site reviewed; no transfer policy was published in the reviewed material."
"fredericton","Fredericton Transit","New Brunswick","no_transfer_policy_published","","not published on the official site reviewed","","","https://www.fredericton.ca/resident-services/fredericton-transit/fares","medium","Official site reviewed; no transfer policy was published in the reviewed material."
"saint-john","Saint John Transit","New Brunswick","no_transfer_policy_published","","not published on the official site reviewed","","","https://saintjohn.ca/en/parking/tickets-and-enforcement","medium","Official site reviewed; no transfer policy was published in the reviewed material."
"t3-transit","T3 Transit (PEI)","Prince Edward Island","no_transfer_policy_published","","not published on the official site reviewed","","","https://www.t3transit.ca/fares","medium","Official site reviewed; no transfer policy was published in the reviewed material."
"metrobus","Metrobus (St. John's)","Newfoundland","no_transfer_policy_published","","not published on the official site reviewed","","","https://www.metrobus.com/fares/","medium","Official site reviewed; no transfer policy was published in the reviewed material."
"nfta","NFTA (Buffalo)","New York","no_transfer_policy_published","","not published on the official site reviewed","","","http://www.nfta.com/","medium","Official site reviewed; no transfer policy was published in the reviewed material."
"port-huron","Blue Water Area Transit (Port Huron)","Michigan","confirmed","","transfers generally made at Downtown Transfer Center; none to or from Blue Water Trolley","included in fare","standard fare","https://bwbus.com/transfers","high","Official source candidates found; policy still requires manual verification."
"ddot","DDOT (Detroit)","Michigan","confirmed","4 hours","unlimited within validity","included in fare","standard fare","https://detroitmi.gov/departments/detroit-department-transportation/transportation-fares","high","Official source candidates found; policy still requires manual verification."
"detroit-people-mover","Detroit People Mover","Michigan","confirmed","unlimited while service is free","unlimited rides on the loop; no fare or pass is required","free","none required","https://www.thepeoplemover.com/schedule","high","Official source candidates found; policy still requires manual verification."
"qline","QLine (Detroit)","Michigan","no_transfer_policy_published","","not published on the official site reviewed","","","https://www.qlinedetroit.com/rules-of-the-rail/#passenger-safety","medium","Official site reviewed; no transfer policy was published in the reviewed material."
"smart","SMART (Detroit suburbs)","Michigan","confirmed","3 hours for a standard transfer; 4 hours with the regional DART pass","one transfer for the standard full-fare product; unlimited rides with the 4-hour regional pass","$0.25 for a full-fare standard transfer; included in regional pass","cash, transfer card, or DART regional pass","https://www.smartbus.org/How-to-Ride/FAQs/Transfers","high","Official source candidates found; policy still requires manual verification."
"theride","TheRide (Ann Arbor)","Michigan","confirmed","90 minutes","not specified; fixed-route only","free","cash, token, mobile ticket, or pass","https://www.theride.org/fares-passes/fares","high","Official source candidates found; policy still requires manual verification."
"gcrta","GCRTA (Cleveland)","Ohio","no_transfer_policy_published","","not published on the official site reviewed","","","https://www.riderta.com/fares","medium","Official site reviewed; no transfer policy was published in the reviewed material."
"butler-county-rta","Butler County Regional Transit Authority","Ohio","official-source-candidate","","","","","","unresolved","Official source candidates found; policy still requires manual verification."
"seat","South East Area Transit","Ohio","no_transfer_policy_published","","not published on the official site reviewed","","","https://www.seatbus.org/Ride/Fares/","medium","Official site reviewed; no transfer policy was published in the reviewed material."
"richland-county-oh","Richland County Transit","Ohio","confirmed","","1 free transfer; period not stated","free","standard fare","https://rctbuses.com/bus-schedules-fares/","high","Official source candidates found; policy still requires manual verification."
"tarta","TARTA (Toledo)","Ohio","confirmed","2 hours","free transfer ticket within validity","included in regular fare","standard fare or EZfare","https://tarta.com/ride-tarta/how-to-ride/fares-passes/","high","Official source candidates found; policy still requires manual verification."
"rgrta","Rochester-Genesee Regional Transportation Authority","New York","no_transfer_policy_published","","not published on the official site reviewed","","","https://www.myrts.com/Buy-Passes","medium","Official site reviewed; no transfer policy was published in the reviewed material."
"cdta","Capital District Transportation Authority","New York","no_transfer_policy_published","","not published on the official site reviewed","","","http://www.cdta.org","medium","Official site reviewed; no transfer policy was published in the reviewed material."
"centro","Centro (Syracuse)","New York","no_transfer_policy_published","","not published on the official site reviewed","","","http://www.centro.org","medium","Official site reviewed; no transfer policy was published in the reviewed material."
"tcat","Tompkins Consolidated Area Transit","New York","confirmed","day of issue; continuous one-way trip","next available bus only","free","cash, ride card, pass, or mobile app","https://tcatbus.com/fare-pass-options","high","Official source candidates found; policy still requires manual verification."
"broome","Broome County Transit","New York","no_transfer_policy_published","","not published on the official site reviewed","","","https://broomecountyny.gov/transit/GoPassApp","medium","Official site reviewed; no transfer policy was published in the reviewed material."
"emta","Erie Metropolitan Transit Authority","Pennsylvania","no_transfer_policy_published","","not published on the official site reviewed","","","https://ride-the-e.com/fares-2/","medium","Official site reviewed; no transfer policy was published in the reviewed material."
"akron","Akron Metro Regional Transit Authority","Ohio","no_transfer_policy_published","","not published on the official site reviewed","","","https://www.yourmetrobus.org/metro-direct-fares-passes.aspx","medium","Official site reviewed; no transfer policy was published in the reviewed material."
"sarta","Stark Area Regional Transit Authority","Ohio","confirmed","not stated for local transfers","one free ride on the adjoining system; transfers from METRO and PARTA are honored with a transfer slip","free on the adjoining system after paying the first system’s fare","cash, SCORE Card, paper ticket, or EZFare mobile app","https://www.sartaonline.com/fares-rider-guides/rider-topics/","high","Official source candidates found; policy still requires manual verification."
"laketran","Laketran (Lake County, OH)","Ohio","confirmed","","transfers between local routes 1-9; period not stated","free","standard fare","https://laketran.com/fare-information/#local","high","Official source candidates found; policy still requires manual verification."
"mta-flint","Mass Transportation Authority (Flint)","Michigan","no_transfer_policy_published","","not published on the official site reviewed","","","https://www.mtaflint.org/fares/","medium","Official site reviewed; no transfer policy was published in the reviewed material."
"cata-lansing","Capital Area Transportation Authority","Michigan","confirmed","","one transfer for continuing in the same direction; no return trip","free","cash, card, or pass","https://www.cata.org/fares/transfers","high","Official source candidates found; policy still requires manual verification."
"the-rapid","The Rapid (Grand Rapids)","Michigan","confirmed","105 minutes with Wave or contactless; 1 hour for PASS shuttle transfers","subsequent taps within the window; cash fares receive no transfers","included with Wave/contactless fare; cash requires another fare; PASS transfer is free","cash, Wave card, or contactless payment","https://www.ridetherapid.org/fares-passes/purchase-fare/fares-options","high","Official source candidates found; policy still requires manual verification."
"mbta","Massachusetts Bay Transportation Authority","Massachusetts","no_transfer_policy_published","","not published on the official site reviewed","","","https://capecodrta.org/fares-passes/","medium","Official site reviewed; no transfer policy was published in the reviewed material."
"pvta","Pioneer Valley Transit Authority","Massachusetts","confirmed","not stated; current FY27 fixed-route service is fare-free","not stated for the current fare-free program","$0 for current fixed-route service; premium service may be excluded","fare-free fixed-route boarding; premium service fare may apply","https://www.pvta.com/bus_service/rider_updates.php","high","Official source candidates found; policy still requires manual verification."
"wrta","Worcester Regional Transit Authority","Massachusetts","no_transfer_policy_published","","not published on the official site reviewed","","","https://therta.com/paratransit-automated-fare-collection-system/","medium","Official site reviewed; no transfer policy was published in the reviewed material."
"cttransit","CTtransit","Connecticut","confirmed","2 hours","unlimited local transfers; express transfers retain the value of the original zone fare","free on local service; additional fare may apply for higher-zone express service","cash, Go CT Card, ticket, or pass","https://www.cttransit.com/fares/transfer","high","No transfer policy has been verified. The official-source search is incomplete or produced no candidate page."
"red-deer","Red Deer Transit","Alberta","no_transfer_policy_published","","not published on the official site reviewed","","","https://www.reddeer.ca/city-services/transit/fares-and-passes/","medium","Official site reviewed; no transfer policy was published in the reviewed material."
"lethbridge","Lethbridge Transit","Alberta","no_transfer_policy_published","","not published on the official site reviewed","","","https://myride.lethbridge.ca/Account/ForgotPassword","medium","Official site reviewed; no transfer policy was published in the reviewed material."
"moose-jaw","Moose Jaw Transit","Saskatchewan","no_transfer_policy_published","","not published on the official site reviewed","","","https://moosejaw.ca","medium","Official site reviewed; no transfer policy was published in the reviewed material."
"prince-albert","Prince Albert Transit","Saskatchewan","no_transfer_policy_published","","not published on the official site reviewed","","","https://www.citypa.ca/parking-streets-and-transportation/transit/fares-and-passes/","medium","Official site reviewed; no transfer policy was published in the reviewed material."
"kamloops","BC Transit (Kamloops)","British Columbia","confirmed","none with a single ride; DayPASS after the second digital payment provides unlimited rides for the day","single ride is one bus ride only; DayPASS is unlimited for the local system","another single fare is required, or a DayPASS applies after the second digital payment","Umo, contactless payment, or cash","https://www.bctransit.com/kamloops/fares/how-fares-work/","high","Official source candidates found; policy still requires manual verification."
"south-okanagan","BC Transit (South Okanagan-Similkameen)","British Columbia","confirmed","90 minutes","next connecting bus; local and regional combinations are allowed subject to route rules","free within the transfer rules; $1.75 top-up from local to regional service","cash, Umo, or contactless payment","https://www.bctransit.com/south-okanagan-similkameen/fares/how-fares-work/transfers/","high","Official source candidates found; policy still requires manual verification."
"nanaimo","BC Transit (Nanaimo)","British Columbia","confirmed","none with a single ride; DayPASS after the second digital payment provides unlimited rides for the day","single ride is one bus ride only; regional NCX routes have separate fares","another single fare is required, or a DayPASS applies after the second digital payment","Umo, contactless payment, or cash","https://www.bctransit.com/nanaimo/fares/how-fares-work/","high","Official source candidates found; policy still requires manual verification."
"cowichan","BC Transit (Cowichan Valley)","British Columbia","official-source-candidate","","","","","","unresolved","Official source candidates found; policy still requires manual verification."
"comox-valley","BC Transit (Comox Valley)","British Columbia","confirmed","not published on the reviewed current fare material","not published on the reviewed current fare material","not published on the reviewed current fare material","cash, Umo, or contactless payment","https://www.bctransit.com/comox-valley/fares/","medium","Official source candidates found; policy still requires manual verification."
"campbell-river","BC Transit (Campbell River)","British Columbia","official-source-candidate","","","","","","unresolved","Official source candidates found; policy still requires manual verification."
"squamish","BC Transit (Squamish)","British Columbia","confirmed","not published on the current fare notice","not published on the current fare notice","not published on the current fare notice","cash, Umo, or contactless payment","https://www.bctransit.com/fare-change-in-squamish-2026-03-16/","medium","Official source candidates found; policy still requires manual verification."
"pemberton","BC Transit (Pemberton Valley)","British Columbia","confirmed","90 minutes","one free transfer; route-specific exceptions apply, including a separate fare for the 99 Pemberton Commuter toward Whistler","included in the single ride for eligible local connections","cash, Umo, or contactless payment","https://www.bctransit.com/pemberton-valley/fares/how-fares-work/transfers/","high","Official source candidates found; policy still requires manual verification."
"whistler","BC Transit (Whistler)","British Columbia","official-source-candidate","","","","","","unresolved","Official source candidates found; policy still requires manual verification."
"kingcountymetro","King County Metro (Seattle)","Washington","confirmed","2 hours","unlimited within validity for ORCA and Transit GO; cash paper transfers limited to Metro buses","included in first fare","ORCA, Transit GO, cash, or ticket","https://kingcounty.gov/en/dept/metro/fares-and-payment/ways-to-pay","high","Official source candidates found; policy still requires manual verification."
"soundtransit","Sound Transit (Seattle)","Washington","confirmed","2 hours","transfers credited toward the next leg; fare differences may apply","original fare credited toward next leg","ORCA or contactless card","https://www.soundtransit.org/ride-with-us/know-before-you-go/transferring","high","Official source candidates found; policy still requires manual verification."
"piercetransit","Pierce Transit","Washington","no_transfer_policy_published","","not published on the official site reviewed","","","https://piercetransit.org/free-youth-pass/","medium","Official site reviewed; no transfer policy was published in the reviewed material."
"communitytransit","Community Transit (Everett)","Washington","confirmed","2 hours with ORCA or same contactless card","multiple rides within validity; cash requires full fare each boarding","included with ORCA; higher-fare difference may apply","ORCA, contactless, or cash","https://www.communitytransit.org/orca/","high","Official source candidates found; policy still requires manual verification."
"everetttransit","Everett Transit","Washington","confirmed","2 hours","free transfers within validity when using ORCA","included in ORCA fare","ORCA or cash","http://www.everetttransit.org/158/Everett-Transit-Fixed-Route-Bus-Fare","high","Official source candidates found; policy still requires manual verification."
"kitsaptransit","Kitsap Transit","Washington","confirmed","2 hours","1 free ORCA transfer; no Fast Ferry transfers","free with ORCA","ORCA or standard fare","https://www.kitsaptransit.com/rider-resources/bus-transfer-centers","high","Official source candidates found; policy still requires manual verification."
"intercitytransit","Intercity Transit (Olympia)","Washington","no_transfer_policy_published","","not published on the official site reviewed","","","https://www.intercitytransit.com/plan-your-trip/zero-fare","medium","Official site reviewed; no transfer policy was published in the reviewed material."
"skagittransit","Skagit Transit","Washington","no_transfer_policy_published","","not published on the official site reviewed","","","https://www.skagittransit.org/rider-info/fares/","medium","Official site reviewed; no transfer policy was published in the reviewed material."
"whatcomtransit","Whatcom Transportation Authority","Washington","confirmed","no fixed transfer window published; automatic daily fare cap applies to electronic payments","cash riders pay the full fare each time they board; electronic riders receive remaining rides after the daily cap","$2 per ride until the $6 daily cap; cash is not eligible for fare capping","Umo card/app, contactless payment, or cash","https://www.ridewta.com/fares-and-passes/","high","Official source candidates found; policy still requires manual verification."
"islandtransit","Island Transit (Whidbey Island)","Washington","no_transfer_policy_published","","not published on the official site reviewed","","","https://www.islandtransit.org/passio-go","medium","Official site reviewed; no transfer policy was published in the reviewed material."
"jeffersontransit","Jefferson Transit","Washington","no_transfer_policy_published","","not published on the official site reviewed","","","https://jeffersontransit.com/","medium","Official site reviewed; no transfer policy was published in the reviewed material."
"clallamtransit","Clallam Transit System","Washington","no_transfer_policy_published","","not published on the official site reviewed","","","https://www.clallamtransit.com/fares","medium","Official site reviewed; no transfer policy was published in the reviewed material."
"portlandme","Greater Portland Metro","Maine","confirmed","","cash riders are not entitled to free transfers; other fare media may differ","another fare required for cash transfers","cash or DiriGo","https://www.gpmetro.org/fares-guides/fare-information/","high","Official source candidates found; policy still requires manual verification."
"southportlandme","South Portland Bus Service","Maine","official-source-candidate","","","","","","unresolved","Official source candidates found; policy still requires manual verification."
"hocts","HOCTS (Utica-Rome)","New York","no_transfer_policy_published","","not published on the official site reviewed","","","https://oneidacountyny.gov/departments/county-clerk/passports/","medium","Official site reviewed; no transfer policy was published in the reviewed material."
"glensfallstransit","Greater Glens Falls Transit","New York","research-incomplete","","","","","","unresolved","No transfer policy has been verified. The official-source search is incomplete or produced no candidate page."
"watertowncitibus","Watertown Citibus","New York","no_transfer_policy_published","","not published on the official site reviewed","","","http://passiotech.com/","medium","Official site reviewed; no transfer policy was published in the reviewed material."
"hudsonlink","Hudson Link","New York","no_transfer_policy_published","","not published on the official site reviewed","","","https://www.ridehudsonlink.com/fares","medium","Official site reviewed; no transfer policy was published in the reviewed material."
"wsf","Washington State Ferries","Washington","no_transfer_policy_published","","not published on the official site reviewed","","","https://wsdot.wa.gov/travel/passenger-rail","medium","Official site reviewed; no transfer policy was published in the reviewed material."
"bc-ferries","BC Ferries","British Columbia","official-source-candidate","","","","","","unresolved","Official source candidates found; policy still requires manual verification."
"pierce-county-ferries","Pierce County Ferries","Washington","no_transfer_policy_published","","not published on the official site reviewed","","","https://www.piercecountywa.gov/7661/Pierce-County-Ferry-Tickets","medium","Official site reviewed; no transfer policy was published in the reviewed material."
"sherbrooke","Société de transport de Sherbrooke","Quebec","no_transfer_policy_published","","not published on the official site reviewed","","","https://www.sts.qc.ca/partenariats/passe-universelle/","medium","Official site reviewed; no transfer policy was published in the reviewed material."
"trimet","TriMet (Portland, OR)","Oregon","confirmed","2.5 hours","unlimited within validity","included in fare","standard fare or Hop","https://trimet.org/fares/","high","Official source candidates found; policy still requires manual verification."
"ctran","C-TRAN (Vancouver, WA)","Washington","confirmed","2.5 hours for Hop card fare payments","regional fare transfer; express or TriMet LIFT fare differences may apply","included with Hop regional fare; fare difference may apply","Hop card, contactless payment, cash, or pass","https://mail.c-tran.com/fares/fares-and-id-cards","high","No transfer policy has been verified. The official-source search is incomplete or produced no candidate page."
"spokane","Spokane Transit Authority","Washington","confirmed","2 hours","unlimited rides within validity","included in $2 fare","cash, contactless, or 2-Hour Pass","https://www.spokanetransit.com/fares-passes/fares-overview/","high","Official source candidates found; policy still requires manual verification."
"eugene-ltd","Lane Transit District","Oregon","no_transfer_policy_published","","not published on the official site reviewed","","","https://www.ltd.org/fares-passes/","medium","Official site reviewed; no transfer policy was published in the reviewed material."
"cherriots","Cherriots (Salem, OR)","Oregon","confirmed","no free transfer with a one-ride fare","pay again on the next bus; day pass provides unlimited rides for the day","another one-ride fare required, unless using a day pass or fare-capped stored value","cash, Cherriots Tap Card, or Umo Mobility App","https://www.cherriots.org/fares/?agency_id=0&intent=info","high","Official source candidates found; policy still requires manual verification."
"corvallis","Corvallis Transit System","Oregon","no_transfer_policy_published","","not published on the official site reviewed","","","https://www.corvallisoregon.gov/cts/page/cts-fundingfares","medium","Official site reviewed; no transfer policy was published in the reviewed material."
"grovelink","Ride Connection (GroveLink)","Oregon","no_transfer_policy_published","","not published on the official site reviewed","","","https://rideconnection.org/ride/","medium","Official site reviewed; no transfer policy was published in the reviewed material."
"rivercities","RiverCities Transit","Washington","confirmed","same day as purchase","one use","free with one-way fare","cash or one-way fare","https://rctransit.org/passes/fixed-route-fares-and-passes/","high","Official source candidates found; policy still requires manual verification."
"tillamook","Tillamook County Transportation District","Oregon","no_transfer_policy_published","","not published on the official site reviewed","","","https://nwconnector.org/passes-tctd/","medium","Official site reviewed; no transfer policy was published in the reviewed material."
"columbia-area-transit","Columbia Area Transit","Oregon","no_transfer_policy_published","","not published on the official site reviewed","","","https://www.ridecatbus.org/buy-fares/","medium","Official site reviewed; no transfer policy was published in the reviewed material."
"mats","Mount Adams Transportation Service","Washington","no_transfer_policy_published","","not published on the official site reviewed","","","http://www.klickitatcounty.gov/364/Fares","medium","Official site reviewed; no transfer policy was published in the reviewed material."
"setd","Sunset Empire Transportation District","Oregon","no_transfer_policy_published","","not published on the official site reviewed","","","https://nwconnector.org/passes-setd/","medium","Official site reviewed; no transfer policy was published in the reviewed material."
"sfmta","San Francisco Municipal Transportation Agency (SFMTA - Muni)","California","no_transfer_policy_published","","not published on the official site reviewed","","","https://www.sfmta.com/getting-around/muni/fares","medium","Official site reviewed; no transfer policy was published in the reviewed material."
"bart","Bay Area Rapid Transit (BART)","California","confirmed","2 hours for regional transfer discount","additional transit agencies receive a transfer discount; BART fare remains distance-based","up to $2.85 discount on additional agency","Clipper or Tap and Ride","https://www.bart.gov/tickets","high","Official source candidates found; policy still requires manual verification."
"caltrain","Caltrain","California","confirmed","4 hours","one-way travel including stopovers/transfers within paid zones","included in one-way ticket","ticket machine or Clipper","https://www.caltrain.com/fares/ticket-types","high","Official source candidates found; policy still requires manual verification."
"actransit","Alameda-Contra Costa Transit District (AC Transit)","California","no_transfer_policy_published","","not published on the official site reviewed","","","https://www.actransit.org/fares","medium","Official site reviewed; no transfer policy was published in the reviewed material."
"vta","Santa Clara Valley Transportation Authority","California","confirmed","2 hours","free transfers within validity","free with Clipper single ride","Clipper or cash","https://www.vta.org/go/fares","high","Official source candidates found; policy still requires manual verification."
"samtrans","San Mateo County Transit District (samTrans)","California","confirmed","2 hours","free transfers within validity","free with Clipper","Clipper or standard fare","https://www.samtrans.com/fares/how-buy","high","Official source candidates found; policy still requires manual verification."
"goldengate","Golden Gate Transit","California","no_transfer_policy_published","","not published on the official site reviewed","","","https://www.goldengate.org/bus/bus-fares-payment/fare-tables/","medium","Official site reviewed; no transfer policy was published in the reviewed material."
"weta","San Francisco Bay Area Water Emergency Transportation Authority (WETA)","California","no_transfer_policy_published","","not published on the official site reviewed","","","https://www.sfbayferry.com/fares-tickets/","medium","Official site reviewed; no transfer policy was published in the reviewed material."
"countyconnection","County Connection","California","confirmed","2 hours","1 free bus-to-bus transfer","free with Clipper; BART-to-bus discount differs","Clipper or cash","https://countyconnection.com/fares/transfers/","high","Official source candidates found; policy still requires manual verification."
"westcat","WestCAT","California","confirmed","1 hour","established transfer points; no return trip or same-route reboarding","included in local fare","cash or Clipper","https://www.westcat.org/home/FaresTransfers","high","Official source candidates found; policy still requires manual verification."
"soltrans","SolTrans (Vallejo)","California","confirmed","60 minutes for Clipper transfers to/from participating agencies; no same-system transfers","no transfers between SolTrans routes; participating-agency transfers are valid within 60 minutes","free or fare credit with Clipper depending on partner; cash fare does not issue transfers","cash, Clipper, mobile fare, or pass","https://www.soltrans.org/fares/ticket-office-location","high","Official source candidates found; policy still requires manual verification."
"marintransit","Marin Transit","California","no_transfer_policy_published","","not published on the official site reviewed","","","https://marintransit.gov/fares","medium","Official site reviewed; no transfer policy was published in the reviewed material."
"smart-ca","Sonoma-Marin Area Rail Transit (SMART)","California","confirmed","within 4 hours for bus-to-SMART transfer discount","transfer discount applies to listed partner agencies; SMART e-ticket purchases do not receive transfer credits","$1.50 adult discount with Clipper when transferring to or from listed partner agencies","Clipper card; SMART eTickets do not include transfer discounts","https://www.sonomamarintrain.org/Clipper-FAQs","high","Official source candidates found; policy still requires manual verification."
"sonoma-county","Sonoma County Transit (SCT)","California","no_transfer_policy_published","","not published on the official site reviewed","","","https://sctransit.com/fares/","medium","Official site reviewed; no transfer policy was published in the reviewed material."
"vine","VINE Transit (Napa)","California","no_transfer_policy_published","","not published on the official site reviewed","","","https://vinetransit.com/fares","medium","Official site reviewed; no transfer policy was published in the reviewed material."
"emerygoround","Emery Go-Round","California","no_transfer_policy_published","","not published on the official site reviewed","","","https://emerygoround.com/","medium","Official site reviewed; no transfer policy was published in the reviewed material."
"stanford","Stanford Marguerite Shuttle (SMS)","California","no_transfer_policy_published","","not published on the official site reviewed","","","https://transportation-forms.stanford.edu/transit-pass/","medium","Official site reviewed; no transfer policy was published in the reviewed material."
"tridelta","Tri Delta Transit (Antioch)","California","confirmed","120 minutes with Clipper","one free bus-to-bus transfer within the window; cash single rides have no transfers","free with Clipper; cash requires another fare or a day pass","cash, Clipper, day pass, or pass","https://trideltatransit.com/fares-guides/transfer-policy/","high","Official source candidates found; policy still requires manual verification."
"lavta","Livermore Amador Valley Transit Authority","California","confirmed","120 minutes from initial fare payment","Clipper transfers among Wheels, County Connection, Tri Delta, and WestCAT; cash receives no transfer","free with Clipper for listed partners; BART fare credit; free to/from ACE with valid ticket","cash, Clipper, contactless card, or pass","https://www.wheelsbus.com/fares/","high","Official source candidates found; policy still requires manual verification."
"unioncity","Union City Transit","California","official-source-candidate","","","","","","unresolved","Official source candidates found; policy still requires manual verification."
"westberkeley","West Berkeley Shuttle","California","official-source-candidate","","","","","","unresolved","Official source candidates found; policy still requires manual verification."
"petaluma","Petaluma Transit","California","no_transfers","not applicable under fare-free service","no transfers issued","free","none required","https://transit.cityofpetaluma.net/fares/","high","Official source candidates found; policy still requires manual verification."
"santarosa","Santa Rosa CityBus","California","confirmed","2 hours","unlimited within validity","free with Clipper","Clipper or cash","https://srcitybus.org/fares-and-passes/clipper/","high","Official source candidates found; policy still requires manual verification."
"fast-ca","Fairfield and Suisun Transit (FAST)","California","confirmed","60 minutes","1 free transfer; a second transfer is not issued","free with Clipper","Clipper or cash","https://fasttransit.org/info-policies/transfers/","high","Official source candidates found; policy still requires manual verification."
"vacaville","City Coach (Vacaville)","California","no_transfer_policy_published","","not published on the official site reviewed","","","https://citycoach.com/","medium","Official site reviewed; no transfer policy was published in the reviewed material."
"riovista","Rio Vista Delta Breeze","California","official-source-candidate","","","","","","unresolved","Official source candidates found; policy still requires manual verification."
"ace","Altamont Corridor Express","California","no_transfer_policy_published","","not published on the official site reviewed","","","https://acerail.com/","medium","Official site reviewed; no transfer policy was published in the reviewed material."
"rvtd","Rogue Valley Transportation District (RVTD)","Oregon","confirmed","90 minutes; 120 minutes on Saturdays","two trips","free transfer pass","cash, Umo, or fare product","https://www.rvtd.org/fares-passes/","high","Official source candidates found; policy still requires manual verification."
"bts-or","Basin Transit Service (BTS)","Oregon","no_transfer_policy_published","","not published on the official site reviewed","","","https://www.basintransit.com/passenger-rules","medium","Official site reviewed; no transfer policy was published in the reviewed material."
"rct","Redwood Coast Transit (RCT)","California","no_transfer_policy_published","","not published on the official site reviewed","","","https://redwoodcoasttransit.org/fares/","medium","Official site reviewed; no transfer policy was published in the reviewed material."
"humboldt","Humboldt Transit Authority","California","no_transfer_policy_published","","not published on the official site reviewed","","","https://hta.org/fares/purchase-tickets-online/","medium","Official site reviewed; no transfer policy was published in the reviewed material."
"mendocino","Mendocino Transit Authority","California","no_transfer_policy_published","","not published on the official site reviewed","","","https://mendocinotransit.org/","medium","Official site reviewed; no transfer policy was published in the reviewed material."
"raba","Redding Area Bus Authority","California","confirmed","2 hours","not specified","included in fare","standard fare","https://www.rabaride.com/Document%20Center/RABA_Triennial%20Performance%20Audit_final%20report_4.1.25.pdf","medium","Official source candidates found; policy still requires manual verification."
"siskiyou","Siskiyou County","California","no_transfer_policy_published","","not published on the official site reviewed","","","https://www.co.siskiyou.ca.us/generalservices/page/stage-siskiyou-transit-and-general-express","medium","Official site reviewed; no transfer policy was published in the reviewed material."
"trinity","Trinity Transit","California","no_transfer_policy_published","","not published on the official site reviewed","","","https://www.trinitycounty.org/617/Student-Pass-Program","medium","Official site reviewed; no transfer policy was published in the reviewed material."
"lassen","Lassen Rural Bus","California","confirmed","2 hours; same day","other Susanville Express routes; not the same route boarded","included in fare","standard fare","https://www.lassentransportation.com/","high","Official source candidates found; policy still requires manual verification."
"sacrt","Sacramento Regional Transit (SacRT)","California","confirmed","90 minutes","unlimited boarding with eligible electronic fare media","free with Connect Card or mobile fare; cash transfer fee may apply","Connect Card, mobile app, or cash","https://www.sacrt.com/fares/","high","Official source candidates found; policy still requires manual verification."
"yolobus","Yolo County Transportation District (Yolobus)","California","no_transfer_policy_published","","not published on the official site reviewed","","","https://avl.yctd.org/Account/ForgotPassword","medium","Official site reviewed; no transfer policy was published in the reviewed material."
"unitrans","Unitrans (Davis)","California","no_transfer_policy_published","","not published on the official site reviewed","","","https://unitrans.ucdavis.edu/fare-policy","medium","Official site reviewed; no transfer policy was published in the reviewed material."
"roseville","Roseville Transit","California","no_transfer_policy_published","","not published on the official site reviewed","","","https://www.roseville.ca.gov/city_clerk/services/passports.php","medium","Official site reviewed; no transfer policy was published in the reviewed material."
"smart-or","South Metro Area Regional Transit (SMART)","Oregon","official-source-candidate","","","","","","unresolved","Official source candidates found; policy still requires manual verification."
"sam","Sandy Area Metro (SAM)","Oregon","no_transfer_policy_published","","not published on the official site reviewed","","","https://passiogo.com/","medium","Official site reviewed; no transfer policy was published in the reviewed material."
"cat-or","Canby Area Transit (CAT)","Oregon","no_transfer_policy_published","","not published on the official site reviewed","","","https://www.canbyoregon.gov/area-transit/page/fares-and-passes","medium","Official site reviewed; no transfer policy was published in the reviewed material."
"yamhill","Yamhill County Transit Area","Oregon","no_transfer_policy_published","","not published on the official site reviewed","","","http://ycta.connexionz.net/rtt/public/","medium","Official site reviewed; no transfer policy was published in the reviewed material."
"lacmta","Los Angeles County Metropolitan Transportation Authority","California","confirmed","2 hours","transfers included; round trips excluded","free when tapping to pay","contactless, TAP, or cash","https://www.metro.net/fares/","high","Official source candidates found; policy still requires manual verification."
"metrolink","Metrolink","California","confirmed","","no free transfers with contactless payment to other agencies or Metrolink lines","another ticket required","contactless payment","https://metrolinktrains.com/ticketsOverview/where-to-buy/contactless/","high","Official source candidates found; policy still requires manual verification."
"torrance-transit","Torrance Transit","","no_transfer_policy_published","","not published on the official site reviewed","","","http://Transit.TorranceCA.gov","medium","Official site reviewed; no transfer policy was published in the reviewed material."
"beach-cities-transit","Beach Cities Transit (South Bay, CA)","","no_transfer_policy_published","","not published on the official site reviewed","","","https://www.redondo.org/departments/community_services/transit/fares_and_passes/index.php","medium","Official site reviewed; no transfer policy was published in the reviewed material."
"carson-circuit","Carson Circuit","","confirmed","not published","transfers are available without charge; the reviewed official rider material does not state a time window or count","free","cash or fare media","https://ci.carson.ca.us/content/files/pdfs/transportation/Updated25_Portrait_AB.pdf","high","Official source candidates found; policy still requires manual verification."
"gold-coast","Gold Coast Transit District (Oxnard)","","no_transfer_policy_published","","not published on the official site reviewed","","","http://www.goldcoasttransit.org","medium","Official site reviewed; no transfer policy was published in the reviewed material."
"bigbluebus","Big Blue Bus (Santa Monica)","California","confirmed","2 hours","one BBB-to-BBB transfer","free with TAP, contactless card, or mobile ticket; cash does not receive the included transfer","TAP card, credit/debit card, or mobile ticket","https://www.bigbluebus.com/Fares/Fare-Information.aspx","high","No transfer policy has been verified. The official-source search is incomplete or produced no candidate page."
"longbeach","Long Beach Transit","California","no_transfer_policy_published","","not published on the official site reviewed","","","https://www.ridelbt.com","medium","Official site reviewed; no transfer policy was published in the reviewed material."
"octa","Orange County Transportation Authority (OCTA)","California","confirmed","","free transfers with Wave; period not stated","included with Wave","Wave or standard fare","https://www.octa.net/getting-around/bus/oc-bus/fares-and-passes/overview","high","Official source candidates found; policy still requires manual verification."
"foothill","Foothill Transit","California","confirmed","2.5 hours","unlimited to local lines and Silver Streak; inter-agency charges may apply","free with TAP for Foothill transfers","TAP or standard fare","https://www.foothilltransit.org/transfers","high","Official source candidates found; policy still requires manual verification."
"avta","Antelope Valley Transit Authority (AVTA)","California","confirmed","2 hours","multiple local routes within validity","free with TAP","TAP or standard fare","https://www.avta.com/order-passes.php","high","Official source candidates found; policy still requires manual verification."
"sdmts","Metropolitan Transit System (San Diego MTS)","California","confirmed","2 hours","not specified","included in fare","PRONTO app or card","https://www.sdmts.com/fares/pronto","high","Official source candidates found; policy still requires manual verification."
"nctd","North County Transit District (NCTD)","California","no_transfer_policy_published","","not published on the official site reviewed","","","https://gonctd.com/fares/fares-passes/","medium","Official site reviewed; no transfer policy was published in the reviewed material."
"riverside","Riverside Transit Agency","California","confirmed","not published for the adult single ride","local transfers are governed by transfer locations and interagency agreements; no general window or count published on the reviewed fare page","partner passes may be accepted for base fare at transfer locations; no general single-ride transfer charge published","cash, pass, or fare media","https://web.riversidetransit.com/index.php/fares-a-passes/fares-a-passes","medium","No transfer policy has been verified. The official-source search is incomplete or produced no candidate page."
"omnitrans","OmniTrans (San Bernardino)","California","no_transfer_policy_published","","not published on the official site reviewed","","","https://omnitrans.org/buy-a-pass/","medium","Official site reviewed; no transfer policy was published in the reviewed material."
"fax","Fresno Area Express (FAX)","California","confirmed","90 minutes","unlimited in any direction on all routes","free with full-paid fare","standard fare","https://www.fresno.gov/transportation/fax/schedule-guide/","high","Official source candidates found; policy still requires manual verification."
"get","Golden Empire Transit District (GET)","California","official-source-candidate","","","","","","unresolved","Official source candidates found; policy still requires manual verification."
"sjrtd","San Joaquin RTD","California","no_transfer_policy_published","","not published on the official site reviewed","","","https://sanjoaquinrtd.com/fares/","medium","Official site reviewed; no transfer policy was published in the reviewed material."
"merced","Merced County Transit (The Bus)","California","confirmed","not published on the current fare page","not published on the current fare page","not published on the current fare page","cash, pass, or fare media","https://mercedthebus.com/131/Fare-Fees","medium","Official source candidates found; policy still requires manual verification."
"start","Stanislaus Regional Transit (StaRT)","California","official-source-candidate","","","","","","unresolved","Official source candidates found; policy still requires manual verification."
"mst","Monterey-Salinas Transit (MST)","California","no_transfer_policy_published","","not published on the official site reviewed","","","http://www.mst.org","medium","Official site reviewed; no transfer policy was published in the reviewed material."
"sbmtd","Santa Barbara Metropolitan Transit District (MTD)","California","no_transfer_policy_published","","not published on the official site reviewed","","","https://sbmtd.gov/fares-passes/","medium","Official site reviewed; no transfer policy was published in the reviewed material."
"slotransit","City of San Luis Obispo Transit","California","no_transfer_policy_published","","not published on the official site reviewed","","","https://www.slocity.org/government/department-directory/public-works/slo-transit-bus","medium","Official site reviewed; no transfer policy was published in the reviewed material."
"slorta","San Luis Obispo Regional Transit Authority (SLORTA)","California","no_transfer_policy_published","","not published on the official site reviewed","","","https://www.slorta.org/schedules-fares/","medium","Official site reviewed; no transfer policy was published in the reviewed material."
"sunline","SunLine Transit Agency (Coachella Valley)","California","confirmed","","not specified","$0.25 or included depending fare media","standard fare or pass","https://www.sunline.org/fares-passes/fares","high","Official source candidates found; policy still requires manual verification."
"rtcsnv","Regional Transportation Commission of Southern Nevada (RTC)","Nevada","no_transfer_policy_published","","not published on the official site reviewed","","","http://www.rtcsnv.com","medium","Official site reviewed; no transfer policy was published in the reviewed material."
"rtcwashoe","Regional Transportation Commission of Washoe County (RTC Washoe)","Nevada","no_transfer_policy_published","","not published on the official site reviewed","","","https://rtcwashoe.com/fares-passes/","medium","Official site reviewed; no transfer policy was published in the reviewed material."
"smat","Santa Maria Area Transit","California","no_transfer_policy_published","","not published on the official site reviewed","","","https://smrt.tripshot.com/","medium","Official site reviewed; no transfer policy was published in the reviewed material."
"valleymetro","Valley Metro (Phoenix)","Arizona","no_transfer_policy_published","","not published on the official site reviewed","","","https://www.valleymetro.org/","medium","Official site reviewed; no transfer policy was published in the reviewed material."
"mountainline","Mountain Line (Flagstaff)","Arizona","no_transfer_policy_published","","not published on the official site reviewed","","","https://mountainline.az.gov/fares-passes-online/","medium","Official site reviewed; no transfer policy was published in the reviewed material."
"mountainmetro","Mountain Metropolitan Transit (Colorado Springs)","Colorado","confirmed","not stated","three free transfers to complete a one-way trip","free with paid fare","cash, ticket, pass, or fare media","https://www.coloradosprings.gov/mountain-metro/page/how-ride","high","No transfer policy has been verified. The official-source search is incomplete or produced no candidate page."
"rtd-denver","Regional Transportation District (RTD Denver)","Colorado","no_transfer_policy_published","","not published on the official site reviewed","","","https://www.rtd-denver.com/community/news/2025/rtd-introduces-tap-n-ride-for-convenient-fare-payment-on-the-go","medium","Official site reviewed; no transfer policy was published in the reviewed material."
"bustang","Bustang (CDOT)","Colorado","no_transfer_policy_published","","not published on the official site reviewed","","","https://www.ridebustang.com/","medium","Official site reviewed; no transfer policy was published in the reviewed material."
"abqride","ABQ RIDE (Albuquerque)","New Mexico","no_transfer_policy_published","","not published on the official site reviewed","","","https://www.cabq.gov/culturalservices/biopark/tickets","medium","Official site reviewed; no transfer policy was published in the reviewed material."
"santafetrails","Santa Fe Trails","New Mexico","no_transfer_policy_published","","not published on the official site reviewed","","","https://passiogo.com/","medium","Official site reviewed; no transfer policy was published in the reviewed material."
"capmetro","Capital Metro (Austin)","Texas","no_transfer_policy_published","","not published on the official site reviewed","","","https://www.capmetro.org/ride/purchase/fares-passes","medium","Official site reviewed; no transfer policy was published in the reviewed material."
"dart","Dallas Area Rapid Transit (DART)","Texas","no_transfer_policy_published","","not published on the official site reviewed","","","https://www.dart.org/guide/safety-and-security/passenger-guide-to-safety-and-security","medium","Official site reviewed; no transfer policy was published in the reviewed material."
"trinitymetro","Trinity Metro (Fort Worth)","Texas","no_transfer_policy_published","","not published on the official site reviewed","","","https://ridetrinitymetro.org/tickets/","medium","Official site reviewed; no transfer policy was published in the reviewed material."
"metrohouston","METRO Houston","Texas","confirmed","3 hours","free transfers between listed METRO services; fare difference for Park & Ride","included; fare difference may apply","RideMETRO card, contactless, mobile wallet, or pass","https://www.ridemetro.org/fares/all-about-fares","high","Official source candidates found; policy still requires manual verification."
"via","VIA Metropolitan Transit (San Antonio)","Texas","confirmed","2.5 hours","connect from one bus to another","free","standard fare or goMobile","https://www.viainfo.net/rates/","high","Official source candidates found; policy still requires manual verification."
"embark","Embark (Oklahoma City)","Oklahoma","no_transfer_policy_published","","not published on the official site reviewed","","","https://www.ou.edu/cart","medium","Official site reviewed; no transfer policy was published in the reviewed material."
"rockregion","Rock Region Metro (Little Rock)","Arkansas","no_transfer_policy_published","","not published on the official site reviewed","","","https://rrmetro.org/fares/","medium","Official site reviewed; no transfer policy was published in the reviewed material."
"nashvillemta","Nashville MTA WeGo Public Transit","Tennessee","confirmed","2 hours","unlimited within validity","included in fare","standard fare","https://www.wegotransit.com/buy/fare-information/","high","Official source candidates found; policy still requires manual verification."
"mata","Memphis Area Transit Authority","Tennessee","no_transfer_policy_published","","not published on the official site reviewed","","","https://www.matatransit.com/bus/reduced-fares-program/","medium","Official site reviewed; no transfer policy was published in the reviewed material."
"norta","New Orleans Regional Transit Authority (NORTA)","Louisiana","no_transfer_policy_published","","not published on the official site reviewed","","","https://www.norta.com/ride-with-us/how-to-pay/fares","medium","Official site reviewed; no transfer policy was published in the reviewed material."
"cincinnatimetro","Cincinnati Metro (SORTA)","Ohio","confirmed","120 minutes","up to 2 buses","free with Transit App/EZFare or Hamilton County 5-ride ticket","Transit App/EZFare or local 5-ride ticket","https://www.go-metro.com/fares-passes/fare-information/","high","Official source candidates found; policy still requires manual verification."
"tarc","Transit Authority of River City (Louisville)","Kentucky","confirmed","2 hours with MyTARC Mobile or MyTARC card","transfer trips included within the window; cash single ride has no transfers","included with electronic single ride; cash requires another fare","cash, MyTARC card, or MyTARC Mobile","https://www.ridetarc.org/fare/fare-structure/","high","Official source candidates found; policy still requires manual verification."
"mcts","Milwaukee County Transit System (MCTS)","Wisconsin","no_transfer_policy_published","","not published on the official site reviewed","","","https://www.ridemcts.com/fares-passes","medium","Official site reviewed; no transfer policy was published in the reviewed material."
"metrostlouis","Metro St. Louis","Missouri","confirmed","not stated for the current fare system","free transfers between MetroBus and MetroLink; current fare page notes temporary suspension of paper transfers","free for eligible fare media","cash, Transit app, Ride On card, or ticket vending machine","https://www.metrostlouis.org/fares-and-passes/","medium","Official source candidates found; policy still requires manual verification."
"kcata","Kansas City Area Transportation Authority (KCATA)","Missouri","no_transfer_policy_published","","not published on the official site reviewed","","","https://ridekc.org/fares-passes/","medium","Official site reviewed; no transfer policy was published in the reviewed material."
"omahametro","Omaha Metro","Nebraska","confirmed","90 minutes weekdays; 120 minutes weekends","continuous travel in the same direction on up to three buses","free on regular fare; 25-cent transfer fare for certain ORBT purchases","cash, paper ticket, Umo, or smart card","https://www.ometro.com/fares/","high","Official source candidates found; policy still requires manual verification."
"ladot","Los Angeles Department of Transportation (LADOT/DASH)","California","no_transfer_policy_published","","not published on the official site reviewed","","","https://buyfares.ladottransit.com/","medium","Official site reviewed; no transfer policy was published in the reviewed material."
"culvercitybus","Culver City Bus","California","no_transfer_policy_published","","not published on the official site reviewed","","","https://www.culvercitybus.com/Fares","medium","Official site reviewed; no transfer policy was published in the reviewed material."
"santaclarita","Santa Clarita Transit","California","no_transfer_policy_published","","not published on the official site reviewed","","","https://santaclaritatransit.com/fares-passes/","medium","Official site reviewed; no transfer policy was published in the reviewed material."
"montebello","Montebello Bus Lines","California","official-source-candidate","","","","","","unresolved","Official source candidates found; policy still requires manual verification."
"burbankbus","BurbankBus","California","no_transfer_policy_published","","not published on the official site reviewed","","","https://www.burbankca.gov/student-free-fare","medium","Official site reviewed; no transfer policy was published in the reviewed material."
"glendalebeeline","Glendale Beeline","California","no_transfer_policy_published","","not published on the official site reviewed","","","http://glendalebeeline.com/","medium","Official site reviewed; no transfer policy was published in the reviewed material."
"pasadenatransit","Pasadena Transit","California","no_transfer_policy_published","","not published on the official site reviewed","","","https://www.cityofpasadena.net/pasadena-transit/","medium","Official site reviewed; no transfer policy was published in the reviewed material."
"norwalktransit","Norwalk Transit System","California","confirmed","2 hours on local routes with TAP","not specified","free with TAP; $0.50 to intercity routes","TAP or standard fare","https://www.norwalk.org/departments_services/norwalk_transit_system_nts/fares_and_schedules.php","high","Official source candidates found; policy still requires manual verification."
"pvpta","Palos Verdes Peninsula Transit Authority (PVPTA)","California","no_transfer_policy_published","","not published on the official site reviewed","","","https://palosverdes.com/pvtransit/index.cfm?pg=passes","medium","Official site reviewed; no transfer policy was published in the reviewed material."
"gtrans","GTrans (Gardena Municipal Bus Lines)","California","confirmed","2 hours","not specified","listed transfer fare applies","cash or TAP","https://ridegtrans.com/fares/","high","Official source candidates found; policy still requires manual verification."
"vvta","Victor Valley Transit Authority (VVTA)","California","no_transfer_policy_published","","not published on the official site reviewed","","","https://vvta.org/fares","medium","Official site reviewed; no transfer policy was published in the reviewed material."
"vctc","Ventura County Transportation Commission (VCTC Intercity)","California","confirmed","","two buses traveling in the same direction","most transfers free","standard fare or transfer","https://www.goventura.org/ride-vctc/fares/","high","Official source candidates found; policy still requires manual verification."
"elmonte","El Monte Transit","California","no_transfer_policy_published","not published for the adult single ride","the official fixed-route fare page does not publish a transfer period or limit","not published","cash or fare media","https://www.ci.el-monte.ca.us/327/Trolleys","medium","Official source candidates found; policy still requires manual verification."
"cta","Chicago Transit Authority (CTA)","Illinois","no_transfer_policy_published","","not published on the official site reviewed","","","https://www.transitchicago.com/fares/","medium","Official site reviewed; no transfer policy was published in the reviewed material."
"metra","Metra (Chicago)","Illinois","no_transfer_policy_published","","not published on the official site reviewed","","","http://www.metrarail.com/","medium","Official site reviewed; no transfer policy was published in the reviewed material."
"pace-bus","Pace Bus (Chicago suburbs)","Illinois","confirmed","","none with cash payments","not available with cash","cash or Ventra","https://www.pacebus.com/fares","high","Official source candidates found; policy still requires manual verification."
"marta","MARTA (Atlanta)","Georgia","confirmed","3 hours","up to 4 transfers","free","standard fare","https://itsmarta.com/fare-programs.aspx","high","Official source candidates found; policy still requires manual verification."
"cobblinc","CobbLinc (Marietta, GA)","Georgia","no_transfer_policy_published","","not published on the official site reviewed","","","https://www.cobbcounty.gov/transportation/cobb-transit-service-cobblinc/fares-transfers","medium","Official site reviewed; no transfer policy was published in the reviewed material."
"gwinnett-transit","Gwinnett County Transit","Georgia","confirmed","3 hours","four free transfers between routes and services; higher-fare upcharges may apply","free with electronic fare media; cash cannot receive free MARTA transfers","Breeze Card/app, contactless card, or cash","https://www.gwinnettcounty.com/government/departments/transportation/gwinnett-county-transit/passes-tickets","high","No transfer policy has been verified. The official-source search is incomplete or produced no candidate page."
"miami-dade-transit","Miami-Dade Transit","Florida","no_transfer_policy_published","","not published on the official site reviewed","","","https://www.miamidade.gov/global/transportation/transit-pass.page","medium","Official site reviewed; no transfer policy was published in the reviewed material."
"broward-transit","Broward County Transit","Florida","no_transfer_policy_published","","not published on the official site reviewed","","","https://www.broward.org/bct/fares","medium","Official site reviewed; no transfer policy was published in the reviewed material."
"transfort","Transfort (Fort Collins)","Colorado","confirmed","not applicable; current service is fare-free","unlimited boarding without a fare","$0","fare-free boarding","https://www.fortcollins.gov/Department-Directory/Transfort","high","Official source candidates found; policy still requires manual verification."
"septa","SEPTA (Philadelphia)","Pennsylvania","confirmed","2 hours","up to 2 transfers","free with SEPTA Key or contactless","SEPTA Key or contactless","https://wwww.septa.org/fares/","high","Official source candidates found; policy still requires manual verification."
"wmata","WMATA (Washington, DC)","Washington DC","no_transfer_policy_published","","not published on the official site reviewed","","","https://www.wmata.com/pay/fare-programs.html","medium","Official site reviewed; no transfer policy was published in the reviewed material."
"vre","Virginia Railway Express (VRE)","Virginia","no_transfer_policy_published","","not published on the official site reviewed","","","https://www.vre.org/service/buying-tickets/","medium","Official site reviewed; no transfer policy was published in the reviewed material."
"marc","MARC Train (MTA Maryland)","Maryland","no_transfer_policy_published","","not published on the official site reviewed","","","https://www.mta.maryland.gov/regular-fares","medium","Official site reviewed; no transfer policy was published in the reviewed material."
"rideon","Ride On (Montgomery County)","Maryland","no_transfer_policy_published","","not published on the official site reviewed","","","https://www.montgomerycountymd.gov/department-transportation/ride-montgomery-county/fares-ride","medium","Official site reviewed; no transfer policy was published in the reviewed material."
"fairfax","Fairfax Connector","Virginia","no_transfer_policy_published","","not published on the official site reviewed","","","http://www.fairfaxcounty.gov/connector/routes/","medium","Official site reviewed; no transfer policy was published in the reviewed material."
"art","Arlington Transit","Virginia","confirmed","2 hours","transfers to ART/Metrobus free; Metrorail discount applies","free to ART or Metrobus; Metrorail discount","SmarTrip or iRide","http://www.arlingtontransit.com/rider-info-fares/fares/","high","Official source candidates found; policy still requires manual verification."
"dash","DASH (Alexandria)","Virginia","no_transfer_policy_published","","not published on the official site reviewed","","","https://www.dashbus.com/free/","medium","Official site reviewed; no transfer policy was published in the reviewed material."
"nyct-subway","MTA NYCT Subway","New York","no_transfer_policy_published","","not published on the official site reviewed","","","http://www.mta.info","medium","Official site reviewed; no transfer policy was published in the reviewed material."
"nyct-bus-manhattan","MTA NYCT Bus (Manhattan)","New York","no_transfer_policy_published","","not published on the official site reviewed","","","http://www.mta.info","medium","Official site reviewed; no transfer policy was published in the reviewed material."
"nyct-bus-brooklyn","MTA NYCT Bus (Brooklyn)","New York","no_transfer_policy_published","","not published on the official site reviewed","","","http://www.mta.info","medium","Official site reviewed; no transfer policy was published in the reviewed material."
"nyct-bus-queens","MTA NYCT Bus (Queens)","New York","no_transfer_policy_published","","not published on the official site reviewed","","","http://www.mta.info","medium","Official site reviewed; no transfer policy was published in the reviewed material."
"nyct-bus-bronx","MTA NYCT Bus (Bronx)","New York","no_transfer_policy_published","","not published on the official site reviewed","","","http://www.mta.info","medium","Official site reviewed; no transfer policy was published in the reviewed material."
"nyct-bus-si","MTA NYCT Bus (Staten Island)","New York","no_transfer_policy_published","","not published on the official site reviewed","","","http://www.mta.info","medium","Official site reviewed; no transfer policy was published in the reviewed material."
"lirr","MTA Long Island Rail Road","New York","no_transfer_policy_published","","not published on the official site reviewed","","","https://new.mta.info/agency/long-island-rail-road","medium","Official site reviewed; no transfer policy was published in the reviewed material."
"mnr","Metro-North Railroad (MNR)","New York","no_transfer_policy_published","","not published on the official site reviewed","","","http://www.mta.info/mnr","medium","Official site reviewed; no transfer policy was published in the reviewed material."
"njt-rail","NJ Transit Rail","New Jersey","no_transfer_policy_published","","not published on the official site reviewed","","","https://www.njtransit.com/webtickets","medium","Official site reviewed; no transfer policy was published in the reviewed material."
"njt-bus","NJ Transit Bus","New Jersey","no_transfer_policy_published","","not published on the official site reviewed","","","https://www.njtransit.com/webtickets","medium","Official site reviewed; no transfer policy was published in the reviewed material."
"path","PATH (Port Authority Trans-Hudson)","New Jersey","no_transfer_policy_published","","not published on the official site reviewed","","","http://www.panynj.gov/path/","medium","Official site reviewed; no transfer policy was published in the reviewed material."
"beeline","Westchester County Bee-Line System (BeeLine)","New York","confirmed","2 hours for MetroCard transfers; paper transfers are issued at boarding","one free paper transfer; MetroCard transfers exclude the same route initially boarded","free","cash or Pay-Per-Ride MetroCard","https://transportation.westchestergov.com/component/content/article?Itemid=0&id=640","high","No transfer policy has been verified. The official-source search is incomplete or produced no candidate page."
"nice","Nassau Inter-County Express (NICE Bus)","New York","no_transfer_policy_published","","not published on the official site reviewed","","","https://www.nicebus.com/Fares-Passes/Learn-more-about-fares-and-passes#regularfare","medium","Official site reviewed; no transfer policy was published in the reviewed material."
"tor","Transport of Rockland (TOR)","New York","no_transfer_policy_published","","not published on the official site reviewed","","","http://rocklandgov.com/departments/public-transportation/transport-of-rockland/","medium","Official site reviewed; no transfer policy was published in the reviewed material."
"sct","Suffolk County Transit (SCT)","New York","confirmed","","not specified","$0.25 surcharge","standard fare","https://sctbus.org/System-Information","medium","Official source candidates found; policy still requires manual verification."
"part","Putnam Area Rapid Transit (PART)","New York","official-source-candidate","","","","","","unresolved","Official source candidates found; policy still requires manual verification."
"dutchess","Dutchess County Public Transit","New York","no_transfer_policy_published","","not published on the official site reviewed","","","https://www.dutchessny.gov/Departments/Public-Transit/Routes","medium","Official site reviewed; no transfer policy was published in the reviewed material."
"metro-transit","Metro Transit (Minneapolis)","Minnesota","confirmed","2.5 hours","not specified","included in fare","standard fare","https://www.metrotransit.org/fares","high","Official source candidates found; policy still requires manual verification."
"port-authority-pa","Port Authority of Allegheny County","Pennsylvania","confirmed","3 hours","unlimited within validity for stored-value fare","included in stored-value fare","ConnectCard or mobile ticket; cash single ride","https://www.rideprt.org/fares-and-passes/fare-information/","high","Official source candidates found; policy still requires manual verification."
"ata","Area Transportation Authority (ATA)","Pennsylvania","no_transfer_policy_published","","not published on the official site reviewed","","","https://www.rideata.com/fares-and-passes","medium","Official site reviewed; no transfer policy was published in the reviewed material."
"albemarle-county","Charlottesville Area Transit (CAT)","Virginia","no_transfer_policy_published","","not published on the official site reviewed","","","https://charlottesville.gov/539/Fare-Options","medium","Official site reviewed; no transfer policy was published in the reviewed material."
"chemung-county","Chemung County C-TRAN","New York","no_transfer_policy_published","","not published on the official site reviewed","","","https://c-tran.passiogo.com/","medium","Official site reviewed; no transfer policy was published in the reviewed material."
"decatur","Decatur Public Transit System","Illinois","no_transfer_policy_published","","not published on the official site reviewed","","","https://decaturil.gov/616/Fixed-Route-Passenger-Guide","medium","Official site reviewed; no transfer policy was published in the reviewed material."
"essex-county","Cape Ann Transportation Authority (CATA)","Massachusetts","official-source-candidate","","","","","","unresolved","Official source candidates found; policy still requires manual verification."
"fort-mcmurray","Regional Municipality of Wood Buffalo Transit","Alberta","no_transfer_policy_published","","not published on the official site reviewed","","","http://www.rmwb.ca","medium","Official site reviewed; no transfer policy was published in the reviewed material."
"fort-smith","City of Fort Smith","Arkansas","no_transfer_policy_published","","not published on the official site reviewed","","","https://www.fortsmithar.gov/government/departments/transit","medium","Official site reviewed; no transfer policy was published in the reviewed material."
"janesville","Janesville Transit System","Wisconsin","no_transfer_policy_published","","not published on the official site reviewed","","","http://www.ci.janesville.wi.us/index.aspx?page=124","medium","Official site reviewed; no transfer policy was published in the reviewed material."
"kaua-i-county","The Kauai Bus","Hawaii","no_transfer_policy_published","","not published on the official site reviewed","","","https://apps.apple.com/us/app/kauai-bus-etickets/id6673917659","medium","Official site reviewed; no transfer policy was published in the reviewed material."
"los-alamos-county","Atomic City Transit","New Mexico","no_transfer_policy_published","","not published on the official site reviewed","","","https://www.losalamosnm.gov/Business/Apply-for-a-permit/Overpass-Banner-Permits","medium","Official site reviewed; no transfer policy was published in the reviewed material."
"marathon-county","Metro Ride","Wisconsin","no_transfer_policy_published","","not published on the official site reviewed","","","https://www.ci.wausau.wi.us/Departments/MetroRide.aspx","medium","Official site reviewed; no transfer policy was published in the reviewed material."
"mason-city","Mason City Public Transit","Iowa","no_transfer_policy_published","","not published on the official site reviewed","","","http://www.masoncity.net/pview.aspx?id=18070&amp;catid=477","medium","Official site reviewed; no transfer policy was published in the reviewed material."
"maui-county","Maui County Transit","Hawaii","no_transfer_policy_published","","not published on the official site reviewed","","","https://www.mauicounty.gov/CivicAlerts.aspx?AID=19537","medium","Official site reviewed; no transfer policy was published in the reviewed material."
"medicine-hat","Medicine Hat Transit","Alberta","official-source-candidate","","","","","","unresolved","Official source candidates found; policy still requires manual verification."
"muscogee-county","METRA","Georgia","no_transfers","not applicable","no transfers issued; an additional fare is required when changing routes","additional adult fare required","cash, one-way ticket, swipe card, or pass","https://www.columbusga.gov/Portals/metra/resources/Riding%20METRA/RidersGuideEnglish12.1.24.pdf","high","Official source candidates found; policy still requires manual verification."
"nash-county","Tar River Transit","North Carolina","confirmed","","not specified","free","standard fare","https://tarrivertransit.org/ride-guide/tickets/","medium","Official source candidates found; policy still requires manual verification."
"rock-county","Beloit Transit System","Wisconsin","research-incomplete","","","","","","unresolved","No transfer policy has been verified. The official-source search is incomplete or produced no candidate page."
"sheboygan-county","Shoreline Metro","Wisconsin","no_transfer_policy_published","","not published on the official site reviewed","","","https://www.sheboyganwi.gov/348/Fares","medium","Official site reviewed; no transfer policy was published in the reviewed material."
"washington-county","Johnson City Transit","Tennessee","confirmed","","not specified","free","standard fare","https://www.johnsoncitytransit.org/fares.html","high","Official source candidates found; policy still requires manual verification."
"whitman-county","City of Pullman","Washington","no_transfer_policy_published","","not published on the official site reviewed","","","https://www.pullman-wa.gov/services/transit/youth_fare_free_policy.php","medium","Official site reviewed; no transfer policy was published in the reviewed material."
"beaver-county","Beaver County Transit Authority","Pennsylvania","confirmed","2 hours","1 free transfer in the same direction","included in single ride","cash or mobile ticket","https://bcta.com/fares/?lang=en","high","Official source candidates found; policy still requires manual verification."
"butler-pa","Butler Transit Authority","Pennsylvania","no_transfer_policy_published","","not published on the official site reviewed","","","http://www.butlertransitauthority.com/commuter-fares","medium","Official site reviewed; no transfer policy was published in the reviewed material."
"camtran","CamTran","Pennsylvania","confirmed","120 minutes","continue trip in same direction; no return trip","$0.30","standard fare or paper ticket","https://pay.camtranbus.com/faq","high","Official source candidates found; policy still requires manual verification."
"fact","Fayette Area Coordinated Transportation","Pennsylvania","official-source-candidate","","","","","","unresolved","Official source candidates found; policy still requires manual verification."
"freedom-transit","Freedom Transit","Pennsylvania","official-source-candidate","","","","","","unresolved","Official source candidates found; policy still requires manual verification."
"indigo","IndiGO","Pennsylvania","no_transfer_policy_published","","not published on the official site reviewed","","","https://www.indigobus.com/fares","medium","Official site reviewed; no transfer policy was published in the reviewed material."
"mmvta","Mid Mon Valley Transit","Pennsylvania","no_transfer_policy_published","","not published on the official site reviewed","","","https://www.mmvta.com/","medium","Official site reviewed; no transfer policy was published in the reviewed material."
"new-castle","New Castle Area Transit Authority","Pennsylvania","confirmed","","route-specific; no transfers accepted on Route 75","free on listed local service; route exceptions apply","standard fare","https://newcastletransit.org/fares/","high","Official source candidates found; policy still requires manual verification."
"westmoreland","Westmoreland Transit","Pennsylvania","no_transfer_policy_published","","not published on the official site reviewed","","","https://www.westmorelandtransit.com/fares/","medium","Official site reviewed; no transfer policy was published in the reviewed material."
"uta","Utah Transit Authority (UTA)","Utah","confirmed","2 hours","not specified","included in fare","standard fare","https://web.rideuta.com/Fares-And-Passes/Individual-Fares/Current-Fares","high","Official source candidates found; policy still requires manual verification."
"jta","Jacksonville Transportation Authority (JTA)","Florida","no_transfer_policy_published","","not published on the official site reviewed","","","https://www.jtafla.com/rider-guide/fares-passes/","medium","Official site reviewed; no transfer policy was published in the reviewed material."
"cats","Charlotte Area Transit System (CATS)","North Carolina","confirmed","105 minutes or next connecting bus; electronic products may use 2 hours","transfer issued when fare is paid; route and boarding exceptions apply","included in fare","cash transfer, CATS-Pass, or contactless","https://www.charlottenc.gov/CATS/Fares-Passes","high","Official source candidates found; policy still requires manual verification."
"goraleigh","GoRaleigh (Capital Area Transit)","North Carolina","no_transfer_policy_published","","not published on the official site reviewed","","","https://goraleigh.org/goraleigh-fares-passes","medium","Official site reviewed; no transfer policy was published in the reviewed material."
"gotriangle","GoTriangle (Raleigh-Durham)","North Carolina","no_transfer_policy_published","","not published on the official site reviewed","","","https://gotriangle.org/fares-and-passes/#discounts","medium","Official site reviewed; no transfer policy was published in the reviewed material."
"indygo","IndyGo (Indianapolis)","Indiana","confirmed","2 hours","unlimited within validity","included in fare","standard fare media","https://www.indygo.net/fares-and-passes/","high","Official source candidates found; policy still requires manual verification."
"mta-maryland","Maryland Transit Administration (MTA Maryland)","Maryland","no_transfer_policy_published","","not published on the official site reviewed","","","https://www.mta.maryland.gov/regular-fares","medium","Official site reviewed; no transfer policy was published in the reviewed material."
"hart","Hillsborough Area Regional Transit (HART)","Florida","no_transfer_policy_published","","not published on the official site reviewed","","","https://www.gohart.org/Pages/fares-cards.aspx","medium","Official site reviewed; no transfer policy was published in the reviewed material."
"tampa-international-airport","Tampa International Airport","","no_transfer_policy_published","","not published on the official site reviewed","","","https://www.tampaairport.com/departing-passenger-guide","medium","Official site reviewed; no transfer policy was published in the reviewed material."
"lynx","LYNX (Central Florida)","Florida","confirmed","90 minutes","not valid on same link or for round trips","included in single ride","standard fare","https://www.golynx.com/fares-passes","high","Official source candidates found; policy still requires manual verification."
"thebus","TheBus (Honolulu)","Hawaii","confirmed","2 hours with HOLO","not specified","included with HOLO; cash has no transfers","HOLO or cash","http://www.thebus.org/Fare/FareAndPasses.asp","high","Official source candidates found; policy still requires manual verification."
"ripta","Rhode Island Public Transit Authority (RIPTA)","Rhode Island","no_transfer_policy_published","","not published on the official site reviewed","","","http://www.ripta.com/","medium","Official site reviewed; no transfer policy was published in the reviewed material."
"valley-regional-transit","Valley Regional Transit (Boise)","Idaho","no_transfer_policy_published","","not published on the official site reviewed","","","https://www.valleyregionaltransit.org/fares-passes/youth-ride-free/","medium","Official site reviewed; no transfer policy was published in the reviewed material."
"psta","Pinellas Suncoast Transit Authority (PSTA)","Florida","no_transfer_policy_published","","not published on the official site reviewed","","","https://psta.net/rider-info/fares/","medium","Official site reviewed; no transfer policy was published in the reviewed material."
"palm-tran","Palm Tran (West Palm Beach)","Florida","no_transfer_policy_published","","not published on the official site reviewed","","","https://www.palmtran.org/fares-passes/","medium","Official site reviewed; no transfer policy was published in the reviewed material."
"sunrail","SunRail (Orlando)","Florida","confirmed","","transfer upgrade required for connecting bus service","transfer upgrade varies by connection","SunRail ticket or SunCard","https://sunrail.com/fares-passes/fares/","high","Official source candidates found; policy still requires manual verification."
"votran","Votran (Volusia County)","Florida","no_transfer_policy_published","","not published on the official site reviewed","","","https://www.votran.org/take-a-trip/bus-fares-passes.stml","medium","Official site reviewed; no transfer policy was published in the reviewed material."
"chapel-hill-transit","Chapel Hill Transit","North Carolina","confirmed","not applicable; fixed-route service is fare-free","unlimited boarding without a fare","$0","fare-free boarding","https://www.chapelhillnc.gov/Town-Government/Departments-and-Offices/Transit","high","Official source candidates found; policy still requires manual verification."
"mvta","Minnesota Valley Transit Authority (MVTA)","Minnesota","no_transfer_policy_published","","not published on the official site reviewed","","","https://www.mvta.com/fares/","medium","Official site reviewed; no transfer policy was published in the reviewed material."
"xpress-ga","Xpress (Georgia Regional)","Georgia","no_transfer_policy_published","","not published on the official site reviewed","","","https://xpressga.com/passes/","medium","Official site reviewed; no transfer policy was published in the reviewed material."
"omniride","OmniRide (PRTC)","Virginia","confirmed","not published as a general time window","transfer credit depends on the service or pass; no transfer credit is given between OmniRide/Metro Express buses and Metrorail","varies by transfer arrangement","OmniRide fare or qualifying VRE pass","https://www.omniride.com/services/general-rider-information/fares-and-transfers/","high","No transfer policy has been verified. The official-source search is incomplete or produced no candidate page."
"loudoun-transit","Loudoun County Transit","Virginia","no_transfer_policy_published","","not published on the official site reviewed","","","https://www.loudoun.gov/2472/Fares","medium","Official site reviewed; no transfer policy was published in the reviewed material."
"cue-bus","CUE Bus (Fairfax)","Virginia","confirmed","2 hours","transfers to or from CUE, Metrobus, regional buses, or Metrorail","reduced fare with SmarTrip; paper transfers are not valid","SmarTrip card","https://www.fairfaxcounty.gov/housing/sites/housing/files/Assets/documents/One%20University/One%20University%20-%20Traffic%20Impact%20Study%20-%20November%202018.pdf","medium","No transfer policy has been verified. The official-source search is incomplete or produced no candidate page."
"pgc-the-bus","Prince George's County (The Bus)","Maryland","no_transfer_policy_published","","not published on the official site reviewed","","","https://www.princegeorgescountymd.gov/1120/Countys-TheBus","medium","Official site reviewed; no transfer policy was published in the reviewed material."
"dc-streetcar","DC Streetcar","Washington DC","no_transfer_policy_published","","not published on the official site reviewed","","","https://www.dcstreetcar.com/","medium","Official site reviewed; no transfer policy was published in the reviewed material."
"fred-transit","Fredericksburg Regional Transit","Virginia","no_transfer_policy_published","","not published on the official site reviewed","","","https://www.fredericksburgva.gov/1684/Fares","medium","Official site reviewed; no transfer policy was published in the reviewed material."
"hrt","Hampton Roads Transit","Virginia","no_transfer_policy_published","","not published on the official site reviewed","","","https://gohrt.com/alert/63058/","medium","Official site reviewed; no transfer policy was published in the reviewed material."
"bay-transit","Bay Transit","Virginia","confirmed","not published on the current fare page","not published on the current fare page","not published on the current fare page","cash, tickets, or Bay Transit Express app","https://baytransit.org/","medium","Official source candidates found; policy still requires manual verification."
"wata","Williamsburg Area Transit Authority","Virginia","confirmed","not published on the current fare page","not published on the current fare page","not published on the current fare page","cash, one-ride fare, all-day pass, or Transit app","https://www.gowata.org/101/Fares?agency_id=WATA&intent=info","medium","Official source candidates found; policy still requires manual verification."
"dart-first-state","DART First State (Wilmington, DE)","Delaware","confirmed","not stated","specific transfer locations are defined by route maps; no general transfer count or validity window published","not stated","cash, DART Pass mobile app, pass, or DART ticket","https://dartfirststate.com/RiderInfo/Fares/index.shtml","medium","Official source candidates found; policy still requires manual verification."
"starmetro","StarMetro (Tallahassee)","Florida","confirmed","90 minutes","up to two transfers","included in the transfer ticket","cash fare and transfer ticket, pass, or fare media","https://user.talgov.com/starmetro/starmetro-fares","high","Official source candidates found; policy still requires manual verification."
"max-transit","MAX Transit (Birmingham)","Alabama","no_transfer_policy_published","","not published on the official site reviewed","","","https://maxtransit.org/fares-and-passes/","medium","Official site reviewed; no transfer policy was published in the reviewed material."
"montgomery-transit","Montgomery Transit (The M)","Alabama","confirmed","2 hours","unlimited transfers during the time window","free with SmarTrip","SmarTrip card","https://www.montgomerycountymd.gov/department-transportation/ride-montgomery-county/fares-ride","high","No transfer policy has been verified. The official-source search is incomplete or produced no candidate page."
"carta","Charleston Area Regional Transportation Authority (CARTA)","South Carolina","research-incomplete","","","","","","unresolved","No transfer policy has been verified. The official-source search is incomplete or produced no candidate page."
"cat-savannah","Chatham Area Transit (CAT)","Georgia","confirmed","90 minutes","one-way local-route connections; not valid on express routes or the same route issued","free","cash, ticket, or fare media; request before paying","https://catchacat.org/fares-passes/","high","Official source candidates found; policy still requires manual verification."
"tulsa-transit","Tulsa Transit (MTTA)","Oklahoma","no_transfer_policy_published","","not published on the official site reviewed","","","http://www.tulsatransit.org","medium","Official site reviewed; no transfer policy was published in the reviewed material."
"sun-tran","Sun Tran (Tucson)","Arizona","no_transfer_policy_published","","not published on the official site reviewed","","","https://www.suntran.com/fares-passes/","medium","Official site reviewed; no transfer policy was published in the reviewed material."
"ycat","Yuma County Area Transit","Arizona","no_transfers","","none","not available with one-way fare","standard fare","https://www.yumaycat.gov/fares","high","Official source candidates found; policy still requires manual verification."
"comet","The COMET (Columbia, SC)","South Carolina","confirmed","60 minutes","not specified; Soda Cap connectors excluded","free","standard fare","https://catchthecometsc.gov/passes-fares/","high","Official source candidates found; policy still requires manual verification."
"greenlink","GreenLink (Greenville, SC)","South Carolina","no_transfer_policy_published","","not published on the official site reviewed","","","http://ridegreenlink.com/","medium","Official site reviewed; no transfer policy was published in the reviewed material."
"carta-chattanooga","Chattanooga Area Regional Transportation Authority","Tennessee","no_transfer_policy_published","","not published on the official site reviewed","","","https://www.gocarta.org/carta-compass/","medium","Official site reviewed; no transfer policy was published in the reviewed material."
"citilink-fw","Citilink (Fort Wayne, IN)","Indiana","no_transfer_policy_published","","not published on the official site reviewed","","","https://fwcitilink.com/bus-passes-store/","medium","Official site reviewed; no transfer policy was published in the reviewed material."
"gptc","Gary Public Transportation Corporation (Gary, IN)","Indiana","confirmed","2 hours","two additional rides after the original fare, for three rides total","free local-to-local and regional-route transfers; local-to-regional fee applies","cash, pass, or mobile ticket","https://gptcbus.com/fares/","high","Official source candidates found; policy still requires manual verification."
"bata","Bay Area Transportation Authority (Traverse City)","Michigan","confirmed","90 minutes Village/Link; 40 minutes City Loop","not specified","included in fare","standard fare","https://www.bata.net/fares/flashfare-faq.html","high","Official source candidates found; policy still requires manual verification."
"citylink-peoria","CityLink (Peoria, IL)","Illinois","no_transfers","","none","not available; a fare is required for each boarding","cash, Day Pass, or 30-Day Pass","https://www.ridecitylink.org/fares/","high","Official source candidates found; policy still requires manual verification."
"cedar-rapids","Cedar Rapids Transit","Iowa","official-source-candidate","","","","","","unresolved","Official source candidates found; policy still requires manual verification."
"matbus","MATBUS (Fargo, ND)","North Dakota","no_transfer_policy_published","","not published on the official site reviewed","","","https://www.matbus.com/riding-matbus/fares-passes","medium","Official site reviewed; no transfer policy was published in the reviewed material."
"duluth-transit","Duluth Transit Authority","Minnesota","confirmed","1 hour after issue","valid on any other DTA route","free","cash, fare card, mobile ticket, or pass","https://www.duluthtransit.com/home/getting-there/fares-and-passes/","high","Official source candidates found; policy still requires manual verification."
"grtc","GRTC Transit (Richmond, VA)","Virginia","no_transfer_policy_published","","not published on the official site reviewed","","","http://www.ridegrtc.com","medium","Official site reviewed; no transfer policy was published in the reviewed material."
"valley-metro-roanoke","Valley Metro (Roanoke, VA)","Virginia","official-source-candidate","","","","","","unresolved","Official source candidates found; policy still requires manual verification."
"gltc","Greater Lynchburg Transit Company","Virginia","confirmed","","none","not available","standard fare","https://gltconline.com/gltc-fares/","high","Official source candidates found; policy still requires manual verification."
"dayton","Greater Dayton RTA","Ohio","official-source-candidate","","","","","","unresolved","Official source candidates found; policy still requires manual verification."
"youngstown-wrta","Western Reserve Transit Authority (Youngstown)","Ohio","no_transfer_policy_published","","not published on the official site reviewed","","","https://www.wrtaonline.com/fares-and-passes/","medium","Official site reviewed; no transfer policy was published in the reviewed material."
"sun-metro","Sun Metro (El Paso)","Texas","confirmed","2 hours","one-time use at designated transfer points; not valid on issuing or returning routes","free","cash fare, ticket, pass, or fare media","https://sunmetro.net/fares/fares-and-passes","high","Official source candidates found; policy still requires manual verification."
"b-line","B-Line (Corpus Christi RTA)","Texas","no_transfer_policy_published","","not published on the official site reviewed","","","https://www.ccrta.org/","medium","Official site reviewed; no transfer policy was published in the reviewed material."
"citibus","Citibus (Lubbock)","Texas","no_transfer_policy_published","","not published on the official site reviewed","","","https://citibus.com/citibus-pass/","medium","Official site reviewed; no transfer policy was published in the reviewed material."
"amarillo","Amarillo City Transit","Texas","no_transfer_policy_published","","not published on the official site reviewed","","","https://amarillo.gov/departments/community-services/transit","medium","Official site reviewed; no transfer policy was published in the reviewed material."
"missoula","Mountain Line (Missoula)","Montana","no_transfer_policy_published","","not published on the official site reviewed","","","https://mountainline.com/sustainability/zero-fare/","medium","Official site reviewed; no transfer policy was published in the reviewed material."
"sportran","SporTran (Shreveport)","Louisiana","confirmed","unlimited while the Zero Fare program applies","unlimited rides; no transfer purchase or limit is required","free","none required","https://www.sportran.org/m/faq?cat=15","high","Official source candidates found; policy still requires manual verification."
"billings","MET Transit (Billings)","Montana","official-source-candidate","","","","","","unresolved","Official source candidates found; policy still requires manual verification."
"ecat","ECAT (Escambia County)","Florida","confirmed","2 hours","not specified","included in transfer policy","standard fare","https://goecat.com/fares-ids/fare-rules-policies","high","Official source candidates found; policy still requires manual verification."
"rts","RTS (Gainesville)","Florida","no_transfer_policy_published","","not published on the official site reviewed","","","https://go-rts.com/rts-fares-and-passes/","medium","Official site reviewed; no transfer policy was published in the reviewed material."
"scat","SCAT (Sarasota County)","Florida","official-source-candidate","","","","","","unresolved","Official source candidates found; policy still requires manual verification."
"leetran","LeeTran (Fort Myers)","Florida","confirmed","not published","free transfers for continuous travel in one direction, with fewer than five transfers","free with TropiCard or qualifying limited-use pass; cash fares do not qualify","TropiCard or limited-use pass","https://www.leegov.com/leetran/tropicard/faqs","high","Official source candidates found; policy still requires manual verification."
"wave-mobile","Wave Transit (Mobile)","Alabama","confirmed","","1 free transfer","free","standard fare","http://www.thewavetransit.com/183/Passes","high","Official source candidates found; policy still requires manual verification."
"huntsville","Huntsville Shuttle","Alabama","confirmed","","not specified","free","standard fare or Token Transit","https://www.huntsvilleal.gov/residents/streets/public-transportation/shuttle-bus/","high","Official source candidates found; policy still requires manual verification."
"bustang-outrider","Bustang Outrider","Colorado","research-incomplete","","","","","","unresolved","No transfer policy has been verified. The official-source search is incomplete or produced no candidate page."
"rfta","Roaring Fork Transportation Authority (RFTA)","Colorado","confirmed","4 hours","not specified; restrictions apply by route","included in fare","standard fare","https://www.rfta.com/fares/transfer-policies/","high","Official source candidates found; policy still requires manual verification."
"durango-transit","Durango Transit","Colorado","no_transfer_policy_published","not published for the adult single ride","timed route connections are described, but no general transfer period, count, or ticket rule is published","not published","cash, pass, or fare media","https://www.flydurango.com/347/Rates","medium","No transfer policy has been verified. The official-source search is incomplete or produced no candidate page."
"pueblo-transit","Pueblo Transit","Colorado","no_transfer_policy_published","","not published on the official site reviewed","","","https://www.pueblo.us/492/Bus-Schedules","medium","Official site reviewed; no transfer policy was published in the reviewed material."
"eco-transit","Core Transit","Colorado","no_transfer_policy_published","","not published on the official site reviewed","","","https://coretransit.org/fares/","medium","Official site reviewed; no transfer policy was published in the reviewed material."
"all-points-transit","All Points Transit (Montrose)","Colorado","no_transfer_policy_published","","not published on the official site reviewed","","","https://www.allpointstransit.com/","medium","Official site reviewed; no transfer policy was published in the reviewed material."
"kart","Kings Area Rural Transit","California","official-source-candidate","","","","","","unresolved","Official source candidates found; policy still requires manual verification."
"tulare-county-transit","Tulare County Area Transit (TCAT)","California","no_transfers","","no free local transfers; pay base fare each boarding","another base fare required","standard fare","https://ridetc.org/services-and-schedules/transfers-regional-connections/","high","Official source candidates found; policy still requires manual verification."
"madison-metro","Madison Metro Transit","Wisconsin","confirmed","2 hours","not specified","included when using the same payment card or wallet","contactless card or wallet","https://www.cityofmadison.com/metro/fares","high","Official source candidates found; policy still requires manual verification."
"waukesha-metro","Waukesha Metro Transit","Wisconsin","no_transfer_policy_published","","not published on the official site reviewed","","","https://www.waukesha-wi.gov/government/departments/parking-citations-tickets.php","medium","Official site reviewed; no transfer policy was published in the reviewed material."
"mountain-line","Mountain Line Transit Authority (Morgantown)","West Virginia","confirmed","not published","the official fare page lists transfers but does not state a time window or count","$0.75-$1.00 transfer fare","cash, mobile fare, or pass","https://www.busride.org/Fares-Programs","high","Official source candidates found; policy still requires manual verification."
"wvu-prt","West Virginia University PRT (Morgantown, WV)","West Virginia","no_transfer_policy_published","","not published on the official site reviewed","","","http://transportation.wvu.edu/","medium","Official site reviewed; no transfer policy was published in the reviewed material."
"visalia","Visalia Transit","California","no_transfer_policy_published","","not published on the official site reviewed","","","https://www.visalia.gov/364/Fares-and-Passes","medium","Official site reviewed; no transfer policy was published in the reviewed material."
"green-bay","Green Bay Metro","Wisconsin","no_transfer_policy_published","","not published on the official site reviewed","","","https://www.greenbaywi.gov/275/Fares","medium","Official site reviewed; no transfer policy was published in the reviewed material."
"cota","COTA (Columbus)","Ohio","confirmed","2 hours","unlimited within validity","included in fare","standard fare","https://www.cota.com/fares/","high","Official source candidates found; policy still requires manual verification."
"des-moines","Des Moines Area Regional Transit Authority (DART)","Iowa","no_transfer_policy_published","","not published on the official site reviewed","","","http://www.ridedart.com","medium","Official site reviewed; no transfer policy was published in the reviewed material."
"wichita","Wichita Transit","Kansas","confirmed","","none","not available","standard fare","https://www.wichita.gov/1504/Fares-Passes/","high","Official source candidates found; policy still requires manual verification."
"appleton","Valley Transit (Appleton/Fox Cities)","Wisconsin","no_transfers","","none for cash fare","not available with cash fare","cash or fare media","https://myvalleytransit.com/fare-information/","high","Official source candidates found; policy still requires manual verification."
"modesto","Modesto Area Express","California","official-source-candidate","","","","","","unresolved","Official source candidates found; policy still requires manual verification."
"cats-baton","Capital Area Transit System (Baton Rouge)","Louisiana","confirmed","2 hours","not valid on issuing route","included in transfer policy","standard fare","https://www.brcats.com/index.cfm/page/134","high","Official source candidates found; policy still requires manual verification."
"knoxville","Knoxville Area Transit","Tennessee","no_transfer_policy_published","","not published on the official site reviewed","","","https://tahoetransportation.org/passenger-comment-form/","medium","Official site reviewed; no transfer policy was published in the reviewed material."
"mcallen","Metro McAllen","Texas","confirmed","1 hour","not specified","free","standard fare","https://www.mcallen.net/metro/Services.html","high","Official source candidates found; policy still requires manual verification."
"augusta","Augusta Transit","Georgia","no_transfer_policy_published","","not published on the official site reviewed","","","https://www.augustaga.gov/2717/ResetChange-Password","medium","Official site reviewed; no transfer policy was published in the reviewed material."
"lincoln","StarTran (Lincoln)","Nebraska","confirmed","90 minutes","one free transfer per paid fare, on a different bus in the same direction","free","cash or digital ticket; request a transfer ticket from the operator","https://www.lincoln.ne.gov/City/Departments/LTU/StarTran/How-to-Ride/FAQ?lang_update=639228466972634811","high","Official source candidates found; policy still requires manual verification."
"south-bend","South Bend Transpo","Indiana","no_transfer_policy_published","","not published on the official site reviewed","","","https://passiogo.com/","medium","Official site reviewed; no transfer policy was published in the reviewed material."
"rockford","Rockford Mass Transit District","Illinois","confirmed","","not specified","free","standard fare","https://rmtd.org/tickets/fares/","high","Official source candidates found; policy still requires manual verification."
"racine","Ryde Racine","Wisconsin","confirmed","1 hour","transfers are not valid for a return trip","free","cash fare; request a transfer from the bus operator","https://www.cityofracine.org/uploadedFiles/_MainSiteContent/Departments/Racine_Transit/_Documents/Paratransit%20Full%20Map.pdf","high","No transfer policy has been verified. The official-source search is incomplete or produced no candidate page."
"sudbury","Greater Sudbury Transit","Ontario","no_transfer_policy_published","","not published on the official site reviewed","","","https://www.greatersudbury.ca/live/transit/riding-gova-transit/gova-pass-tap-ride-go/","medium","Official site reviewed; no transfer policy was published in the reviewed material."
"anchorage","Anchorage People Mover","Alaska","no_transfer_policy_published","","not published on the official site reviewed","","","https://www.muni.org/Departments/transit/PeopleMover/Pages/FaresandPasses.aspx","medium","Official site reviewed; no transfer policy was published in the reviewed material."
"lexington","Lextran (Lexington, KY)","Kentucky","confirmed","90 minutes","one transfer to a different bus on a different route; day and 30-day passes do not require transfers","free","cash or fare media; request from the bus operator","https://lextran.com/schedules-fares/fares-passes/","high","Official source candidates found; policy still requires manual verification."
"mtd-champaign","Champaign-Urbana MTD","Illinois","no_transfer_policy_published","","not published on the official site reviewed","","","https://mtd.org/riding/fares-passes/","medium","Official site reviewed; no transfer policy was published in the reviewed material."
"kalamazoo","Kalamazoo Metro Transit","Michigan","confirmed","","not specified; request when boarding","free","standard fare","https://www.kmetro.com/plan-your-trip/fares","high","Official source candidates found; policy still requires manual verification."
"laredo","El Metro (Laredo)","Texas","no_transfer_policy_published","","not published on the official site reviewed","","","https://elmetrotransit.com/maps-schedules/fares-information/","medium","Official site reviewed; no transfer policy was published in the reviewed material."
"thunder-bay","Thunder Bay Transit","Ontario","no_transfer_policy_published","","not published on the official site reviewed","","","https://www.thunderbay.ca/city-services/transit/fares-and-passes/","medium","Official site reviewed; no transfer policy was published in the reviewed material."
"greensboro","Greensboro Transit Authority","North Carolina","no_transfer_policy_published","","not published on the official site reviewed","","","http://www.greensboro-nc.gov/index.aspx?page=2180","medium","Official site reviewed; no transfer policy was published in the reviewed material."
"lanta","Lehigh and Northampton Transportation Authority","Pennsylvania","no_transfers","","transfers eliminated for single rides","not available","standard fare or 3-hour pass","https://lantabus.com/fares","high","Official source candidates found; policy still requires manual verification."
"winston-salem","Winston-Salem Transit Authority (WSTA)","North Carolina","no_transfer_policy_published","","not published on the official site reviewed","","","https://www.wstransit.com/fares","medium","Official site reviewed; no transfer policy was published in the reviewed material."
"cat-harrisburg","Capital Area Transit (Harrisburg)","Pennsylvania","official-source-candidate","","","","","","unresolved","Official source candidates found; policy still requires manual verification."
"jackson-ms","City of Jackson (JTRAN)","Mississippi","no_transfer_policy_published","","not published on the official site reviewed","","","https://ridejtran.com/","medium","Official site reviewed; no transfer policy was published in the reviewed material."
"lancaster","Red Rose Transit Authority (Lancaster, PA)","Pennsylvania","confirmed","","one-way trip transfer; transfer slip required","no charge","standard fare","https://www.redrosetransit.com/service-information/transfers","high","Official source candidates found; policy still requires manual verification."
"colts","County of Lackawanna Transit System (COLTS)","Pennsylvania","no_transfer_policy_published","","not published on the official site reviewed","","","https://coltsbus.com/colts-fares/","medium","Official site reviewed; no transfer policy was published in the reviewed material."
"lcta","Luzerne County Transportation Authority","Pennsylvania","no_transfer_policy_published","","not published on the official site reviewed","","","http://www.lctabus.com/","medium","Official site reviewed; no transfer policy was published in the reviewed material."
"patco","PATCO Speedline (Philadelphia-Camden)","New Jersey","no_transfer_policy_published","","not published on the official site reviewed","","","http://www.ridepatco.org/schedules/fares.html","medium","Official site reviewed; no transfer policy was published in the reviewed material."
"cascades-east","Cascades East Transit (Bend, OR)","Oregon","research-incomplete","","","","","","unresolved","No transfer policy has been verified. The official-source search is incomplete or produced no candidate page."
"mountain-transit-ca","Mountain Transit (Big Bear Lake)","California","research-incomplete","","","","","","unresolved","No transfer policy has been verified. The official-source search is incomplete or produced no candidate page."
"las-cruces","RoadRUNNER Transit (Las Cruces)","New Mexico","no_transfer_policy_published","","not published on the official site reviewed","","","https://lascruces.gov/community/transportation/roadrunner-transit/","medium","Official site reviewed; no transfer policy was published in the reviewed material."
"ez-rider","EZ Rider (Midland/Odessa)","Texas","no_transfer_policy_published","","not published on the official site reviewed","","","https://transloc.com/solutions/automated-passenger-counters-apc/","medium","Official site reviewed; no transfer policy was published in the reviewed material."
"san-angelo","Concho Valley Transit (San Angelo)","Texas","no_transfer_policy_published","","not published on the official site reviewed","","","https://www.cvtd.org","medium","Official site reviewed; no transfer policy was published in the reviewed material."
"brownsville","Brownsville Metro","Texas","research-incomplete","","","","","","unresolved","No transfer policy has been verified. The official-source search is incomplete or produced no candidate page."
"roswell","Roswell Transit","New Mexico","confirmed","one-way trip; no time window published","one transfer to a second bus to complete a one-way trip; transfer must be requested while boarding","free","cash, token, or pass","https://www.roswell-nm.gov/301/Fare-Information","high","No transfer policy has been verified. The official-source search is incomplete or produced no candidate page."
"hobbs","City of Hobbs Transit","New Mexico","no_transfer_policy_published","","not published on the official site reviewed","","","https://www.hobbsnm.gov/fares.html","medium","Official site reviewed; no transfer policy was published in the reviewed material."
"longview","City of Longview Transit","Texas","no_transfer_policy_published","","not published on the official site reviewed","","","https://www.longviewtransit.com/getting-around/fares-and-passes-fixed-route/","medium","Official site reviewed; no transfer policy was published in the reviewed material."
"texarkana","Texarkana T-Line","Texas","confirmed","","at the Transit Center","free","standard fare","https://www.t-linebus.org/","high","Official source candidates found; policy still requires manual verification."
"fort-bend","Fort Bend County Transit","Texas","no_transfer_policy_published","","not published on the official site reviewed","","","https://www.fortbendcountytx.gov/government/departments/fort-bend-county-district-clerks-office/passport-applications","medium","Official site reviewed; no transfer policy was published in the reviewed material."
"lake-charles","Lake Charles Transit","Louisiana","confirmed","","not specified","free","standard fare","https://www.cityoflakecharles.com/236/Transit","medium","Official source candidates found; policy still requires manual verification."
"terrebonne-parish","Good Earth Transit (Houma)","Louisiana","research-incomplete","","","","","","unresolved","No transfer policy has been verified. The official-source search is incomplete or produced no candidate page."
"tangipahoa-parish","Tangipahoa Transit (Hammond)","Louisiana","no_transfer_policy_published","","not published on the official site reviewed","","","https://www.tangicoa.com/","medium","Official site reviewed; no transfer policy was published in the reviewed material."
"space-coast","Space Coast Area Transit","Florida","confirmed","not published","transfers are available on the fixed-route network; the official fare page does not state a time window or count","free","cash, Token Transit, or fare pass","https://321transit.com/transit/fares","high","Official source candidates found; policy still requires manual verification."
"martin-county","Martin County Public Transit","Florida","no_transfer_policy_published","","not published on the official site reviewed","","","https://www.martin.fl.us/transit","medium","Official site reviewed; no transfer policy was published in the reviewed material."
"indian-river","Indian River Transit","Florida","research-incomplete","","","","","","unresolved","No transfer policy has been verified. The official-source search is incomplete or produced no candidate page."
"collier","Collier Area Transit (Naples)","Florida","confirmed","not published","transfers are available; the official county fare structure does not state a time window or count","free","cash or fare media","https://www.colliercountyfl.gov/home/showpublisheddocument/94675/637351782724230000","medium","Official source candidates found; policy still requires manual verification."
"springfield-mo","City Utilities Transit (Springfield)","Missouri","confirmed","","single-use transfer","$0.25","standard fare","https://www.cityutilities.net/DocumentCenter/View/184/Transit-Pricing-PDF","high","Official source candidates found; policy still requires manual verification."
"evansville","METS (Evansville)","Indiana","official-source-candidate","","","","","","unresolved","Official source candidates found; policy still requires manual verification."
"kenosha","Kenosha Area Transit","Wisconsin","no_transfer_policy_published","","not published on the official site reviewed","","","https://www.kenosha.org/departments/transportation","medium","Official site reviewed; no transfer policy was published in the reviewed material."
"ben-franklin","Ben Franklin Transit (Tri-Cities, WA)","Washington","confirmed","3 hours","1 bus transfer","included in fare","standard fare","https://www.bft.org/bus-service/fares/","high","Official source candidates found; policy still requires manual verification."
"asheville","Asheville Rides Transit","North Carolina","no_transfer_policy_published","","not published on the official site reviewed","","","https://www.ashevillenc.gov/services/pay-fee-ticket-fine/","medium","Official site reviewed; no transfer policy was published in the reviewed material."
"bloomington","Bloomington Transit","Indiana","official-source-candidate","","","","","","unresolved","Official source candidates found; policy still requires manual verification."
"athens-acc","Athens Clarke County Transit","Georgia","official-source-candidate","","","","","","unresolved","Official source candidates found; policy still requires manual verification."
"uga","UGA Campus Transit","Georgia","no_transfer_policy_published","","not published on the official site reviewed","","","https://uga.passiogo.com/","medium","Official site reviewed; no transfer policy was published in the reviewed material."
"blacksburg","Blacksburg Transit","Virginia","no_transfer_policy_published","","not published on the official site reviewed","","","https://ridebt.org/bt-access/bt-access-fare-information","medium","Official site reviewed; no transfer policy was published in the reviewed material."
"cata-state-college","CATA (State College)","Pennsylvania","no_transfer_policy_published","","not published on the official site reviewed","","","https://catabus.com/services-schedules/catabus/fares/#catabus-catago-fare","medium","Official site reviewed; no transfer policy was published in the reviewed material."
"cyride","CyRide (Ames)","Iowa","no_transfer_policy_published","","not published on the official site reviewed","","","http://www.cyride.com","medium","Official site reviewed; no transfer policy was published in the reviewed material."
"iowa-city","Iowa City Transit","Iowa","no_transfer_policy_published","","not published on the official site reviewed","","","https://www.icgov.org/city-government/departments-and-divisions/transit","medium","Official site reviewed; no transfer policy was published in the reviewed material."
"coralville","Coralville Transit","Iowa","no_transfer_policy_published","","not published on the official site reviewed","","","https://www.coralville.org/157/Fares-Passes","medium","Official site reviewed; no transfer policy was published in the reviewed material."
"cambus","CAMBUS (University of Iowa)","Iowa","no_transfer_policy_published","","not published on the official site reviewed","","","https://transportation.uiowa.edu/alternative-transportation/380-express-bus-passes","medium","Official site reviewed; no transfer policy was published in the reviewed material."
"lawrence-ku","Lawrence Transit / KU on Wheels","Kansas","no_transfer_policy_published","","not published on the official site reviewed","","","https://lawrencetransit.org/fares/","medium","Official site reviewed; no transfer policy was published in the reviewed material."
"springfield-il","SMTD (Springfield IL)","Illinois","official-source-candidate","","","","","","unresolved","Official source candidates found; policy still requires manual verification."
"topeka","Topeka Metro","Kansas","no_transfer_policy_published","","not published on the official site reviewed","","","https://www.topekametro.org/about-metro/fares","medium","Official site reviewed; no transfer policy was published in the reviewed material."
"barta","BARTA (Reading)","Pennsylvania","confirmed","2 hours","next bus needed to complete trip","additional transfer fare","cash or fare media","https://www.bartabus.com/service-information/transfers","high","Official source candidates found; policy still requires manual verification."
"coast-nh","COAST (Seacoast NH)","New Hampshire","no_transfer_policy_published","","not published on the official site reviewed","","","https://coastbus.org/opportunities/fare-free-saturdays","medium","Official site reviewed; no transfer policy was published in the reviewed material."
"advance-transit","Advance Transit (Lebanon, NH)","New Hampshire","no_transfer_policy_published","","not published on the official site reviewed","","","http://www.advancetransit.com/","medium","Official site reviewed; no transfer policy was published in the reviewed material."
"ccta","CCTA / Green Mountain Transit (Burlington, VT)","Vermont","no_transfer_policy_published","","not published on the official site reviewed","","","https://sstarides.org/","medium","Official site reviewed; no transfer policy was published in the reviewed material."
"marble-valley","Marble Valley Transit (Rutland)","Vermont","no_transfer_policy_published","","not published on the official site reviewed","","","https://thebus.com/home/passenger-code-conduct/","medium","Official site reviewed; no transfer policy was published in the reviewed material."
"bis-man","Bis-Man Transit (Bismarck-Mandan)","North Dakota","official-source-candidate","","","","","","unresolved","Official source candidates found; policy still requires manual verification."
"bangor","Bangor Community Connector","Maine","no_transfer_policy_published","","not published on the official site reviewed","","","https://www.bangormaine.gov/262/Passenger-Information","medium","Official site reviewed; no transfer policy was published in the reviewed material."
"brandon","Brandon Transit","Manitoba","research-incomplete","","","","","","unresolved","No transfer policy has been verified. The official-source search is incomplete or produced no candidate page."
"juneau","Capital Transit (Juneau)","Alaska","official-source-candidate","","","","","","unresolved","Official source candidates found; policy still requires manual verification."
"annapolis","Annapolis Transit","Maryland","no_transfer_policy_published","","not published on the official site reviewed","","","https://www.annapolis.gov/194/ADOT-Transit-Fares","medium","Official site reviewed; no transfer policy was published in the reviewed material."
"yellowknife","Yellowknife Transit","Northwest Territories","no_transfer_policy_published","","not published on the official site reviewed","","","http://www.yellowknife.ca/en/living-here/transit.asp","medium","Official site reviewed; no transfer policy was published in the reviewed material."
"whitehorse","Whitehorse Transit","Yukon","no_transfer_policy_published","","not published on the official site reviewed","","","https://whitehorse.transloc.com","medium","Official site reviewed; no transfer policy was published in the reviewed material."
"santa-cruz-metro","Santa Cruz METRO","","official-source-candidate","","","","","","unresolved","Official source candidates found; policy still requires manual verification."
"sioux-falls","Sioux Area Metro (SAM)","South Dakota","official-source-candidate","","","","","","unresolved","Official source candidates found; policy still requires manual verification."
"yakima","Yakima Transit","Washington","confirmed","","not specified","free","standard fare","https://yakimatransit.org/fares/","high","Official source candidates found; policy still requires manual verification."
"grand-forks","Cities Area Transit (Grand Forks)","North Dakota","no_transfer_policy_published","","not published on the official site reviewed","","","http://www.ridecat.org","medium","Official site reviewed; no transfer policy was published in the reviewed material."
"greeley","Greeley-Evans Transit (GET)","Colorado","no_transfer_policy_published","","not published on the official site reviewed","","","https://greeleyco.gov/transit/service-offerings/fares-and-passes","medium","Official site reviewed; no transfer policy was published in the reviewed material."
"bridgeport-gbt","Greater Bridgeport Transit","Connecticut","confirmed","120 minutes","unlimited within validity","included in base fare","cash or ZipTrip","https://gogbt.com/how-to-ride/fares-passes/","high","Official source candidates found; policy still requires manual verification."
"davenport","Davenport CitiBus","Iowa","official-source-candidate","","","","","","unresolved","Official source candidates found; policy still requires manual verification."
"bettendorf","Bettendorf Transit","Iowa","official-source-candidate","","","","","","unresolved","Official source candidates found; policy still requires manual verification."
"dubuque","The Jule (Dubuque)","Iowa","no_transfer_policy_published","","not published on the official site reviewed","","","https://cityofdubuque.org/2991/Jule-Smart-Pass-Help-Center","medium","Official site reviewed; no transfer policy was published in the reviewed material."
"pocatello","Pocatello Regional Transit","Idaho","no_transfer_policy_published","","not published on the official site reviewed","","","https://pocatellotransit.com/fares/","medium","Official site reviewed; no transfer policy was published in the reviewed material."
"albany-ga","Albany Transit System","Georgia","official-source-candidate","","","","","","unresolved","Official source candidates found; policy still requires manual verification."
"wilmington-nc","Wave Transit (Wilmington)","North Carolina","confirmed","","fixed-route transfer pass; period not stated","free","standard fare","https://www.wavetransit.com/fare-pass-information/","high","Official source candidates found; policy still requires manual verification."
"st-george","SunTran (St. George)","Utah","official-source-candidate","","","","","","unresolved","Official source candidates found; policy still requires manual verification."
"grand-junction","Grand Valley Transit","Colorado","no_transfers","","none with one-way fare","not included","standard fare","https://www.mesacounty.us/gvt/fares-and-passes","high","Official source candidates found; policy still requires manual verification."
"um-transit","University of Michigan Transit Services (Ann Arbor)","Michigan","no_transfer_policy_published","","not published on the official site reviewed","","","https://ltp.umich.edu","medium","Official site reviewed; no transfer policy was published in the reviewed material."
"ncsu-wolfline","NCSU Wolfline","North Carolina","no_transfer_policy_published","","not published on the official site reviewed","","","https://ncstate.passiogo.com/","medium","Official site reviewed; no transfer policy was published in the reviewed material."
"clemson-cat","Clemson Area Transit (CATbus)","South Carolina","confirmed","not applicable while service is fare-free","no transfer limit published for the fare-free service","free","none required","https://www.clemsoncity.org/345/General-Information","high","No transfer policy has been verified. The official-source search is incomplete or produced no candidate page."
"citybus-lafayette","CityBus (Lafayette)","Indiana","confirmed","2 hours","not specified","included in fare","standard fare","https://gocitybus.com/fares/","high","Official source candidates found; policy still requires manual verification."
"duke","Duke University Transit","North Carolina","research-incomplete","","","","","","unresolved","No transfer policy has been verified. The official-source search is incomplete or produced no candidate page."
"streamline","Streamline (Bozeman)","Montana","official-source-candidate","","","","","","unresolved","Official source candidates found; policy still requires manual verification."
"athens-oh","Athens Public Transit","Ohio","no_transfer_policy_published","","not published on the official site reviewed","","","https://hapcap.org/transportation/athens-public-transit/bus-fares-passes/","medium","Official site reviewed; no transfer policy was published in the reviewed material."
"connect-transit","Connect Transit (Bloomington-Normal)","Illinois","no_transfers","","none","not available","cash or Connect card","https://connect-transit.com/fares/current-fares","high","Official source candidates found; policy still requires manual verification."
"dekalb","DeKalb Public Transit","Illinois","confirmed","","not specified","free with fare payment","standard fare","https://cityofdekalb.com/1288/Fares","high","Official source candidates found; policy still requires manual verification."
"radford","Radford Transit","Virginia","no_transfer_policy_published","","not published on the official site reviewed","","","https://www.radfordva.gov/2345/FARE-and-SERVICES","medium","Official site reviewed; no transfer policy was published in the reviewed material."
"jfk-airtrain","JFK AirTrain","New York","official-source-candidate","","","","","","unresolved","Official source candidates found; policy still requires manual verification."
"staten-island-ferry","Staten Island Ferry","New York","no_transfer_policy_published","","not published on the official site reviewed","","","https://www1.nyc.gov/html/dot/html/ferrybus/staten-island-ferry.shtml","medium","Official site reviewed; no transfer policy was published in the reviewed material."
"nyc-ferry","NYC Ferry","New York","confirmed","120 minutes","transfers within the ferry system; round trips excluded","free","single-ride ticket or pass","https://www.ferry.nyc/ticketing-info/","high","Official source candidates found; policy still requires manual verification."
"rioc-tram","Roosevelt Island Tramway","New York","no_transfer_policy_published","","not published on the official site reviewed","","","https://rioc.ny.gov/tramtransportation.htm","medium","Official site reviewed; no transfer policy was published in the reviewed material."
"guadalajara","Mi Transporte (Guadalajara)","Jalisco","research-incomplete","","","","","","unresolved","No transfer policy has been verified. The official-source search is incomplete or produced no candidate page."
"cheyenne","Cheyenne Transit Program","Wyoming","official-source-candidate","","","","","","unresolved","Official source candidates found; policy still requires manual verification."
"rapid-city","Rapid Transit System (Rapid City, SD)","South Dakota","confirmed","","not specified","free","standard fare","https://www.rapidtransitsystem.org/rapid-ride/","medium","Official source candidates found; policy still requires manual verification."
"sioux-city","Sioux City Transit","Iowa","official-source-candidate","","","","","","unresolved","Official source candidates found; policy still requires manual verification."
"imperial-valley","Imperial Valley Transit","California","no_transfer_policy_published","","not published on the official site reviewed","","","https://www.ivtransit.com/rider-information/fares","medium","Official site reviewed; no transfer policy was published in the reviewed material."
"kern-transit","Kern Transit","California","no_transfer_policy_published","","not published on the official site reviewed","","","http://kerntransit.org/?referrer=gtfs","medium","Official site reviewed; no transfer policy was published in the reviewed material."
"banning","Banning Connect","California","official-source-candidate","","","","","","unresolved","Official source candidates found; policy still requires manual verification."
"beaumont-ca","Beaumont Transit","California","official-source-candidate","","","","","","unresolved","Official source candidates found; policy still requires manual verification."
"corona","Corona Cruiser","California","official-source-candidate","","","","","","unresolved","Official source candidates found; policy still requires manual verification."
"thousand-oaks","Thousand Oaks Transit","California","confirmed","","between TOTC and VCTC routes","free","standard fare","https://toaks.gov/index.php?section=fares","high","Official source candidates found; policy still requires manual verification."
"simi-valley","Simi Valley Transit","California","no_transfer_policy_published","","not published on the official site reviewed","","","http://www.simivalley.org/departments/community-services/simi-valley-transit","medium","Official site reviewed; no transfer policy was published in the reviewed material."
"camarillo","Camarillo Area Transit","California","no_transfer_policy_published","","not published on the official site reviewed","","","https://www.cityofcamarillo.org/residents/public_transportation/bus_pass.php","medium","Official site reviewed; no transfer policy was published in the reviewed material."
"basin-transit","Basin Transit","California","no_transfer_policy_published","","not published on the official site reviewed","","","https://basintransit.ca.gov/fares/","medium","Official site reviewed; no transfer policy was published in the reviewed material."
"needles","Needles Area Transit","California","no_transfer_policy_published","","not published on the official site reviewed","","","https://cityofneedles.com/transit/","medium","Official site reviewed; no transfer policy was published in the reviewed material."
"arvin","Arvin Transit","California","no_transfer_policy_published","","not published on the official site reviewed","","","https://www.arvin.org/202/Routes-Schedules-Fares","medium","Official site reviewed; no transfer policy was published in the reviewed material."
"moorpark","Moorpark City Transit","California","no_transfer_policy_published","","not published on the official site reviewed","","","https://www.moorparkca.gov/230/Fares-Regulations-Passes","medium","Official site reviewed; no transfer policy was published in the reviewed material."
"valley-express","Valley Express","California","confirmed","","to VCTC Highway 126 and Valley Express fixed routes","free; $0.50 to demand-response service","standard fare","https://www.valleyexpressbus.org/fares/fare-info/","high","Official source candidates found; policy still requires manual verification."
"laguna-beach","Laguna Beach Transit","California","no_transfer_policy_published","","not published on the official site reviewed","","","http://www.lagunabeachcity.net/cityhall/transit_and_trolleys/","medium","Official site reviewed; no transfer policy was published in the reviewed material."
"taft","Taft Area Transit","California","no_transfer_policy_published","","not published on the official site reviewed","","","https://www.cityoftaft.org/pview.aspx?id=5385&catid=563","medium","Official site reviewed; no transfer policy was published in the reviewed material."
"seattle-monorail","Seattle Center Monorail","Washington","no_transfer_policy_published","","not published on the official site reviewed","","","https://www.seattlemonorail.com/buy-tickets-to-ride-with-us/","medium","Official site reviewed; no transfer policy was published in the reviewed material."
"snoqualmie-valley","Snoqualmie Valley Transportation","Washington","official-source-candidate","","","","","","unresolved","Official source candidates found; policy still requires manual verification."
"seattle-streetcar","Seattle Streetcar","Washington","confirmed","2 hours with ORCA","transfers within ORCA validity; payment rules vary by mode","included in first ORCA fare","ORCA or standard fare","https://kingcounty.gov/en/dept/metro/fares-and-payment/ways-to-pay","medium","Official source candidates found; policy still requires manual verification."
"metz","Le Met' (Metz)","Grand Est","no_transfer_policy_published","","not published on the official site reviewed","","","https://www.lemet.fr/quel-tarif-choisir/","medium","Official site reviewed; no transfer policy was published in the reviewed material."
"nancy","Réseau Stan (Nancy)","Grand Est","no_transfer_policy_published","","not published on the official site reviewed","","","https://www.reseau-stan.com/titres-tarifs/tous-les-titres","medium","Official site reviewed; no transfer policy was published in the reviewed material."
"rennes","STAR (Rennes)","Bretagne","no_transfer_policy_published","","not published on the official site reviewed","","","https://www.star.fr/","medium","Official site reviewed; no transfer policy was published in the reviewed material."
"tours","Fil Bleu (Tours)","Centre-Val de Loire","no_transfer_policy_published","","not published on the official site reviewed","","","https://www.filbleu.fr/tarifs-demarches-et-achat-en-ligne/titres-et-tarifs","medium","Official site reviewed; no transfer policy was published in the reviewed material."
"bordeaux","TBM (Bordeaux)","Nouvelle-Aquitaine","no_transfer_policy_published","","not published on the official site reviewed","","","https://www.infotbm.com/fr/horaires","medium","Official site reviewed; no transfer policy was published in the reviewed material."
"grenoble","TAG (Grenoble)","Auvergne-Rhône-Alpes","confirmed","1 hour","not specified","included in ticket","standard ticket","https://www.reso-m.fr/67-un-tarif-pour-chacun.htm?UTB_FS=-1","high","Official source candidates found; policy still requires manual verification."
"dijon","Divia (Dijon)","Bourgogne-Franche-Comté","confirmed","1 hour","not specified","included in ticket","standard ticket","https://www.divia.fr/titres-et-tarifs","high","Official source candidates found; policy still requires manual verification."
"angers","Irigo (Angers)","Pays de la Loire","no_transfer_policy_published","","not published on the official site reviewed","","","https://www.irigo.fr/titres-tarifs/comment-acheter-un-titre-de-transport-irigo","medium","Official site reviewed; no transfer policy was published in the reviewed material."
"chambery","Synchro (Chambéry)","Auvergne-Rhône-Alpes","confirmed","1 hour for the documented ticket product","travel across Synchro Bus and Ondéa networks during validity","included in ticket","contactless ticket, paper ticket, or pass","https://synchro.grandchambery.fr/tarifs-et-abonnements-bus/les-tickets/","high","No transfer policy has been verified. The official-source search is incomplete or produced no candidate page."
"nantes","Naolib (Nantes)","Pays de la Loire","confirmed","1 hour","not specified","included in ticket","standard ticket","https://naolib.fr/fr/tarifs/transports-en-commun/tickets","high","Official source candidates found; policy still requires manual verification."
"le-mans","SETRAM (Le Mans)","Pays de la Loire","no_transfer_policy_published","","not published on the official site reviewed","","","https://www.setram.fr/fr/pzy0-Prochains-passages-aux-arrets.html","medium","Official site reviewed; no transfer policy was published in the reviewed material."
"besancon","Ginko (Besançon)","Bourgogne-Franche-Comté","official-source-candidate","","","","","","unresolved","Official source candidates found; policy still requires manual verification."
"annecy","Sibra (Annecy)","Auvergne-Rhône-Alpes","no_transfer_policy_published","","not published on the official site reviewed","","","https://www.sibra.fr/choisir-le-meilleur-tarif/","medium","Official site reviewed; no transfer policy was published in the reviewed material."
"amiens","Ametis (Amiens)","Hauts-de-France","confirmed","not published on the current fare pages","not published on the current fare pages","not published on the current fare pages","ticket, rechargeable ticket, post-payment, or pass","https://www.ametis.fr/les-tarifs/","medium","No transfer policy has been verified. The official-source search is incomplete or produced no candidate page."
"annemasse","TAC (Annemasse)","Auvergne-Rhône-Alpes","confirmed","60 minutes","not specified","included in ticket","QR-code ticket","https://www.tac-mobilites.fr/tac-vous/notre-application","high","Official source candidates found; policy still requires manual verification."
"avignon","Orizo (Avignon)","Provence-Alpes-Côte d'Azur","no_transfer_policy_published","","not published on the official site reviewed","","","https://www.orizo.fr/tarifs/","medium","Official site reviewed; no transfer policy was published in the reviewed material."
"bayonne","Txik Txak","Nouvelle-Aquitaine","confirmed","1.5 hours","connections permitted","included in ticket","standard ticket","https://www.txiktxak.fr/preparez-votre-trajet/on-visite-le-pays-basque-avec-txik-txak/villes-et-villages/","high","Official source candidates found; policy still requires manual verification."
"beziers","beeMob (Béziers)","Occitanie","official-source-candidate","","","","","","unresolved","Official source candidates found; policy still requires manual verification."
"bourges","AggloBus (Bourges)","Centre-Val de Loire","no_transfer_policy_published","","not published on the official site reviewed","","","https://www.agglobus.com/se-deplacer/prochains-passages","medium","Official site reviewed; no transfer policy was published in the reviewed material."
"brest","Bibus (Brest)","Bretagne","confirmed","1 hour","not specified","included in ticket","standard ticket","https://www.bibus.fr/tarifs/tickets-et-abonnements","high","Official source candidates found; policy still requires manual verification."
"caen","Twisto (Caen)","Normandie","official-source-candidate","","","","","","unresolved","Official source candidates found; policy still requires manual verification."
"chartres","Filibus (Chartres)","Centre-Val de Loire","confirmed","not published on the current fare pages","validation is required at every boarding, including when transferring","not published on the current fare pages","unit ticket, 10-trip ticket, or pass","https://www.filibus.fr/presentation/?rub_code=1007","medium","No transfer policy has been verified. The official-source search is incomplete or produced no candidate page."
"cholet","Choletbus","Pays de la Loire","confirmed","1 hour","connections permitted","included in ticket","standard ticket","https://www.choletbus.fr/tarifs-transport-en-commun/","high","Official source candidates found; policy still requires manual verification."
"clermont","T2C (Clermont-Ferrand)","Auvergne-Rhône-Alpes","no_transfer_policy_published","","not published on the official site reviewed","","","https://www.t2c.fr/page/titres-tarifs","medium","Official site reviewed; no transfer policy was published in the reviewed material."
"dunkirk","DK'Bus (Dunkerque)","Hauts-de-France","official-source-candidate","","","","","","unresolved","Official source candidates found; policy still requires manual verification."
"la-rochelle","Yélo (La Rochelle)","Nouvelle-Aquitaine","confirmed","1 hour","not specified","included in ticket","standard ticket","https://www.yelo-larochelle.fr/tarifs/","high","Official source candidates found; policy still requires manual verification."
"laval","TUL (Laval)","Pays de la Loire","confirmed","1 hour","correspondence included within ticket validity; validation required when boarding in correspondence","included in ticket","unit ticket, 10-trip card, or pass","https://www.tul-laval.com/tarifs/titres-abonnements","high","No transfer policy has been verified. The official-source search is incomplete or produced no candidate page."
"le-havre","LiA (Le Havre)","Normandie","confirmed","1 hour","not specified","included in ticket","standard ticket","https://www.transports-lia.fr/fr/trouver-mon-tarif","medium","Official source candidates found; policy still requires manual verification."
"lorient","Izilo (Lorient)","Bretagne","official-source-candidate","","","","","","unresolved","Official source candidates found; policy still requires manual verification."
"lyon","TCL (Lyon)","Auvergne-Rhône-Alpes","no_transfer_policy_published","","not published on the official site reviewed","","","https://www.tcl.fr/","medium","Official site reviewed; no transfer policy was published in the reviewed material."
"marseille","RTM (Marseille)","Provence-Alpes-Côte d'Azur","no_transfer_policy_published","","not published on the official site reviewed","","","https://www.rtm.fr/tarifs","medium","Official site reviewed; no transfer policy was published in the reviewed material."
"mulhouse","Soléa (Mulhouse)","Grand Est","no_transfer_policy_published","","not published on the official site reviewed","","","https://www.solea.info/tickets-abonnements","medium","Official site reviewed; no transfer policy was published in the reviewed material."
"nice-fr","Lignes d'Azur (Nice)","Provence-Alpes-Côte d'Azur","official-source-candidate","","","","","","unresolved","Official source candidates found; policy still requires manual verification."
"nimes","Tango (Nîmes)","Occitanie","confirmed","1 hour","correspondence and return trip permitted within the ticket validity","included in ticket","unit ticket, carnet, or pass","https://tango.scoop.airweb.fr/tarifs/","high","No transfer policy has been verified. The official-source search is incomplete or produced no candidate page."
"orleans","TAO (Orléans)","Centre-Val de Loire","confirmed","1 hour","unlimited correspondence within the hour after first validation","included in ticket","TAO ticket, card, or pass","https://www.tao-mobilites.fr/fr/pP-Tickets.html","high","No transfer policy has been verified. The official-source search is incomplete or produced no candidate page."
"pau","Idelis (Pau)","Nouvelle-Aquitaine","confirmed","1 hour","not specified","included in ticket","standard or onboard ticket","https://www.idelis.fr/tarifs/titres-de-transport-et-tarifs/tous-les-titres","high","Official source candidates found; policy still requires manual verification."
"perpignan","Sankéo (Perpignan)","Occitanie","confirmed","1.5 hours","connections permitted","included in ticket","standard or onboard ticket","https://www.sankeo.com/tarifs/","high","Official source candidates found; policy still requires manual verification."
"poitiers","Vitalis (Poitiers)","Nouvelle-Aquitaine","official-source-candidate","","","","","","unresolved","Official source candidates found; policy still requires manual verification."
"quimper","Qub (Quimper)","Bretagne","official-source-candidate","","","","","","unresolved","Official source candidates found; policy still requires manual verification."
"reims","Grand Reims Mobilités","Grand Est","confirmed","75 minutes","not specified","included in ticket","onboard or SMS ticket","https://grandreims-mobilites.fr/fr/lbW-Ou-acheter-mon-titre-de-transport-3F.html","high","Official source candidates found; policy still requires manual verification."
"rouen","Astuce (Rouen)","Normandie","no_transfer_policy_published","","not published on the official site reviewed","","","https://www.reseau-astuce.fr/","medium","Official site reviewed; no transfer policy was published in the reviewed material."
"saint-etienne","STAS (Saint-Étienne)","Auvergne-Rhône-Alpes","confirmed","1.5 hours","unlimited within validity","included in ticket","standard ticket","https://www.reseau-stas.fr/fr/voyages-occasionnels/77","high","Official source candidates found; policy still requires manual verification."
"saint-nazaire","Ycéo (Saint-Nazaire)","Pays de la Loire","confirmed","1 hour","correspondence included across the Ycéo network and specified partner services","included in ticket","Ycéo ticket, pass, or mobile fare","https://yceo-mobilite.fr/mes-deplacements/helyce-et-yceo-bus/reglement-dexploitation/","high","No transfer policy has been verified. The official-source search is incomplete or produced no candidate page."
"toulon","Mistral (Toulon)","Provence-Alpes-Côte d'Azur","no_transfer_policy_published","","not published on the official site reviewed","","","https://www.reseaumistral.com/se-deplacer/prochains-passages","medium","Official site reviewed; no transfer policy was published in the reviewed material."
"toulouse","Tisséo (Toulouse)","Occitanie","no_transfer_policy_published","","not published on the official site reviewed","","","https://www.tisseo.fr/acheter/tarifs","medium","Official site reviewed; no transfer policy was published in the reviewed material."
"troyes","TCAT (Troyes)","Grand Est","official-source-candidate","","","","","","unresolved","Official source candidates found; policy still requires manual verification."
"valence","Citéa (Valence Romans)","Auvergne-Rhône-Alpes","confirmed","1 hour","one free correspondence to other Citéa lines within the hour","free","unit ticket, OùRA card, contactless ticket, or pass","https://www.valenceromansmobilites.fr/bus/bien-voyager-sur-le-reseau-citea/","high","No transfer policy has been verified. The official-source search is incomplete or produced no candidate page."
"vannes","Kicéo (Vannes)","Bretagne","official-source-candidate","","","","","","unresolved","Official source candidates found; policy still requires manual verification."
"aix-en-provence","Aixenbus","Provence-Alpes-Côte d'Azur","confirmed","1 hour","not specified","included in ticket; €0.10 ticket support fee","standard ticket","https://www.aixenbus.fr/fr/M8j-Les-titres-occasionnels.html","high","Official source candidates found; policy still requires manual verification."
"arles","Envia (Arles)","Provence-Alpes-Côte d'Azur","research-incomplete","","","","","","unresolved","No transfer policy has been verified. The official-source search is incomplete or produced no candidate page."
"beauvais","Corolis (Beauvais)","Hauts-de-France","official-source-candidate","","","","","","unresolved","Official source candidates found; policy still requires manual verification."
"belfort","Optymo (Belfort)","Bourgogne-Franche-Comté","no_transfer_policy_published","","not published on the official site reviewed","","","https://www.optymo.fr/pass-tickets/","medium","Official site reviewed; no transfer policy was published in the reviewed material."
"bergerac","TUB (Bergerac)","Nouvelle-Aquitaine","confirmed","1 hour","connections permitted","included in ticket","onboard ticket","https://www.bus-tub.com/titres-tarifs/","high","Official source candidates found; policy still requires manual verification."
"blois","Azalys (Blois)","Centre-Val de Loire","research-incomplete","","","","","","unresolved","No transfer policy has been verified. The official-source search is incomplete or produced no candidate page."
"boulogne-sur-mer","Marinéo (Boulogne)","Hauts-de-France","no_transfer_policy_published","","not published on the official site reviewed","","","https://www.marineo.fr/actualites/le-reseau/avec-le-passmois-solidaire-voyagez-petit-prix-avec-marineo","medium","Official site reviewed; no transfer policy was published in the reviewed material."
"bourgoin","Ruban (Bourgoin-Jallieu)","Auvergne-Rhône-Alpes","confirmed","1 hour","connections permitted","included in ticket","onboard, agency, or mobile ticket","https://www.rubantransport.com/occasionnel/","high","Official source candidates found; policy still requires manual verification."
"brive","Libéo (Brive)","Nouvelle-Aquitaine","no_transfer_policy_published","","not published on the official site reviewed","","","https://www.libeo-brive.fr/se-deplacer/prochains-passages","medium","Official site reviewed; no transfer policy was published in the reviewed material."
"cahors","Cahors urbain","Occitanie","no_transfer_policy_published","","not published on the official site reviewed","","","https://www.bus-evidence.fr/","medium","Official site reviewed; no transfer policy was published in the reviewed material."
"cannes","Palm Bus (Cannes)","Provence-Alpes-Côte d'Azur","research-incomplete","","","","","","unresolved","No transfer policy has been verified. The official-source search is incomplete or produced no candidate page."
"carcassonne","RTCA (Carcassonne)","Occitanie","research-incomplete","","","","","","unresolved","No transfer policy has been verified. The official-source search is incomplete or produced no candidate page."
"castres","Libellus (Castres)","Occitanie","no_transfer_policy_published","","not published on the official site reviewed","","","https://www.castres-mazamet.fr/larchipel-piscine/horaires-et-tarifs","medium","Official site reviewed; no transfer policy was published in the reviewed material."
"charleville","TAC (Charleville-Mézières)","Grand Est","confirmed","1 hour","free connections permitted","included in ticket","prepaid or onboard ticket","https://www.bustac.fr/titres-et-points-de-ventes/titres-pour-tous","high","Official source candidates found; policy still requires manual verification."
"chateauroux","Horizon (Châteauroux)","Centre-Val de Loire","research-incomplete","","","","","","unresolved","No transfer policy has been verified. The official-source search is incomplete or produced no candidate page."
"colmar","Trace (Colmar)","Grand Est","research-incomplete","","","","","","unresolved","No transfer policy has been verified. The official-source search is incomplete or produced no candidate page."
"compiegne","TIC (Compiègne)","Hauts-de-France","no_transfer_policy_published","","not published on the official site reviewed","","","https://www.oise-mobilite.fr/assistant-tarifaire","medium","Official site reviewed; no transfer policy was published in the reviewed material."
"concarneau","Coralie (Concarneau)","Bretagne","confirmed","1 hour","1 free connection","free connection included","standard ticket","https://coralie-cca.fr/tarifs/","high","Official source candidates found; policy still requires manual verification."
"creil","TCR (Creil)","Hauts-de-France","confirmed","1 hour","connections permitted","included in ticket","standard ticket","https://www.oise-mobilite.fr/tickets-axo","high","Official source candidates found; policy still requires manual verification."
"dieppe","Stradibus (Dieppe)","Normandie","confirmed","1 hour","transfers permitted","included in ticket","standard ticket","https://www.deepmob.fr/fr/titres-de-transport/36","high","Official source candidates found; policy still requires manual verification."
"douai","Évasion (Douai)","Hauts-de-France","research-incomplete","","","","","","unresolved","No transfer policy has been verified. The official-source search is incomplete or produced no candidate page."
"epinal","Imagine (Épinal)","Grand Est","no_transfer_policy_published","","not published on the official site reviewed","","","https://www.keolis.com/renforcer-satisfaction-passagers","medium","Official site reviewed; no transfer policy was published in the reviewed material."
"evreux","Transurbain (Évreux)","Normandie","research-incomplete","","","","","","unresolved","No transfer policy has been verified. The official-source search is incomplete or produced no candidate page."
"fougeres","Surfline (Fougères)","Bretagne","research-incomplete","","","","","","unresolved","No transfer policy has been verified. The official-source search is incomplete or produced no candidate page."
"grasse","Sillages (Grasse)","Provence-Alpes-Côte d'Azur","research-incomplete","","","","","","unresolved","No transfer policy has been verified. The official-source search is incomplete or produced no candidate page."
"laon","Laon urbain (TUL)","Hauts-de-France","confirmed","1 hour","connections permitted","included in ticket","standard ticket","https://www.tul-laon.fr/mes-titres/titres","high","Official source candidates found; policy still requires manual verification."
"lens","Tadao (Lens-Liévin)","Hauts-de-France","no_transfer_policy_published","","not published on the official site reviewed","","","https://www.tadao.fr/fr/BKq-Pass-Transport-Louvre-Lens.html","medium","Official site reviewed; no transfer policy was published in the reviewed material."
"limoges","STCL (Limoges)","Nouvelle-Aquitaine","confirmed","1 hour","not specified","included in ticket","standard ticket","https://storage.googleapis.com/is-wp-160-preprod/uploads-preprod/2026/04/depliant-site.pdf","medium","Official source candidates found; policy still requires manual verification."
"menton","Zest (Menton)","Provence-Alpes-Côte d'Azur","confirmed","1 hour","return trips are prohibited on the adult single-ride ticket; correspondence is included","included in the €2 single-ride ticket","magnetic ticket","https://www.zestbus.fr/tarifs/","high","No transfer policy has been verified. The official-source search is incomplete or produced no candidate page."
"mont-de-marsan","TMA (Mont-de-Marsan)","Nouvelle-Aquitaine","research-incomplete","","","","","","unresolved","No transfer policy has been verified. The official-source search is incomplete or produced no candidate page."
"montbeliard","Evolity (Montbéliard)","Bourgogne-Franche-Comté","official-source-candidate","","","","","","unresolved","Official source candidates found; policy still requires manual verification."
"morlaix","Linéotim (Morlaix)","Bretagne","official-source-candidate","","","","","","unresolved","Official source candidates found; policy still requires manual verification."
"nevers","Taneo (Nevers)","Bourgogne-Franche-Comté","research-incomplete","","","","","","unresolved","No transfer policy has been verified. The official-source search is incomplete or produced no candidate page."
"niort","TanLib (Niort)","Nouvelle-Aquitaine","official-source-candidate","","","","","","unresolved","Official source candidates found; policy still requires manual verification."
"quimperle","TBK (Quimperlé)","Bretagne","no_transfer_policy_published","","not published on the official site reviewed","","","http://www.giro.ca","medium","Official site reviewed; no transfer policy was published in the reviewed material."
"romans","Citéa Romans","Auvergne-Rhône-Alpes","no_transfer_policy_published","","not published on the official site reviewed","","","https://www.valenceromansmobilites.fr/tarifs-abonnements/bus/","medium","Official site reviewed; no transfer policy was published in the reviewed material."
"saint-brieuc","TUB (Saint-Brieuc)","Bretagne","research-incomplete","","","","","","unresolved","No transfer policy has been verified. The official-source search is incomplete or produced no candidate page."
"saint-malo","MAT (Saint-Malo)","Bretagne","confirmed","1.5 hours","unlimited within validity","included in ticket","advance ticket or card payment","https://www.reseau-mat.fr/fr/titres-et-tarifs","high","Official source candidates found; policy still requires manual verification."
"saint-omer","MouvO (Saint-Omer)","Hauts-de-France","official-source-candidate","","","","","","unresolved","Official source candidates found; policy still requires manual verification."
"saintes","Buséau (Saintes)","Nouvelle-Aquitaine","no_transfer_policy_published","","not published on the official site reviewed","","","https://www.ratpdev.com","medium","Official site reviewed; no transfer policy was published in the reviewed material."
"tarbes","TLP Mobilités (Tarbes)","Occitanie","research-incomplete","","","","","","unresolved","No transfer policy has been verified. The official-source search is incomplete or produced no candidate page."
"valenciennes","Transvilles (Valenciennes)","Hauts-de-France","official-source-candidate","","","","","","unresolved","Official source candidates found; policy still requires manual verification."
"vierzon","Le Vib (Vierzon)","Centre-Val de Loire","research-incomplete","","","","","","unresolved","No transfer policy has been verified. The official-source search is incomplete or produced no candidate page."
"albi","LibéA (Albi)","Occitanie","research-incomplete","","","","","","unresolved","No transfer policy has been verified. The official-source search is incomplete or produced no candidate page."
"ales","Ales'y (Alès)","Occitanie","research-incomplete","","","","","","unresolved","No transfer policy has been verified. The official-source search is incomplete or produced no candidate page."
"angouleme","Möbius (Angoulême)","Nouvelle-Aquitaine","research-incomplete","","","","","","unresolved","No transfer policy has been verified. The official-source search is incomplete or produced no candidate page."
"arcachon","Baïa (Bassin d'Arcachon)","Nouvelle-Aquitaine","no_transfer_policy_published","","not published on the official site reviewed","","","https://www.bus-baia.fr/titres-et-tarifs.html","medium","Official site reviewed; no transfer policy was published in the reviewed material."
"argentan","Terres d'Argentan Mobilité","Normandie","confirmed","1 hour","not specified","included in ticket","standard ticket","https://terresdargentan.fr/argentan-intercom-mobilite/","high","Official source candidates found; policy still requires manual verification."
"auch","Alliance (Auch)","Occitanie","no_transfer_policy_published","","not published on the official site reviewed","","","https://www.alliance-bus.com/tarifs","medium","Official site reviewed; no transfer policy was published in the reviewed material."
"beaune","Côte&Bus (Beaune)","Bourgogne-Franche-Comté","confirmed","1 hour","connections and return travel permitted","included in unit ticket","onboard ticket","https://coteetbus.fr/fr/kBM-Ticket-Unite.html","high","Official source candidates found; policy still requires manual verification."
"cavaillon","Cmonbus (Cavaillon)","Provence-Alpes-Côte d'Azur","research-incomplete","","","","","","unresolved","No transfer policy has been verified. The official-source search is incomplete or produced no candidate page."
"chamonix","Chamonix Mobilités","Auvergne-Rhône-Alpes","research-incomplete","","","","","","unresolved","No transfer policy has been verified. The official-source search is incomplete or produced no candidate page."
"cherbourg","Cap Cotentin (Cherbourg)","Normandie","research-incomplete","","","","","","unresolved","No transfer policy has been verified. The official-source search is incomplete or produced no candidate page."
"coutances","Cosibus (Coutances)","Normandie","research-incomplete","","","","","","unresolved","No transfer policy has been verified. The official-source search is incomplete or produced no candidate page."
"dinan","Dinamo (Dinan)","Bretagne","research-incomplete","","","","","","unresolved","No transfer policy has been verified. The official-source search is incomplete or produced no candidate page."
"gap","Trotibus (Gap)","Provence-Alpes-Côte d'Azur","research-incomplete","","","","","","unresolved","No transfer policy has been verified. The official-source search is incomplete or produced no candidate page."
"guingamp","Guingamp-Paimpol Mobilité","Bretagne","research-incomplete","","","","","","unresolved","No transfer policy has been verified. The official-source search is incomplete or produced no candidate page."
"libourne","Calibus (Libourne)","Nouvelle-Aquitaine","no_transfer_policy_published","","not published on the official site reviewed","","","https://www.calibus.fr","medium","Official site reviewed; no transfer policy was published in the reviewed material."
"louviers","SEMO (Louviers)","Normandie","research-incomplete","","","","","","unresolved","No transfer policy has been verified. The official-source search is incomplete or produced no candidate page."
"montauban","TM (Montauban)","Occitanie","research-incomplete","","","","","","unresolved","No transfer policy has been verified. The official-source search is incomplete or produced no candidate page."
"moulins","Aléo (Moulins)","Auvergne-Rhône-Alpes","research-incomplete","","","","","","unresolved","No transfer policy has been verified. The official-source search is incomplete or produced no candidate page."
"oyonnax","Duobus (Oyonnax)","Auvergne-Rhône-Alpes","no_transfer_policy_published","","not published on the official site reviewed","","","https://www.duobus.fr/tous-les-titres","medium","Official site reviewed; no transfer policy was published in the reviewed material."
"porto-vecchio","A Citadina (Porto-Vecchio)","Corse","official-source-candidate","","","","","","unresolved","Official source candidates found; policy still requires manual verification."
"privas","T'CAP (Privas)","Auvergne-Rhône-Alpes","research-incomplete","","","","","","unresolved","No transfer policy has been verified. The official-source search is incomplete or produced no candidate page."
"saint-quentin","TUC (Saint-Quentin)","Hauts-de-France","research-incomplete","","","","","","unresolved","No transfer policy has been verified. The official-source search is incomplete or produced no candidate page."
"selestat","ELSA (Sélestat)","Grand Est","official-source-candidate","","","","","","unresolved","Official source candidates found; policy still requires manual verification."
"vichy","MobiVie (Vichy)","Auvergne-Rhône-Alpes","research-incomplete","","","","","","unresolved","No transfer policy has been verified. The official-source search is incomplete or produced no candidate page."
"villeneuve-sur-lot","Elios (Villeneuve-sur-Lot)","Nouvelle-Aquitaine","research-incomplete","","","","","","unresolved","No transfer policy has been verified. The official-source search is incomplete or produced no candidate page."
"aix-les-bains","Aix-les-Bains","Auvergne-Rhône-Alpes","official-source-candidate","","","","","","unresolved","Official source candidates found; policy still requires manual verification."
"amberieu","Ambérieu","Auvergne-Rhône-Alpes","no_transfer_policy_published","","not published on the official site reviewed","","","https://www.laregionvoustransporte.fr/actualites/mobilites-le-m-ticket-disponible-sur-lappli-oura/","medium","Official site reviewed; no transfer policy was published in the reviewed material."
"chalons","SITAC (Châlons)","Grand Est","no_transfer_policy_published","","not published on the official site reviewed","","","http://www.businfo-groupe.com","medium","Official site reviewed; no transfer policy was published in the reviewed material."
"cosne","Cosne-Cours-sur-Loire","Bourgogne-Franche-Comté","official-source-candidate","","","","","","unresolved","Official source candidates found; policy still requires manual verification."
"dole","Dole","Bourgogne-Franche-Comté","research-incomplete","","","","","","unresolved","No transfer policy has been verified. The official-source search is incomplete or produced no candidate page."
"draguignan","TedBus (Draguignan)","Provence-Alpes-Côte d'Azur","official-source-candidate","","","","","","unresolved","Official source candidates found; policy still requires manual verification."
"dreux","Dreux","Centre-Val de Loire","no_transfer_policy_published","","not published on the official site reviewed","","","http://www.linead.fr/","medium","Official site reviewed; no transfer policy was published in the reviewed material."
"fecamp","Fécamp","Normandie","research-incomplete","","","","","","unresolved","No transfer policy has been verified. The official-source search is incomplete or produced no candidate page."
"figeac","Figeac","Occitanie","no_transfer_policy_published","","not published on the official site reviewed","","","http://www.cars-delbos.com/","medium","Official site reviewed; no transfer policy was published in the reviewed material."
"flers","Flers","Normandie","no_transfer_policy_published","","not published on the official site reviewed","","","http://www.flers-agglo.fr/cadre-de-vie/transport-et-mobilite/transports-urbains-transports-a-la-demande-tad/","medium","Official site reviewed; no transfer policy was published in the reviewed material."
"haguenau","Haguenau","Grand Est","confirmed","1 hour","connections and return travel permitted","included in ticket","standard ticket","https://www.ritmo.fr/choisir-mon-titre","high","Official source candidates found; policy still requires manual verification."
"la-roche-sur-yon","Impulsyon (La Roche-sur-Yon)","Pays de la Loire","no_transfer_policy_published","","not published on the official site reviewed","","","https://orchestra.ratpdev.com","medium","Official site reviewed; no transfer policy was published in the reviewed material."
"lannion","TILT (Lannion)","Bretagne","official-source-candidate","","","","","","unresolved","Official source candidates found; policy still requires manual verification."
"manosque","TransAgglo (Manosque)","Provence-Alpes-Côte d'Azur","no_transfer_policy_published","","not published on the official site reviewed","","","https://mobilite.dlva.fr/tarifs-reseau-transagglo-au-11-juillet-2024/","medium","Official site reviewed; no transfer policy was published in the reviewed material."
"mende","Mende","Occitanie","research-incomplete","","","","","","unresolved","No transfer policy has been verified. The official-source search is incomplete or produced no candidate page."
"narbonne","Citibus (Narbonne)","Occitanie","no_transfer_policy_published","","not published on the official site reviewed","","","https://www.citibus.fr/se-deplacer/prochain-passage","medium","Official site reviewed; no transfer policy was published in the reviewed material."
"oloron","Oloron-Sainte-Marie","Nouvelle-Aquitaine","no_transfer_policy_published","","not published on the official site reviewed","","","https://www.oloron-ste-marie.fr/events/programme-ca-spasse-la-haut-du-centre-social/","medium","Official site reviewed; no transfer policy was published in the reviewed material."
"pont-audemer","Pont-Audemer","Normandie","no_transfer_policy_published","","not published on the official site reviewed","","","https://nomad.normandie.fr/actualites/des-tarifs-revisites-pour-plus-de-coherence-et-dequite","medium","Official site reviewed; no transfer policy was published in the reviewed material."
"redon","Redon","Bretagne","official-source-candidate","","","","","","unresolved","Official source candidates found; policy still requires manual verification."
"rumilly","Rumilly","Auvergne-Rhône-Alpes","research-incomplete","","","","","","unresolved","No transfer policy has been verified. The official-source search is incomplete or produced no candidate page."
"sarlat","Sarlat","Nouvelle-Aquitaine","official-source-candidate","","","","","","unresolved","Official source candidates found; policy still requires manual verification."
"saumur","Saumur Agglobus","Pays de la Loire","official-source-candidate","","","","","","unresolved","Official source candidates found; policy still requires manual verification."
"sete","Sète","Occitanie","official-source-candidate","","","","","","unresolved","Official source candidates found; policy still requires manual verification."
"thiers","Thiers","Auvergne-Rhône-Alpes","research-incomplete","","","","","","unresolved","No transfer policy has been verified. The official-source search is incomplete or produced no candidate page."
"vendome","Vendôme","Centre-Val de Loire","no_transfer_policy_published","","not published on the official site reviewed","","","https://move-vendomois.fr/ticket/","medium","Official site reviewed; no transfer policy was published in the reviewed material."
"vesoul","Vesoul","Bourgogne-Franche-Comté","research-incomplete","","","","","","unresolved","No transfer policy has been verified. The official-source search is incomplete or produced no candidate page."
"godurham","GoDurham","North Carolina","no_transfer_policy_published","","not published on the official site reviewed","","","https://godurhamtransit.org/godurham-is-fare-free-through-june-2026/","medium","Official site reviewed; no transfer policy was published in the reviewed material."
"jacksonville-nc","Jacksonville Transit","North Carolina","no_transfer_policy_published","","not published on the official site reviewed","","","https://jacksonvillenc.gov/922/Ride-Passenger-Info","medium","Official site reviewed; no transfer policy was published in the reviewed material."
"fast-nc","Fayetteville Area System of Transit","North Carolina","research-incomplete","","","","","","unresolved","No transfer policy has been verified. The official-source search is incomplete or produced no candidate page."
"greenway","Greenway Public Transportation","North Carolina","confirmed","","first bus to next bus in the trip","included in fare","standard fare","https://www.mygreenway.org/bus-fares","high","Official source candidates found; policy still requires manual verification."
"concord-kannapolis","Rider Transit","North Carolina","no_transfer_policy_published","","not published on the official site reviewed","","","http://trackingckrider.com","medium","Official site reviewed; no transfer policy was published in the reviewed material."
"gaston-county","Gaston County Transit","North Carolina","no_transfer_policy_published","","not published on the official site reviewed","","","http://www.gastongov.com/government/departments/health_and_human_services/social_services/access.php","medium","Official site reviewed; no transfer policy was published in the reviewed material."
"coast-rta","Coast RTA","South Carolina","confirmed","","none","not available","contactless fare","https://coastrta.com/contactless-fare-payment/","high","Official source candidates found; policy still requires manual verification."
"sunshine-bus","Sunshine Bus Company","Florida","official-source-candidate","","","","","","unresolved","Official source candidates found; policy still requires manual verification."
"key-west-transit","Key West Transit","Florida","research-incomplete","","","","","","unresolved","No transfer policy has been verified. The official-source search is incomplete or produced no candidate page."
"citylink-north","Kootenai County Citylink North","Idaho","official-source-candidate","","","","","","unresolved","Official source candidates found; policy still requires manual verification."
"dcta","Denton County Transportation Authority (DCTA)","Texas","official-source-candidate","","","","","","unresolved","Official source candidates found; policy still requires manual verification."
"waco","Waco Transit System","Texas","no_transfer_policy_published","","not published on the official site reviewed","","","https://wacotransit.transloc.com","medium","Official site reviewed; no transfer policy was published in the reviewed material."
"brazos","Brazos Transit District","Texas","no_transfer_policy_published","","not published on the official site reviewed","","","https://www.btd.org/fares-and-passes/","medium","Official site reviewed; no transfer policy was published in the reviewed material."
"lafayette-la","Lafayette Transit System","Louisiana","research-incomplete","","","","","","unresolved","No transfer policy has been verified. The official-source search is incomplete or produced no candidate page."
"coast-transit-ms","Coast Transit Authority","Mississippi","official-source-candidate","","","","","","unresolved","Official source candidates found; policy still requires manual verification."
"hub-city-transit","Hub City Transit","Mississippi","official-source-candidate","","","","","","unresolved","Official source candidates found; policy still requires manual verification."
"tank","Transit Authority of Northern Kentucky (TANK)","Kentucky","confirmed","2 hours","any bus or bus stop","$0.25","cash or EZFare","https://www.tankbus.org/fares-guides/fare/","high","Official source candidates found; policy still requires manual verification."
"sandusky","Sandusky Transit System","Ohio","official-source-candidate","","","","","","unresolved","Official source candidates found; policy still requires manual verification."
"bay-metro","Bay Metro (Bay City)","Michigan","official-source-candidate","","","","","","unresolved","Official source candidates found; policy still requires manual verification."
"burlington-ia","Burlington Urban Service (BUS)","Iowa","official-source-candidate","","","","","","unresolved","Official source candidates found; policy still requires manual verification."
"jefftran","Jefferson City Transit (JeffTran)","Missouri","confirmed","","1 free transfer per one-way trip","free","standard fare","https://www.jeffersoncitymo.gov/government/transit/fares.php","high","Official source candidates found; policy still requires manual verification."
"muskegon","Muskegon Area Transit System","Michigan","confirmed","30 minutes","not specified","free","cash","https://matsbus.com/","high","Official source candidates found; policy still requires manual verification."
"telluride","Town of Telluride (Galloping Goose)","Colorado","official-source-candidate","","","","","","unresolved","Official source candidates found; policy still requires manual verification."
"mountain-village","Town of Mountain Village Transit","Colorado","official-source-candidate","","","","","","unresolved","Official source candidates found; policy still requires manual verification."
"smart-telluride","San Miguel Authority for Regional Transportation (SMART)","Colorado","no_transfer_policy_published","","not published on the official site reviewed","","","https://smarttelluride.colorado.gov/","medium","Official site reviewed; no transfer policy was published in the reviewed material."
"snowmass-village","Snowmass Village Shuttle","Colorado","no_transfer_policy_published","","not published on the official site reviewed","","","https://www.snowmasstransit.com/133/Routes-Schedules","medium","Official site reviewed; no transfer policy was published in the reviewed material."
"winter-park","The Lift","Colorado","no_transfer_policy_published","","not published on the official site reviewed","","","https://www.theliftwp.com/","medium","Official site reviewed; no transfer policy was published in the reviewed material."
"roundabout","Clear Creek County Transit (RoundAbout)","Colorado","official-source-candidate","","","","","","unresolved","Official source candidates found; policy still requires manual verification."
"breck-free-ride","Breckenridge Free Ride","Colorado","no_transfer_policy_published","","not published on the official site reviewed","","","https://www.breckfreeride.com/","medium","Official site reviewed; no transfer policy was published in the reviewed material."
"summit-stage","Summit Stage","Colorado","no_transfer_policy_published","","not published on the official site reviewed","","","https://www.summitcountyco.gov/586/Transit-Summit-Stage","medium","Official site reviewed; no transfer policy was published in the reviewed material."
"vail-transit","Vail Transit","Colorado","no_transfer_policy_published","","not published on the official site reviewed","","","https://www.vail.gov/government/departments/transportation-services/bus-information","medium","Official site reviewed; no transfer policy was published in the reviewed material."
"avon-transit","Avon Transit","Colorado","official-source-candidate","","","","","","unresolved","Official source candidates found; policy still requires manual verification."
"timmins","Timmins Transit","Ontario","no_transfer_policy_published","","not published on the official site reviewed","","","https://www.timmins.ca/how_do_i_/pay_a_traffic_ticket","medium","Official site reviewed; no transfer policy was published in the reviewed material."
"casper","Casper Area Transit","Wyoming","no_transfer_policy_published","","not published on the official site reviewed","","","https://www.casperwy.gov/explore/casper_recreation_center/memberships___day_passes.php","medium","Official site reviewed; no transfer policy was published in the reviewed material."
