slug,agencyName,region,researchStatus,amount,currency,fareType,sourceUrl,confidence,officialWebsite,officialReviewStatus,verifiedFare,notes
"barrie","Barrie Transit","Ontario","verified-official","","","","http://www.myridebarrie.ca/gtfs/google_transit.zip","unresolved","https://www.barrie.ca/services-payments/transportation-parking/barrie-transit","official-source-found","{""slug"":""barrie"",""agencyName"":""Barrie Transit"",""amount"":3.5,""currency"":""CAD"",""fareType"":""adult single ride"",""payment"":""exact cash or HotSpot"",""sourceUrl"":""https://www.barrie.ca/services-payments/transportation-parking/barrie-transit/fares-passes"",""confidence"":""high"",""evidence"":""Single-Ride Fares: Adults, students, children 13+ $3.50; page also lists a $3.00 reduced fare separately.""}","Feed was inspected but did not contain a usable fare_attributes.txt or fare_products.txt record."
"belleville","Belleville Transit","Ontario","official-source-candidate","","","","https://metrolinx.tmix.se/gtfs/gtfs-belleville.zip","unresolved","https://www.belleville.ca/residents/page/transit","official-source-found","","Feed was inspected but did not contain a usable fare_attributes.txt or fare_products.txt record."
"brampton","Brampton Transit","Ontario","official-source-candidate","4.75","CAD","GTFS Fares V1 fare attribute","https://www.arcgis.com/sharing/rest/content/items/a355aabd5a8c490186bdce559c9c75fb/data","low","http://www.bramptontransit.com","official-source-found","","Fare extracted from the current locally available GTFS feed."
"burlington","Burlington Transit","Ontario","verified-official","3.75","CAD","GTFS Fares V1 fare attribute","https://opendata.burlington.ca/gtfs-rt/GTFS_Data.zip","low","https://www.burlingtontransit.ca/en/index.aspx","official-source-found","{""slug"":""burlington"",""agencyName"":""Burlington Transit"",""amount"":2.85,""currency"":""CAD"",""fareType"":""adult single ride"",""payment"":""PRESTO"",""cashAmount"":3.75,""sourceUrl"":""https://www.burlington.ca/en/transit/fares.aspx"",""confidence"":""high"",""evidence"":""Official fare page lists Adult PRESTO fare $2.85 and cash fare $3.75 for customers age 13 and older; youth and other categories are listed separately.""}","Fare extracted from the current locally available GTFS feed."
"chatham-kent","Ride CK","Ontario","verified-official","","","","https://ck.usetransit.com/api/1/public/gtfs/5/gtfs.zip?token=eddbcb1b954b64461!!9687922751$-$@9cc77671a2df2f^","unresolved","https://www.chatham-kent.ca/transit/Pages/default.aspx","official-source-found","{""slug"":""chatham-kent"",""agencyName"":""Ride CK"",""amount"":2.75,""currency"":""CAD"",""fareType"":""regular/adult urban cash fare"",""payment"":""exact cash"",""sourceUrl"":""https://www.chatham-kent.ca/transit/fares/Pages/Cash-Fares.aspx"",""confidence"":""high"",""evidence"":""Urban Services: $2.75 exact cash for Regular/Adults, Seniors, Students.""}","Feed was inspected but did not contain a usable fare_attributes.txt or fare_products.txt record."
"cornwall","Cornwall Transit","Ontario","official-fare-page-not-found","","","","https://metrolinx.tmix.se/gtfs/gtfs-cornwall.zip","unresolved","https://www.cornwall.ca/en/live-here/cornwall-transit.aspx","official-fare-page-not-found","","Feed was inspected but did not contain a usable fare_attributes.txt or fare_products.txt record."
"drt","Durham Region Transit","Ontario","official-source-candidate","4.75","CAD","GTFS Fares V1 fare attribute","https://maps.durham.ca/OpenDataGTFS/GTFS_Durham_TXT.zip","low","https://www.durhamregiontransit.com","official-source-found","","Fare extracted from the current locally available GTFS feed."
"go","GO Transit","Ontario","official-source-candidate","4.4","CAD","GTFS Fares V1 fare attribute","https://assets.metrolinx.com/raw/upload/Documents/Metrolinx/Open%20Data/GO-GTFS.zip","low","https://www.gotransit.com","official-source-found","","Feed publishes multiple products; discounted, special, or non-core products were excluded where identifiable, then the lowest positive core candidate was retained."
"grt","Grand River Transit (Waterloo Region)","Ontario","official-source-candidate","1","USD","GTFS Fares V1 fare attribute","https://storage.googleapis.com/storage/v1/b/mdb-latest/o/ca-ontario-grand-river-transit-gtfs-721.zip?alt=media","low","http://www.grt.ca","official-source-found","","Fare extracted from the current locally available GTFS feed."
"guelph","Guelph Transit","Ontario","official-source-candidate","","","","https://drive.usercontent.google.com/download?id=1SsCgQ0agO_EONavJoOuBPMlbcu2VcUs4&export=download","unresolved","http://www.guelphtransit.ca","official-source-found","","Feed was inspected but did not contain a usable fare_attributes.txt or fare_products.txt record."
"hamilton","Hamilton Street Railway","Ontario","official-source-candidate","3.75","CAD","GTFS Fares V1 fare attribute","https://opendata.hamilton.ca/GTFS-Static/google_transit.zip","low","http://www.hamilton.ca/hsr","official-source-found","","Fare extracted from the current locally available GTFS feed."
"kingston","Kingston Transit","Ontario","verified-official","","","","https://api.cityofkingston.ca/gtfs/gtfs.zip","unresolved","https://www.kingstontransit.ca","official-source-found","{""slug"":""kingston"",""agencyName"":""Kingston Transit"",""amount"":3.5,""currency"":""CAD"",""fareType"":""adult pay-as-you-go fare"",""payment"":""coins or smart card"",""sourceUrl"":""https://www.kingstontransit.ca/fares-and-passes/standard-fares-and-passes/"",""confidence"":""high"",""evidence"":""Standard fare table: Adult Fee $3.50 for coins/pay as you go.""}","Feed was inspected but did not contain a usable fare_attributes.txt or fare_products.txt record."
"london","London Transit","Ontario","verified-official","","","","https://www.londontransit.ca/gtfsfeed/google_transit.zip","unresolved","http://www.londontransit.ca","official-source-found","{""slug"":""london"",""agencyName"":""London Transit Commission"",""amount"":3.5,""currency"":""CAD"",""fareType"":""adult single ride"",""payment"":""exact cash"",""sourceUrl"":""https://www.londontransit.ca/fares-and-passes/fares/"",""confidence"":""high"",""evidence"":""Exact Cash table: Adult, Student, Senior $3.50, including a 90-minute transfer.""}","Feed was inspected but did not contain a usable fare_attributes.txt or fare_products.txt record."
"miway","MiWay (Mississauga)","Ontario","verified-official","","","","https://www.miapp.ca/GTFS/google_transit.zip","unresolved","http://www.miway.ca","official-source-found","{""slug"":""miway"",""agencyName"":""MiWay (Mississauga)"",""amount"":3.5,""currency"":""CAD"",""fareType"":""adult single fare"",""payment"":""PRESTO"",""cashAmount"":4.5,""sourceUrl"":""https://www.mississauga.ca/miway-transit/fares/fare-prices/"",""confidence"":""high"",""evidence"":""Adult price table: PRESTO single fare $3.50; cash single fare $4.50.""}","Feed was inspected but did not contain a usable fare_attributes.txt or fare_products.txt record."
"milton","Milton Transit","Ontario","official-source-candidate","","","","http://metrolinx.tmix.se/gtfs/gtfs-milton.zip","unresolved","http://www.miltontransit.ca/","official-source-found","","Feed was inspected but did not contain a usable fare_attributes.txt or fare_products.txt record."
"niagara","Niagara Transit","Ontario","verified-official","3.5","CAD","GTFS Fares V1 fare attribute","http://68.71.24.110/gtfs/GTFSExport.zip","low","https://nrtransit.ca/","official-source-found","{""slug"":""niagara"",""agencyName"":""Niagara Transit"",""amount"":3.5,""currency"":""CAD"",""fareType"":""adult cash single ride"",""payment"":""cash or fare media"",""sourceUrl"":""https://nrtransit.ca/fares/"",""confidence"":""high"",""evidence"":""Official fare table lists Cash fare / Single ride for adults ages 18 to 64 at $3.50; reduced categories and passes are listed separately.""}","Feed publishes multiple products; discounted, special, or non-core products were excluded where identifiable, then the lowest positive core candidate was retained."
"octranspo","OC Transpo (Ottawa)","Ontario","verified-official","","","","https://oct-gtfs-emasagcnfmcgeham.z01.azurefd.net/public-access/GTFSExport.zip","unresolved","https://www.octranspo.com","official-source-found","{""slug"":""octranspo"",""agencyName"":""OC Transpo (Ottawa)"",""amount"":4.1,""currency"":""CAD"",""fareType"":""adult per-ride fare"",""payment"":""PRESTO or O-Payment"",""cashAmount"":4.15,""sourceUrl"":""https://www.octranspo.com/en/fares/"",""confidence"":""high"",""evidence"":""Official 2026 fare table lists Adult PRESTO $4.10, O-Payment $4.10, and cash $4.15; reduced fares are listed separately.""}","Feed was inspected but did not contain a usable fare_attributes.txt or fare_products.txt record."
"oakville","Oakville Transit","Ontario","official-source-candidate","","","","https://www.arcgis.com/sharing/rest/content/items/d78a1c1ad6a940009de8b68839a8f606/data","unresolved","http://www.oakvilletransit.ca/","official-source-found","","Feed was inspected but did not contain a usable fare_attributes.txt or fare_products.txt record."
"orangeville","Orangeville Transit","Ontario","verified-official","","","","http://metrolinx.tmix.se/gtfs/gtfs-orangeville.zip","unresolved","https://www.orangeville.ca/en/living-here/schedules-and-map.aspx","official-source-found","{""slug"":""orangeville"",""agencyName"":""Orangeville Transit"",""amount"":0,""currency"":""CAD"",""fareType"":""standard ride"",""payment"":""no fare required"",""sourceUrl"":""https://www.orangeville.ca/farefreetransit/"",""effectiveDate"":""2027-07-21"",""confidence"":""high"",""evidence"":""Town of Orangeville states the fare-free transit pilot has been extended until July 21, 2027; riders can use Orangeville Transit without paying a fare.""}","Feed was inspected but did not contain a usable fare_attributes.txt or fare_products.txt record."
"orillia","Orillia Transit","Ontario","verified-official","","","","http://metrolinx.tmix.se/gtfs/gtfs-orillia.zip","unresolved","https://www.orillia.ca/roads-and-environment/getting-around/transit/","official-source-found","{""slug"":""orillia"",""agencyName"":""Orillia Transit"",""amount"":2,""currency"":""CAD"",""fareType"":""adult and senior single ride"",""payment"":""exact cash or cOnnect pass"",""sourceUrl"":""https://www.orillia.ca/roads-and-environment/getting-around/transit/transit-schedule-and-fares/"",""confidence"":""high"",""evidence"":""Bus fare table: Single Ride (adult and senior) $2.00; page notes reduced fares are in place until March 31, 2027.""}","Feed was inspected but did not contain a usable fare_attributes.txt or fare_products.txt record."
"owen-sound","Owen Sound Transit","Ontario","official-source-candidate","","","","http://metrolinx.tmix.se/gtfs/gtfs-owensound.zip","unresolved","https://www.owensound.ca/roads-transportation/public-transit/city-bus-service/","official-source-found","","Feed was inspected but did not contain a usable fare_attributes.txt or fare_products.txt record."
"north-bay","North Bay Transit","Ontario","verified-official","3","CAD","GTFS Fares V1 fare attribute","https://northbay.tmix.se/gtfs/gtfs.zip","low","https://northbay.ca/services-payments/north-bay-transit/","official-source-found","{""slug"":""north-bay"",""agencyName"":""North Bay Transit"",""amount"":3.25,""currency"":""CAD"",""fareType"":""single trip"",""payment"":""standard fare"",""sourceUrl"":""https://northbay.ca/services-payments/north-bay-transit/transit-fares-passes/"",""confidence"":""high"",""evidence"":""Official fare table lists Single Trip at $3.25; 10-trip, day, monthly, student, senior, and other fares are listed separately.""}","Fare extracted from the current locally available GTFS feed."
"sarnia","Sarnia Transit","Ontario","official-site-inaccessible","","","","http://metrolinx.tmix.se/gtfs/gtfs-sarnia.zip","unresolved","http://www.city.sarnia.on.ca/living-here/getting-around/sarnia-transit","site-inaccessible","","Feed was inspected but did not contain a usable fare_attributes.txt or fare_products.txt record."
"simcoe","Simcoe County LINX","Ontario","verified-official","","","","http://metrolinx.tmix.se/gtfs/gtfs-simcoe.zip","unresolved","https://www.simcoe.ca/dpt/linx","official-source-found","{""slug"":""simcoe"",""agencyName"":""Simcoe County LINX"",""amount"":2,""amountMax"":6,""currency"":""CAD"",""fareType"":""adult cash one-way zone fare"",""payment"":""exact cash"",""sourceUrl"":""https://simcoe.ca/residents/linx-transit/fare-information/"",""confidence"":""high"",""evidence"":""Cash fare is the same for all riders and ranges from $2.00, $4.00, and $6.00 across three fare zones; adult LINX Card fare is discounted 10%.""}","Feed was inspected but did not contain a usable fare_attributes.txt or fare_products.txt record."
"st-thomas","St. Thomas Transit","Ontario","official-fare-page-not-found","","","","http://metrolinx.tmix.se/gtfs/gtfs-stthomas.zip","unresolved","https://www.stthomas.ca/en/live-here/transit.aspx","official-fare-page-not-found","","Feed was inspected but did not contain a usable fare_attributes.txt or fare_products.txt record."
"stratford","Stratford Transit","Ontario","official-fare-page-not-found","","","","https://metrolinx.tmix.se/gtfs/gtfs-stratford.zip","unresolved","https://www.stratford.ca/en/live-here/transit.aspx","official-fare-page-not-found","","Feed was inspected but did not contain a usable fare_attributes.txt or fare_products.txt record."
"ttc","Toronto Transit Commission","Ontario","verified-official","","USD","GTFS zero-fare candidate","https://ckan0.cf.opendata.inter.prod-toronto.ca/dataset/7795b45e-e65a-4465-81fc-c36b9dfff169/resource/cfb6b2b8-6191-41e3-bda1-b175c51148cb/download/TTC%20Routes%20and%20Schedules%20Data.zip","unresolved","https://www.ttc.ca","official-source-found","{""slug"":""ttc"",""agencyName"":""Toronto Transit Commission"",""amount"":3.3,""currency"":""CAD"",""fareType"":""adult pay-as-you-go fare"",""payment"":""PRESTO"",""cashAmount"":3.35,""sourceUrl"":""https://www.ttc.ca/Fares-and-passes"",""confidence"":""high"",""evidence"":""Official pay-as-you-go table lists Adult PRESTO $3.30 and cash $3.35; debit/credit and reduced categories are listed separately.""}","GTFS publishes only zero-value legacy fare attributes; this may be a placeholder and was not treated as proof of free service."
"windsor","Transit Windsor","Ontario","verified-official","","","","https://opendata.citywindsor.ca/Uploads/google_transit.zip","unresolved","https://www.citywindsor.ca/residents/transit-windsor","official-source-found","{""slug"":""windsor"",""agencyName"":""Transit Windsor"",""amount"":3.95,""currency"":""CAD"",""fareType"":""adult/senior/youth cash fare"",""payment"":""exact cash"",""sourceUrl"":""https://www.citywindsor.ca/residents/transit-windsor/fares/"",""confidence"":""high"",""evidence"":""Current Fares: Adult, Senior, Youth $3.95 including a two-hour transfer.""}","Feed was inspected but did not contain a usable fare_attributes.txt or fare_products.txt record."
"upexpress","UP Express (Toronto)","Ontario","official-source-candidate","","","","https://assets.metrolinx.com/raw/upload/v1/Documents/Metrolinx/Open%20Data/UP-GTFS.zip","unresolved","https://www.upexpress.com","official-source-found","","Feed was inspected but did not contain a usable fare_attributes.txt or fare_products.txt record."
"yrt","York Region Transit","Ontario","verified-official","4.65","CAD","GTFS Fares V1 fare attribute","https://www.yrt.ca/google/google_transit.zip","low","http://www.yrt.ca","official-source-found","{""slug"":""yrt"",""agencyName"":""York Region Transit"",""amount"":4.24,""currency"":""CAD"",""fareType"":""adult single ride"",""payment"":""PRESTO"",""cashAmount"":4.65,""effectiveDate"":""2026-07-01"",""sourceUrl"":""https://www.yrt.ca/en/fares-and-passes/fare-chart.aspx"",""confidence"":""high"",""evidence"":""Official fare chart says prices effective July 1, 2026 and lists Adult PRESTO $4.24 and cash, credit or debit $4.65.""}","Fare extracted from the current locally available GTFS feed."
"linter","L'Inter des Laurentides","Quebec","official-source-candidate","","","","https://zenbus.net/gtfs/static/download.zip?dataset=linter","unresolved","https://www.transportlaurentides.ca/","official-source-found","","Feed was inspected but did not contain a usable fare_attributes.txt or fare_products.txt record."
"mont-tremblant","Mont-Tremblant","Quebec","official-fare-page-not-found","","","","https://zenbus.net/gtfs/static/download.zip?dataset=tcmt6w8qbuxm","unresolved","https://www.villedemont-tremblant.qc.ca","official-fare-page-not-found","","Feed was inspected but did not contain a usable fare_attributes.txt or fare_products.txt record."
"rem","REM (Montréal)","Quebec","official-source-candidate","3.75","CAD","published Atlas base adult fare","https://rem.info/en/travelling/transit-fares","high","https://rem.info/fr","official-source-found","","Existing Atlas override retained as research evidence."
"rtc","RTC (Québec)","Quebec","verified-official","","","","https://cdn.rtcquebec.ca/Site_Internet/DonneesOuvertes/googletransit.zip","unresolved","https://www.rtcquebec.ca","official-source-found","{""slug"":""rtc"",""agencyName"":""RTC (Québec)"",""amount"":3.85,""currency"":""CAD"",""fareType"":""adult one-ticket fare"",""payment"":""standard ticket"",""effectiveDate"":""2026-07-01"",""sourceUrl"":""https://www.rtcquebec.ca/tarifs-et-achat/tarifs-et-titres/grille-des-tarifs"",""confidence"":""high"",""evidence"":""Official 2026 fare grid states rates are in force from July 1, 2026 and lists a single ticket at $3.85; multi-ticket and other categories are listed separately.""}","Feed was inspected but did not contain a usable fare_attributes.txt or fare_products.txt record."
"rtl","RTL (Longueuil)","Quebec","official-source-candidate","3.75","CAD","published Atlas base adult fare","https://www.rtl-longueuil.qc.ca/en-CA/fares/","high","http://www.rtl-longueuil.qc.ca","official-source-found","","Existing Atlas override retained as research evidence."
"stl","STL (Laval)","Quebec","verified-official","","","","https://www.stlaval.ca/datas/opendata/GTF_STL.zip","unresolved","https://stlaval.ca","official-source-found","{""slug"":""stl"",""agencyName"":""STL (Laval)"",""amount"":3.75,""currency"":""CAD"",""fareType"":""Bus one-trip fare"",""payment"":""standard ticket"",""sourceUrl"":""https://stlaval.ca/tarifs"",""confidence"":""high"",""evidence"":""Official STL fare page lists the Laval-only Bus fare at $3.75; metropolitan all-mode products are listed separately.""}","Feed was inspected but did not contain a usable fare_attributes.txt or fare_products.txt record."
"stlevis","STLévis","Quebec","official-source-candidate","3","CAD","GTFS Fares V2 base product","https://www.stlevis.ca/sites/default/files/public/assets/gtfs/transit/gtfs_stlevis.zip","medium","http://www.stlevis.ca/","official-source-found","","Feed publishes multiple products; discounted, special, or non-core products were excluded where identifiable, then the lowest positive core candidate was retained."
"stm","STM (Montréal)","Quebec","official-source-candidate","3.75","CAD","published Atlas base adult fare","https://www.stm.info/en/info/fares/transit-fares","high","https://www.stm.info","official-source-found","","Existing Atlas override retained as research evidence."
"sto","STO (Gatineau)","Quebec","official-source-candidate","","","","https://contenu.sto.ca/GTFS/GTFS.zip","unresolved","http://www.sto.ca","official-source-found","","Feed was inspected but did not contain a usable fare_attributes.txt or fare_products.txt record."
"sjsr","Saint-Jean-sur-Richelieu","Quebec","official-source-candidate","","","","https://zenbus.net/gtfs/static/download.zip?dataset=saint-jean-sur-richelieu","unresolved","http://www.sjsr.ca/autobus","official-source-found","","Feed was inspected but did not contain a usable fare_attributes.txt or fare_products.txt record."
"saint-hyacinthe","Ville de Saint-Hyacinthe","Quebec","official-source-candidate","","","","https://gtfs-rt.infra-hubup.fr/lpdlestd/current/revision/gtfs","unresolved","https://www.st-hyacinthe.ca/services-aux-citoyens/transport-collectif","official-source-found","","Feed was inspected but did not contain a usable fare_attributes.txt or fare_products.txt record."
"exo","exo (Trains)","Quebec","official-source-candidate","3.75","CAD","published Atlas base adult fare","https://exo.quebec/en/fares/fares","high","https://exo.quebec/fr/planifier-trajet/train","official-source-found","","Existing Atlas override retained as research evidence."
"exo-presquile","exo (La Presqu'île)","Quebec","official-source-candidate","3.75","CAD","published Atlas base adult fare","https://exo.quebec/en/fares/fares","high","https://exo.quebec/fr/planifier-trajet/autobus/CITPI","official-source-found","","Existing Atlas override retained as research evidence."
"exo-sudouest","exo (Sud-Ouest)","Quebec","official-source-candidate","3.75","CAD","published Atlas base adult fare","https://exo.quebec/en/fares/fares","high","https://exo.quebec/fr/planifier-trajet/autobus/CITSO","official-source-found","","Existing Atlas override retained as research evidence."
"exo-lrrs","exo (Le Richelain–Roussillon)","Quebec","official-source-candidate","3.75","CAD","published Atlas base adult fare","https://exo.quebec/en/fares/fares","high","https://exo.quebec/fr/planifier-trajet/autobus/LRRS","official-source-found","","Existing Atlas override retained as research evidence."
"exo-laurentides","exo (Laurentides)","Quebec","official-source-candidate","3.75","CAD","published Atlas base adult fare","https://exo.quebec/en/fares/fares","high","https://exo.quebec/fr/planifier-trajet/autobus/CITLA","official-source-found","","Existing Atlas override retained as research evidence."
"exo-terrebonne","exo (Terrebonne-Mascouche)","Quebec","official-source-candidate","3.75","CAD","published Atlas base adult fare","https://exo.quebec/en/fares/fares","high","https://exo.quebec/fr/planifier-trajet/autobus/MRCLM","official-source-found","","Existing Atlas override retained as research evidence."
"exo-vallee-richelieu","exo (Vallée du Richelieu)","Quebec","official-source-candidate","3.75","CAD","GTFS Fares V1 fare attribute","https://exo.quebec/xdata/citvr/google_transit.zip","low","https://exo.quebec/fr/planifier-trajet/autobus/CITVR","official-source-found","","Feed publishes multiple products; discounted, special, or non-core products were excluded where identifiable, then the lowest positive core candidate was retained."
"bc-fraser-valley","BC Transit (Fraser Valley)","British Columbia","official-source-candidate","","","","https://bct.tmix.se/Tmix.Cap.TdExport.WebApi/gtfs/?operatorIds=13","unresolved","https://www.bctransit.com/","official-source-found","","Feed was inspected but did not contain a usable fare_attributes.txt or fare_products.txt record."
"kelowna","BC Transit (Kelowna)","British Columbia","official-source-candidate","","","","https://bct.tmix.se/Tmix.Cap.TdExport.WebApi/gtfs/?operatorIds=47","unresolved","https://www.bctransit.com/","official-source-found","","Feed was inspected but did not contain a usable fare_attributes.txt or fare_products.txt record."
"victoria","BC Transit (Victoria)","British Columbia","official-source-candidate","","","","https://bct.tmix.se/Tmix.Cap.TdExport.WebApi/gtfs/?operatorIds=48","unresolved","https://www.bctransit.com/","official-source-found","","Feed was inspected but did not contain a usable fare_attributes.txt or fare_products.txt record."
"translink","TransLink (Vancouver)","British Columbia","official-source-candidate","2.85","CAD","published Atlas base adult fare","https://www.translink.ca/transit-fares/pricing-and-fare-zones","high","https://www.translink.ca","official-source-found","","Card/base fare; published cash fare is 3.5 CAD."
"calgary","Calgary Transit","Alberta","verified-official","","","","https://data.calgary.ca/download/npk7-z3bj/application%2Fzip","unresolved","http://www.calgarytransit.com","official-source-found","{""slug"":""calgary"",""agencyName"":""Calgary Transit"",""amount"":4,""currency"":""CAD"",""fareType"":""adult one-time cash fare"",""payment"":""cash or My Fare"",""sourceUrl"":""https://www.calgarytransit.com/fares---passes.html"",""effectiveDate"":""2026-01-01"",""confidence"":""high"",""evidence"":""Official 2026 fare table lists Adult cash fare $4.00 for one-time use, valid for 90 minutes; ticket books are listed separately.""}","Feed was inspected but did not contain a usable fare_attributes.txt or fare_products.txt record."
"edmonton","Edmonton Transit Service (ETS)","Alberta","official-site-inaccessible","2","CAD","GTFS Fares V2 base product","https://gtfs.edmonton.ca/TMGTFSRealTimeWebService/GTFS/GTFS.zip","medium","http://www.takeets.com","site-inaccessible","","Feed publishes multiple products; discounted, special, or non-core products were excluded where identifiable, then the lowest positive core candidate was retained."
"winnipeg","Winnipeg Transit","Manitoba","official-fare-page-not-found","3.45","CAD","GTFS Fares V1 fare attribute","https://gtfs.winnipegtransit.com/google_transit.zip","low","https://winnipegtransit.com","official-fare-page-not-found","","Fare extracted from the current locally available GTFS feed."
"regina","Regina Transit","Saskatchewan","official-site-inaccessible","","","","https://opengis.regina.ca/reginagtfs/google_transit.zip","unresolved","http://www.regina.ca","site-inaccessible","","Feed was inspected but did not contain a usable fare_attributes.txt or fare_products.txt record."
"saskatoon","Saskatoon Transit","Saskatchewan","official-source-candidate","","","","https://apps5.saskatoon.ca/data/gtfs/google_transit.zip","unresolved","http://transit.saskatoon.ca","official-source-found","","Feed was inspected but did not contain a usable fare_attributes.txt or fare_products.txt record."
"halifax","Halifax Transit","Nova Scotia","verified-official","","","","https://files.mobilitydatabase.org/mdb-734/mdb-734-202608240120/mdb-734-202608240120.zip","unresolved","http://www.halifax.ca/transit","official-source-found","{""slug"":""halifax"",""agencyName"":""Halifax Transit"",""amount"":3,""currency"":""CAD"",""fareType"":""adult conventional one-ticket/ride fare"",""payment"":""cash or HFXGO"",""sourceUrl"":""https://www.halifax.ca/transportation/halifax-transit/fares-tickets-passes"",""confidence"":""high"",""evidence"":""Official fare table lists conventional service 1 Ticket/Ride Adult fare at $3.00; senior, youth, child, and Regional Express fares are listed separately.""}","Feed was inspected but did not contain a usable fare_attributes.txt or fare_products.txt record."
"codiac","Codiac Transpo (Moncton)","New Brunswick","verified-official","","","","https://www7.moncton.ca/opendata/google_transit.zip","unresolved","https://www.codiactranspo.ca/","official-source-found","{""slug"":""codiac"",""agencyName"":""Codiac Transpo (Moncton)"",""amount"":3,""currency"":""CAD"",""fareType"":""adult cash fare"",""payment"":""exact cash or Codiac+"",""sourceUrl"":""https://www.codiactranspo.ca/moncton-transport/fares"",""confidence"":""high"",""evidence"":""Official fare table lists Adult cash fare at $3.00; day, 10-trip, 20-trip, group, and 30-day products are listed separately.""}","Feed was inspected but did not contain a usable fare_attributes.txt or fare_products.txt record."
"fredericton","Fredericton Transit","New Brunswick","official-source-candidate","","","","https://fredericton.tmix.se/Tmix.Cap.TdExport.WebApi/gtfs/gtfs.zip","unresolved","https://www.fredericton.ca/en/transit","official-source-found","","Feed was inspected but did not contain a usable fare_attributes.txt or fare_products.txt record."
"saint-john","Saint John Transit","New Brunswick","official-source-candidate","","","","https://storage.googleapis.com/storage/v1/b/mdb-latest/o/ca-new-brunswick-saint-john-transit-gtfs-2131.zip?alt=media","unresolved","https://saintjohn.ca/en/transit","official-source-found","","Feed was inspected but did not contain a usable fare_attributes.txt or fare_products.txt record."
"t3-transit","T3 Transit (PEI)","Prince Edward Island","official-source-candidate","2","USD","GTFS Fares V1 fare attribute","https://storage.googleapis.com/storage/v1/b/mdb-latest/o/ca-prince-edward-island-t3-transit-gtfs-2132.zip?alt=media","low","https://t3transit.ca/","official-source-found","","Fare extracted from the current locally available GTFS feed."
"metrobus","Metrobus (St. John's)","Newfoundland","official-source-candidate","","","","http://www.metrobustransit.ca/google/google_transit.zip","unresolved","https://www.metrobus.com","official-source-found","","Feed was inspected but did not contain a usable fare_attributes.txt or fare_products.txt record."
"nfta","NFTA (Buffalo)","New York","official-fare-page-not-found","","","","https://metro.nfta.com/__googletransit/google_transit.zip","unresolved","http://www.nfta.com/","official-fare-page-not-found","","Feed was inspected but did not contain a usable fare_attributes.txt or fare_products.txt record."
"port-huron","Blue Water Area Transit (Port Huron)","Michigan","official-source-candidate","","","","https://gtfs.remix.com/bwat_porthuron_mi_us.zip","unresolved","https://bwbus.com","official-source-found","","Feed was inspected but did not contain a usable fare_attributes.txt or fare_products.txt record."
"ddot","DDOT (Detroit)","Michigan","official-source-candidate","2","USD","GTFS Fares V1 fare attribute","https://www.detroitmi.gov/Portals/0/docs/deptoftransportation/pdfs/ddot_gtfs.zip","low","https://DetroitMI.gov/DDOT","official-source-found","","Feed publishes multiple products; discounted, special, or non-core products were excluded where identifiable, then the lowest positive core candidate was retained."
"detroit-people-mover","Detroit People Mover","Michigan","official-source-candidate","","","","https://storage.googleapis.com/storage/v1/b/mdb-latest/o/us-michigan-detroit-people-mover-gtfs-2281.zip?alt=media","unresolved","http://www.thepeoplemover.com","official-source-found","","Feed was inspected but did not contain a usable fare_attributes.txt or fare_products.txt record."
"qline","QLine (Detroit)","Michigan","official-source-candidate","","","","https://storage.googleapis.com/storage/v1/b/mdb-latest/o/us-michigan-qline-detroit-gtfs-802.zip?alt=media","unresolved","https://qlinedetroit.com/","official-source-found","","Feed was inspected but did not contain a usable fare_attributes.txt or fare_products.txt record."
"smart","SMART (Detroit suburbs)","Michigan","official-source-candidate","","","","https://apps1.smartbus.org/gtfs/smart_gtfs.zip","unresolved","https://smartbus.org","official-source-found","","Feed was inspected but did not contain a usable fare_attributes.txt or fare_products.txt record."
"theride","TheRide (Ann Arbor)","Michigan","official-source-candidate","","","","https://www.theride.org/sites/default/files/google/google_transit.zip","unresolved","http://www.theride.org","official-source-found","","Feed was inspected but did not contain a usable fare_attributes.txt or fare_products.txt record."
"gcrta","GCRTA (Cleveland)","Ohio","official-source-candidate","2.5","USD","GTFS Fares V2 base product","https://www.riderta.com/sites/default/files/gtfs/latest/google_transit.zip","medium","https://www.riderta.com","official-source-found","","Feed publishes multiple products; discounted, special, or non-core products were excluded where identifiable, then the lowest positive core candidate was retained."
"butler-county-rta","Butler County Regional Transit Authority","Ohio","official-source-candidate","","","","https://www.buztrakr.com/gtfs","unresolved","https://www.butlercountyrta.com/","official-source-found","","Feed was inspected but did not contain a usable fare_attributes.txt or fare_products.txt record."
"seat","South East Area Transit","Ohio","official-source-candidate","","","","https://www.seatbus.org/media/SEAT-GTFS-Feed.zip","unresolved","https://www.seatbus.org/","official-source-found","","Feed was inspected but did not contain a usable fare_attributes.txt or fare_products.txt record."
"richland-county-oh","Richland County Transit","Ohio","official-source-candidate","","","","https://s3.amazonaws.com/etatransit.gtfs/rctpublic.etaspot.net/gtfs.zip","unresolved","https://rctbuses.com/","official-source-found","","Feed was inspected but did not contain a usable fare_attributes.txt or fare_products.txt record."
"tarta","TARTA (Toledo)","Ohio","official-source-candidate","","","","https://s3.amazonaws.com/etatransit.gtfs/tarta.etaspot.net/gtfs.zip","unresolved","https://tarta.com","official-source-found","","Feed was inspected but did not contain a usable fare_attributes.txt or fare_products.txt record."
"rgrta","Rochester-Genesee Regional Transportation Authority","New York","official-source-candidate","1","USD","GTFS Fares V1 fare attribute","http://scheduledata.rgrta.com/google_transit.zip","low","https://www.myRTS.com","official-source-found","","Fare extracted from the current locally available GTFS feed."
"cdta","Capital District Transportation Authority","New York","official-fare-page-not-found","1.5","USD","GTFS Fares V1 fare attribute","https://www.cdta.org/schedules/google_transit.zip","low","http://www.cdta.org","official-fare-page-not-found","","Feed publishes multiple products; discounted, special, or non-core products were excluded where identifiable, then the lowest positive core candidate was retained."
"centro","Centro (Syracuse)","New York","official-fare-page-not-found","","","","https://www.centro.org/CentroGTFS/CentroGTFS.zip","unresolved","http://www.centro.org","official-fare-page-not-found","","Feed was inspected but did not contain a usable fare_attributes.txt or fare_products.txt record."
"tcat","Tompkins Consolidated Area Transit","New York","official-source-candidate","1.5","USD","GTFS Fares V1 fare attribute","https://s3.amazonaws.com/tcat-gtfs/tcat-ny-us.zip","low","http://www.tcatbus.com/","official-source-found","","Fare extracted from the current locally available GTFS feed."
"broome","Broome County Transit","New York","verified-official","","","","https://www.gobroomecounty.com/sites/default/files/dept/transit/BCT_GTFS.zip","unresolved","https://gobroomecounty.com/transit","official-source-found","{""slug"":""broome"",""agencyName"":""Broome County Transit"",""amount"":2,""currency"":""USD"",""fareType"":""standard fixed-route one-way cash fare"",""payment"":""cash or GoPass"",""sourceUrl"":""https://broomecountyny.gov/transit/fares"",""confidence"":""high"",""evidence"":""Official fare table lists Standard Cash Fare (one-way) at $2.00; reduced cash fare is listed separately at $1.00.""}","Feed was inspected but did not contain a usable fare_attributes.txt or fare_products.txt record."
"emta","Erie Metropolitan Transit Authority","Pennsylvania","official-source-candidate","1.65","USD","GTFS Fares V1 fare attribute","https://emta.availtec.com/InfoPoint/gtfs-zip.ashx","low","http://www.ride-the-e.com/","official-source-found","","Fare extracted from the current locally available GTFS feed."
"akron","Akron Metro Regional Transit Authority","Ohio","verified-official","1.25","USD","GTFS Fares V1 fare attribute","https://www.yourmetrobus.org/Data/Sites/2/gtfs-data/metro_rta_gtfs.zip","low","https://www.yourmetrobus.org/","official-source-found","{""slug"":""akron"",""agencyName"":""Akron METRO RTA"",""amount"":1.25,""currency"":""USD"",""fareType"":""general single ride"",""payment"":""standard fare"",""sourceUrl"":""https://www.yourmetrobus.org/metro-fares-passes.aspx"",""confidence"":""high"",""evidence"":""General Single Ride Pass: $1.25 per ride.""}","Feed publishes multiple products; discounted, special, or non-core products were excluded where identifiable, then the lowest positive core candidate was retained."
"sarta","Stark Area Regional Transit Authority","Ohio","official-source-candidate","1.5","USD","GTFS Fares V1 fare attribute","https://rapid.nationalrtap.org/GTFSFileManagement/UserUploadFiles/11346/gtfs.zip","low","http://www.sartaonline.com","official-source-found","","Feed publishes multiple products; discounted, special, or non-core products were excluded where identifiable, then the lowest positive core candidate was retained."
"laketran","Laketran (Lake County, OH)","Ohio","official-source-candidate","","","","http://data.trilliumtransit.com/gtfs/lakecounty-oh-us/lakecounty-oh-us.zip","unresolved","https://laketran.com/","official-source-found","","Feed was inspected but did not contain a usable fare_attributes.txt or fare_products.txt record."
"mta-flint","Mass Transportation Authority (Flint)","Michigan","official-source-candidate","","","","https://rapid.nationalrtap.org/GTFSFileManagement/UserUploadFiles/5191/google_transit.zip","unresolved","https://www.mtaflint.org/","official-source-found","","Feed was inspected but did not contain a usable fare_attributes.txt or fare_products.txt record."
"cata-lansing","Capital Area Transportation Authority","Michigan","official-source-candidate","","","","http://developers.cata.org/gtfsdownload.ashx?key=5b4690ed-0a69-4320-897b-7d92def4b96f&data=base","unresolved","https://www.cata.org","official-source-found","","Feed was inspected but did not contain a usable fare_attributes.txt or fare_products.txt record."
"the-rapid","The Rapid (Grand Rapids)","Michigan","official-source-candidate","1.75","USD","GTFS Fares V1 fare attribute","http://connect.ridetherapid.org/InfoPoint/gtfs-zip.ashx","low","http://www.ridetherapid.org","official-source-found","","Fare extracted from the current locally available GTFS feed."
"mbta","Massachusetts Bay Transportation Authority","Massachusetts","official-source-candidate","","","","https://cdn.mbta.com/MBTA_GTFS.zip","unresolved","http://www.capecodrta.org/","official-source-found","","Feed was inspected but did not contain a usable fare_attributes.txt or fare_products.txt record."
"pvta","Pioneer Valley Transit Authority","Massachusetts","official-source-candidate","0","USD","free service","https://www.pvta.com/faresPasses.php","high","https://www.pvta.com","official-source-found","","Existing Atlas override retained as research evidence."
"wrta","Worcester Regional Transit Authority","Massachusetts","official-source-candidate","","","","https://gtfs.wrta.cadavl.com/WRTA/GTFS/GTFS_WRTA.zip","unresolved","https://therta.com/","official-source-found","","Feed was inspected but did not contain a usable fare_attributes.txt or fare_products.txt record."
"cttransit","CTtransit","Connecticut","no-official-website","","","","https://www.cttransit.com/sites/default/files/gtfs/googlect_transit.zip","unresolved","","no-website","","Feed download failed: fetch failed"
"red-deer","Red Deer Transit","Alberta","official-source-candidate","","","","https://data.reddeer.ca/datasets/gtfsdatafeed/download/zip","unresolved","http://www.reddeer.ca/city-services/transit/","official-source-found","","Feed was inspected but did not contain a usable fare_attributes.txt or fare_products.txt record."
"lethbridge","Lethbridge Transit","Alberta","official-source-candidate","","","","https://gis.lethbridge.ca/OpenData/DataSets/GTFS_Transit_Data.zip","unresolved","https://LethbridgeTransit.ca","official-source-found","","Feed was inspected but did not contain a usable fare_attributes.txt or fare_products.txt record."
"moose-jaw","Moose Jaw Transit","Saskatchewan","official-fare-page-not-found","","","","https://moosejaw.ca/wp-content/uploads/2023/11/moosejaw-GTFS.zip","unresolved","https://moosejaw.ca","official-fare-page-not-found","","Feed download failed: HTTP 403"
"prince-albert","Prince Albert Transit","Saskatchewan","official-source-candidate","","","","https://www.citypa.ca/media/gnsfaref/2025-01-20-google-transit-gtfs.zip","unresolved","http://www.citypa.ca/transit","official-source-found","","Feed was inspected but did not contain a usable fare_attributes.txt or fare_products.txt record."
"kamloops","BC Transit (Kamloops)","British Columbia","official-source-candidate","","","","https://bct.tmix.se/Tmix.Cap.TdExport.WebApi/gtfs/?operatorIds=46","unresolved","https://www.bctransit.com/","official-source-found","","Feed was inspected but did not contain a usable fare_attributes.txt or fare_products.txt record."
"south-okanagan","BC Transit (South Okanagan-Similkameen)","British Columbia","official-source-candidate","","","","https://bct.tmix.se/Tmix.Cap.TdExport.WebApi/gtfs/?operatorIds=15","unresolved","https://www.bctransit.com/","official-source-found","","Feed was inspected but did not contain a usable fare_attributes.txt or fare_products.txt record."
"nanaimo","BC Transit (Nanaimo)","British Columbia","official-source-candidate","","","","https://bct.tmix.se/Tmix.Cap.TdExport.WebApi/gtfs/?operatorIds=41","unresolved","https://www.bctransit.com/","official-source-found","","Feed was inspected but did not contain a usable fare_attributes.txt or fare_products.txt record."
"cowichan","BC Transit (Cowichan Valley)","British Columbia","official-source-candidate","","","","https://bct.tmix.se/Tmix.Cap.TdExport.WebApi/gtfs/?operatorIds=10","unresolved","https://www.bctransit.com/","official-source-found","","Feed was inspected but did not contain a usable fare_attributes.txt or fare_products.txt record."
"comox-valley","BC Transit (Comox Valley)","British Columbia","official-source-candidate","","","","https://bct.tmix.se/Tmix.Cap.TdExport.WebApi/gtfs/?operatorIds=45","unresolved","https://www.bctransit.com/","official-source-found","","Feed was inspected but did not contain a usable fare_attributes.txt or fare_products.txt record."
"campbell-river","BC Transit (Campbell River)","British Columbia","official-source-candidate","","","","https://bct.tmix.se/Tmix.Cap.TdExport.WebApi/gtfs/?operatorIds=12","unresolved","https://www.bctransit.com/","official-source-found","","Feed was inspected but did not contain a usable fare_attributes.txt or fare_products.txt record."
"squamish","BC Transit (Squamish)","British Columbia","official-source-candidate","","","","https://bct.tmix.se/Tmix.Cap.TdExport.WebApi/gtfs/?operatorIds=43","unresolved","https://www.bctransit.com/","official-source-found","","Feed was inspected but did not contain a usable fare_attributes.txt or fare_products.txt record."
"pemberton","BC Transit (Pemberton Valley)","British Columbia","official-source-candidate","","","","https://bct.tmix.se/Tmix.Cap.TdExport.WebApi/gtfs/?operatorIds=50","unresolved","https://www.bctransit.com/","official-source-found","","Feed was inspected but did not contain a usable fare_attributes.txt or fare_products.txt record."
"whistler","BC Transit (Whistler)","British Columbia","official-source-candidate","","","","https://bct.tmix.se/Tmix.Cap.TdExport.WebApi/gtfs/?operatorIds=44","unresolved","https://www.bctransit.com/","official-source-found","","Feed was inspected but did not contain a usable fare_attributes.txt or fare_products.txt record."
"kingcountymetro","King County Metro (Seattle)","Washington","official-source-candidate","1","USD","GTFS Fares V2 base product","https://metro.kingcounty.gov/gtfs/google_transit.zip","medium","https://kingcounty.gov/en/dept/metro","official-source-found","","Feed publishes multiple products; discounted, special, or non-core products were excluded where identifiable, then the lowest positive core candidate was retained."
"soundtransit","Sound Transit (Seattle)","Washington","official-source-candidate","1","USD","GTFS Fares V2 base product","https://gtfs.sound.obaweb.org/prod/40_gtfs.zip","medium","https://www.soundtransit.org","official-source-found","","Feed publishes multiple products; discounted, special, or non-core products were excluded where identifiable, then the lowest positive core candidate was retained."
"piercetransit","Pierce Transit","Washington","official-source-candidate","2","USD","GTFS Fares V1 fare attribute","https://gtfs.sound.obaweb.org/prod/3_gtfs.zip","low","https://www.piercetransit.org","official-source-found","","Feed publishes multiple products; discounted, special, or non-core products were excluded where identifiable, then the lowest positive core candidate was retained."
"communitytransit","Community Transit (Everett)","Washington","official-source-candidate","","","","https://www.communitytransit.org/docs/default-source/open-data/gtfs/current.zip","unresolved","https://www.communitytransit.org/","official-source-found","","Feed was inspected but did not contain a usable fare_attributes.txt or fare_products.txt record."
"everetttransit","Everett Transit","Washington","official-source-candidate","","","","https://gtfs.sound.obaweb.org/prod/97_gtfs.zip","unresolved","http://www.everetttransit.org/","official-source-found","","Feed was inspected but did not contain a usable fare_attributes.txt or fare_products.txt record."
"kitsaptransit","Kitsap Transit","Washington","official-source-candidate","2","USD","GTFS Fares V1 fare attribute","http://pride.kitsaptransit.com/gtfs/google_transit.zip","low","http://www.kitsaptransit.com","official-source-found","","Feed publishes multiple products; discounted, special, or non-core products were excluded where identifiable, then the lowest positive core candidate was retained."
"intercitytransit","Intercity Transit (Olympia)","Washington","official-source-candidate","","","","https://gtfs.sound.obaweb.org/prod/19_gtfs.zip","unresolved","https://www.intercitytransit.com/","official-source-found","","Feed was inspected but did not contain a usable fare_attributes.txt or fare_products.txt record."
"skagittransit","Skagit Transit","Washington","official-source-candidate","","","","https://strweb.skagittransit.org/GTFS/google_transit.zip","unresolved","https://www.skagittransit.org","official-source-found","","Feed was inspected but did not contain a usable fare_attributes.txt or fare_products.txt record."
"whatcomtransit","Whatcom Transportation Authority","Washington","official-source-candidate","1","USD","GTFS Fares V1 fare attribute","https://storage.googleapis.com/storage/v1/b/mdb-latest/o/us-washington-whatcom-transportation-authority-gtfs-284.zip?alt=media","low","https://www.ridewta.com/","official-source-found","","Feed publishes multiple products; discounted, special, or non-core products were excluded where identifiable, then the lowest positive core candidate was retained."
"islandtransit","Island Transit (Whidbey Island)","Washington","official-source-candidate","","USD","GTFS zero-fare candidate","https://storage.googleapis.com/storage/v1/b/mdb-latest/o/us-washington-island-transit-gtfs-280.zip?alt=media","unresolved","https://www.islandtransit.org/","official-source-found","","GTFS publishes only zero-value legacy fare attributes; this may be a placeholder and was not treated as proof of free service."
"jeffersontransit","Jefferson Transit","Washington","official-fare-page-not-found","","USD","GTFS zero-fare candidate","https://storage.googleapis.com/storage/v1/b/mdb-latest/o/us-washington-jefferson-transit-authority-gtfs-838.zip?alt=media","unresolved","https://jeffersontransit.com/","official-fare-page-not-found","","GTFS publishes only zero-value legacy fare attributes; this may be a placeholder and was not treated as proof of free service."
"clallamtransit","Clallam Transit System","Washington","verified-official","1","USD","GTFS Fares V1 fare attribute","https://storage.googleapis.com/storage/v1/b/mdb-latest/o/us-washington-clallam-transit-system-gtfs-279.zip?alt=media","low","https://www.clallamtransit.com/","official-source-found","{""slug"":""clallamtransit"",""agencyName"":""Clallam Transit System"",""amount"":0,""currency"":""USD"",""fareType"":""standard fixed-route fare"",""payment"":""fare-free service"",""effectiveDate"":""2025-01-01"",""sourceUrl"":""https://www.clallamtransit.com/fares"",""confidence"":""high"",""evidence"":""Official fares page states zero-fare is effective January 1, 2025 until further notice on all routes except Route 123 Strait Shot, seasonal Hurricane Ridge Shuttle, and out-of-area Clallam Connect rides.""}","Feed publishes multiple products; discounted, special, or non-core products were excluded where identifiable, then the lowest positive core candidate was retained."
"portlandme","Greater Portland Metro","Maine","official-source-candidate","3.75","CAD","GTFS Fares V1 fare attribute","https://gtfs.gptd.cadavl.com/GPTD/GTFS/GTFS_GPTD.zip","low","https://www.gpmetro.org","official-source-found","","Feed publishes multiple products; discounted, special, or non-core products were excluded where identifiable, then the lowest positive core candidate was retained."
"southportlandme","South Portland Bus Service","Maine","official-fare-page-not-found","3.75","CAD","GTFS Fares V1 fare attribute","https://gtfs.gptd.cadavl.com/GPTD/GTFS/GTFS_GPTD.zip","low","http://www.southportland.org/departments/bus-transportation/","official-fare-page-not-found","","Feed publishes multiple products; discounted, special, or non-core products were excluded where identifiable, then the lowest positive core candidate was retained."
"hocts","HOCTS (Utica-Rome)","New York","official-source-candidate","","","","https://storage.googleapis.com/storage/v1/b/mdb-latest/o/us-new-york-herkimer-oneida-counties-transportation-study-hocts-gtfs-588.zip?alt=media","unresolved","https://www.ocgov.net/oneida/planning/hocts","official-source-found","","Feed was inspected but did not contain a usable fare_attributes.txt or fare_products.txt record."
"glensfallstransit","Greater Glens Falls Transit","New York","official-site-inaccessible","","","","https://storage.googleapis.com/storage/v1/b/mdb-latest/o/us-new-york-greater-glens-falls-transit-gtfs-542.zip?alt=media","unresolved","https://gftransit.org/","site-inaccessible","","Feed was inspected but did not contain a usable fare_attributes.txt or fare_products.txt record."
"watertowncitibus","Watertown Citibus","New York","official-source-candidate","","","","https://passio3.com/watertown/passioTransit/gtfs/google_transit.zip","unresolved","http://passiotech.com/","official-source-found","","Feed was inspected but did not contain a usable fare_attributes.txt or fare_products.txt record."
"hudsonlink","Hudson Link","New York","official-source-candidate","","","","https://storage.googleapis.com/storage/v1/b/mdb-latest/o/us-new-york-hudson-link-gtfs-2312.zip?alt=media","unresolved","https://www.ridehudsonlink.com/Tools/Maps-and-Schedules","official-source-found","","Feed was inspected but did not contain a usable fare_attributes.txt or fare_products.txt record."
"wsf","Washington State Ferries","Washington","official-source-candidate","4.25","USD","GTFS Fares V1 fare attribute","https://gtfs.sound.obaweb.org/prod/95_gtfs.zip","low","https://www.wsdot.wa.gov/ferries/","official-source-found","","Feed publishes multiple products; discounted, special, or non-core products were excluded where identifiable, then the lowest positive core candidate was retained."
"bc-ferries","BC Ferries","British Columbia","official-source-candidate","","","","https://files.mobilitydatabase.org/mdb-690/latest.zip","unresolved","https://www.bcferries.com/","official-source-found","","Feed was inspected but did not contain a usable fare_attributes.txt or fare_products.txt record."
"pierce-county-ferries","Pierce County Ferries","Washington","official-source-candidate","7.5","USD","GTFS Fares V1 fare attribute","https://files.mobilitydatabase.org/tld-2289/latest.zip","low","https://www.piercecountywa.gov/ferry","official-source-found","","Fare extracted from the current locally available GTFS feed."
"sherbrooke","Société de transport de Sherbrooke","Quebec","official-source-candidate","4","CAD","GTFS Fares V1 fare attribute","https://gtfs.sts.qc.ca:8443/gtfs/client/GTFS_clients.zip","low","http://www.sts.qc.ca/","official-source-found","","Fare extracted from the current locally available GTFS feed."
"trimet","TriMet (Portland, OR)","Oregon","official-source-candidate","0.4","USD","GTFS Fares V2 base product","http://developer.trimet.org/schedule/gtfs.zip","medium","https://portlandstreetcar.org/","official-source-found","","Feed publishes multiple products; discounted, special, or non-core products were excluded where identifiable, then the lowest positive core candidate was retained."
"ctran","C-TRAN (Vancouver, WA)","Washington","official-site-inaccessible","","","","https://www.c-tran.com/images/Google/GoogleTransitUpload.zip","unresolved","http://www.C-TRAN.com","site-inaccessible","","Feed was inspected but did not contain a usable fare_attributes.txt or fare_products.txt record."
"spokane","Spokane Transit Authority","Washington","official-source-candidate","2","USD","GTFS Fares V2 base product","https://www.spokanetransit.com/gtfs","medium","http://www.spokanetransit.com","official-source-found","","Fare extracted from the current locally available GTFS feed."
"eugene-ltd","Lane Transit District","Oregon","official-source-candidate","1.75","USD","GTFS Fares V1 fare attribute","https://feed.ltd.org/TMGTFSRealTimeWebService/GTFS/google_transit.zip","low","http://www.ltd.org","official-source-found","","Feed publishes multiple products; discounted, special, or non-core products were excluded where identifiable, then the lowest positive core candidate was retained."
"cherriots","Cherriots (Salem, OR)","Oregon","official-source-candidate","","","","https://cherriots.rideralerts.com/InfoPoint/gtfs-zip.ashx","unresolved","https://www.cherriots.org/","official-source-found","","Feed was inspected but did not contain a usable fare_attributes.txt or fare_products.txt record."
"corvallis","Corvallis Transit System","Oregon","official-site-inaccessible","","","","http://www.corvallistransit.com/rtt/public/resource/gtfs.zip","unresolved","https://www.corvallisoregon.gov/cts","site-inaccessible","","Feed was inspected but did not contain a usable fare_attributes.txt or fare_products.txt record."
"grovelink","Ride Connection (GroveLink)","Oregon","official-fare-page-not-found","","USD","GTFS zero-fare candidate","https://files.mobilitydatabase.org/mdb-253/mdb-253-202607310135/mdb-253-202607310135.zip","unresolved","https://rideconnection.org/ride/","official-fare-page-not-found","","GTFS publishes only zero-value legacy fare attributes; this may be a placeholder and was not treated as proof of free service."
"rivercities","RiverCities Transit","Washington","official-source-candidate","1","USD","GTFS Fares V1 fare attribute","https://files.mobilitydatabase.org/mdb-259/mdb-259-202605140126/mdb-259-202605140126.zip","low","http://rctransit.org","official-source-found","","Fare extracted from the current locally available GTFS feed."
"tillamook","Tillamook County Transportation District","Oregon","official-source-candidate","1","USD","GTFS Fares V1 fare attribute","https://files.mobilitydatabase.org/mdb-246/mdb-246-202602130110/mdb-246-202602130110.zip","low","https://nwconnector.org/agencies/tillamook-county-transportation-district/","official-source-found","","Feed publishes multiple products; discounted, special, or non-core products were excluded where identifiable, then the lowest positive core candidate was retained."
"columbia-area-transit","Columbia Area Transit","Oregon","verified-official","1","USD","GTFS Fares V1 fare attribute","https://files.mobilitydatabase.org/mdb-260/mdb-260-202605070116/mdb-260-202605070116.zip","low","https://www.ridecatbus.org","official-source-found","{""slug"":""columbia-area-transit"",""agencyName"":""Columbia Area Transit"",""amount"":1,""currency"":""USD"",""fareType"":""local one-way fare"",""payment"":""cash or Token Transit"",""sourceUrl"":""https://www.ridecatbus.org/buy-fares/"",""confidence"":""high"",""evidence"":""Official fare comparison lists Local at $1.00 for one-way Hood River County service; Dial-a-Ride, Gorge-to-Mountain, and Columbia Gorge Express fares are listed separately.""}","Feed publishes multiple products; discounted, special, or non-core products were excluded where identifiable, then the lowest positive core candidate was retained."
"mats","Mount Adams Transportation Service","Washington","official-source-candidate","1","USD","GTFS Fares V1 fare attribute","https://files.mobilitydatabase.org/mdb-580/mdb-580-202607010136/mdb-580-202607010136.zip","low","https://www.klickitatcounty.org/363/Mount-Adams-Transportation-Service-MATS","official-source-found","","Fare extracted from the current locally available GTFS feed."
"setd","Sunset Empire Transportation District","Oregon","official-source-candidate","1","USD","GTFS Fares V1 fare attribute","https://files.mobilitydatabase.org/tld-4211/tld-4211-202607280034/tld-4211-202607280034.zip","low","https://nwconnector.org/agencies/sunset-empire-transportation-district/","official-source-found","","Fare extracted from the current locally available GTFS feed."
"sfmta","San Francisco Municipal Transportation Agency (SFMTA - Muni)","California","official-source-candidate","","","","https://muni-gtfs.apps.sfmta.com/data/muni_gtfs-current.zip","unresolved","http://www.sfmta.com","official-source-found","","Feed was inspected but did not contain a usable fare_attributes.txt or fare_products.txt record."
"bart","Bay Area Rapid Transit (BART)","California","official-source-candidate","0.7","USD","GTFS Fares V1 fare attribute","http://www.bart.gov/dev/schedules/google_transit.zip","low","https://www.bart.gov/","official-source-found","","Feed publishes multiple products; discounted, special, or non-core products were excluded where identifiable, then the lowest positive core candidate was retained."
"caltrain","Caltrain","California","verified-official","4","USD","GTFS Fares V1 fare attribute","http://data.trilliumtransit.com/gtfs/caltrain-ca-us/caltrain-ca-us.zip","low","http://www.caltrain.com","official-source-found","{""slug"":""caltrain"",""agencyName"":""Caltrain"",""amount"":4,""currency"":""USD"",""fareType"":""adult one-way one-zone fare"",""payment"":""ticket machine"",""sourceUrl"":""https://www.caltrain.com/fares"",""confidence"":""high"",""evidence"":""Official Caltrain fare table lists Adult one-way fares by zones, beginning at $4.00 for one zone; higher-zone fares and passenger categories are listed separately.""}","Feed publishes multiple products; discounted, special, or non-core products were excluded where identifiable, then the lowest positive core candidate was retained."
"actransit","Alameda-Contra Costa Transit District (AC Transit)","California","verified-official","","","","https://api.actransit.org/transit/gtfs/download","unresolved","http://www.actransit.org","official-source-found","{""slug"":""actransit"",""agencyName"":""Alameda-Contra Costa Transit District (AC Transit)"",""amount"":2.75,""currency"":""USD"",""fareType"":""adult local single ride"",""payment"":""Clipper or contactless bank card"",""cashAmount"":3,""sourceUrl"":""https://www.actransit.org/fares"",""effectiveDate"":""2026-07-01"",""confidence"":""high"",""evidence"":""Fares effective July 1, 2026; Adult ages 19-64; Local Single Ride $2.75 with Clipper/contactless and $3.00 cash.""}","Feed download failed: HTTP 401"
"vta","Santa Clara Valley Transportation Authority (VTA)","California","official-source-candidate","2.5","USD","GTFS Fares V1 fare attribute","https://gtfs.vta.org/gtfs_vta.zip","low","https://www.vta.org","official-source-found","","Feed publishes multiple products; discounted, special, or non-core products were excluded where identifiable, then the lowest positive core candidate was retained."
"samtrans","San Mateo County Transit District (samTrans)","California","official-source-candidate","2.25","USD","GTFS Fares V1 fare attribute","http://www.samtrans.com/Assets/GTFS/samtrans/ST-GTFS.zip","low","http://www.samtrans.com","official-source-found","","Fare extracted from the current locally available GTFS feed."
"goldengate","Golden Gate Transit","California","official-source-candidate","4.4","CAD","GTFS Fares V1 fare attribute","https://realtime.goldengate.org/gtfsstatic/GTFSTransitData.zip","low","http://www.goldengate.org","official-source-found","","Feed publishes multiple products; discounted, special, or non-core products were excluded where identifiable, then the lowest positive core candidate was retained."
"weta","San Francisco Bay Area Water Emergency Transportation Authority (WETA)","California","official-fare-page-not-found","2.85","USD","GTFS Fares V1 fare attribute","https://gtfs.sanfranciscobayferry.com/gtfs.zip","low","https://sanfranciscobayferry.com/","official-fare-page-not-found","","Feed publishes multiple products; discounted, special, or non-core products were excluded where identifiable, then the lowest positive core candidate was retained."
"countyconnection","County Connection (CCCTA)","California","official-source-candidate","2.5","USD","GTFS Fares V1 fare attribute","https://countyconnection.com/GTFS/google_transit.zip","low","http://www.countyconnection.com/","official-source-found","","Feed publishes multiple products; discounted, special, or non-core products were excluded where identifiable, then the lowest positive core candidate was retained."
"westcat","WestCAT (Pinole)","California","official-source-candidate","1.75","USD","GTFS Fares V1 fare attribute","http://data.trilliumtransit.com/gtfs/westcat-ca-us/westcat-ca-us.zip","low","http://www.westcat.org/","official-source-found","","Feed publishes multiple products; discounted, special, or non-core products were excluded where identifiable, then the lowest positive core candidate was retained."
"soltrans","SolTrans (Vallejo)","California","official-source-candidate","2","USD","GTFS Fares V1 fare attribute","https://soltrans.connexionz.net/rtt/public/resource/gtfs.zip","low","https://soltrans.org/","official-source-found","","Feed publishes multiple products; discounted, special, or non-core products were excluded where identifiable, then the lowest positive core candidate was retained."
"marintransit","Marin Transit","California","official-source-candidate","2","USD","GTFS Fares V1 fare attribute","https://marintransit.gov/data/google_transit.zip","low","https://marintransit.gov","official-source-found","","Fare extracted from the current locally available GTFS feed."
"smart-ca","Sonoma-Marin Area Rail Transit (SMART)","California","official-source-candidate","1.5","USD","GTFS Fares V1 fare attribute","http://data.trilliumtransit.com/gtfs/smart-ca-us/smart-ca-us.zip","low","http://www.SonomaMarinTrain.org","official-source-found","","Feed publishes multiple products; discounted, special, or non-core products were excluded where identifiable, then the lowest positive core candidate was retained."
"sonoma-county","Sonoma County Transit (SCT)","California","official-source-candidate","","","","http://data.trilliumtransit.com/gtfs/sonomacounty-ca-us/sonomacounty-ca-us.zip","unresolved","http://www.sctransit.com/?referrer=gtfs","official-source-found","","Feed was inspected but did not contain a usable fare_attributes.txt or fare_products.txt record."
"vine","VINE Transit (Napa)","California","official-source-candidate","2","USD","GTFS Fares V1 fare attribute","https://data.trilliumtransit.com/gtfs/vinetransit-ca-us/vinetransit-ca-us.zip","low","https://vinetransit.com/","official-source-found","","Feed publishes multiple products; discounted, special, or non-core products were excluded where identifiable, then the lowest positive core candidate was retained."
"emerygoround","Emery Go-Round","California","official-source-candidate","4.4","CAD","GTFS Fares V1 fare attribute","https://emerygoround.com/data/emerygoround-ca-us.zip","low","https://emerygoround.com/","official-source-found","","Feed publishes multiple products; discounted, special, or non-core products were excluded where identifiable, then the lowest positive core candidate was retained."
"stanford","Stanford Marguerite Shuttle (SMS)","California","official-source-candidate","","USD","GTFS zero-fare candidate","https://transportation-forms.stanford.edu/google/google_transit.zip","unresolved","https://transportation.stanford.edu/marguerite","official-source-found","","GTFS publishes only zero-value legacy fare attributes; this may be a placeholder and was not treated as proof of free service."
"tridelta","Tri Delta Transit (Antioch)","California","official-source-candidate","","","","http://api.511.org/transit/datafeeds?operator_id=3D","unresolved","http://trideltatransit.com","official-source-found","","Feed download failed: HTTP 401"
"lavta","Livermore Amador Valley Transit Authority","California","official-source-candidate","1.5","USD","GTFS Fares V2 base product","http://webwatch.lavta.org/TMGTFSRealTimeWebService/GTFS-Static/google_transit.zip","medium","https://wheelsbus.com/","official-source-found","","Feed publishes multiple products; discounted, special, or non-core products were excluded where identifiable, then the lowest positive core candidate was retained."
"unioncity","Union City Transit","California","official-source-candidate","2","USD","GTFS Fares V1 fare attribute","https://data.trilliumtransit.com/gtfs/unioncity-ca-us/unioncity-ca-us.zip","low","http://www.uctransit.org","official-source-found","","Fare extracted from the current locally available GTFS feed."
"westberkeley","West Berkeley Shuttle","California","official-source-candidate","","","","https://gtfs.calitp.org/production/WestBerkeleyShuttleGTFS.zip","unresolved","http://westberkeleyshuttle.net/","official-source-found","","Cached feed could not be read: Can't find end of central directory : is this a zip file ? If it is, see https://stuk.github.io/jszip/documentation/howto/read_zip.html"
"petaluma","Petaluma Transit","California","official-fare-page-not-found","","","","http://api.511.org/transit/datafeeds?operator_id=PE","unresolved","http://cityofpetaluma.net/pubworks/transit-sub.html","official-fare-page-not-found","","Feed download failed: HTTP 401"
"santarosa","Santa Rosa CityBus","California","official-source-candidate","","","","http://api.511.org/transit/datafeeds?operator_id=SR","unresolved","https://srcitybus.org/","official-source-found","","Feed download failed: HTTP 401"
"fast-ca","Fairfield and Suisun Transit (FAST Transit)","California","official-source-candidate","","","","http://data.trilliumtransit.com/gtfs/fairfield-ca-us/fairfield-ca-us.zip","unresolved","http://www.fasttransit.org/","official-source-found","","Feed was inspected but did not contain a usable fare_attributes.txt or fare_products.txt record."
"vacaville","City Coach (Vacaville)","California","official-fare-page-not-found","","","","http://data.trilliumtransit.com/gtfs/vacavillecitycoach-ca-us/vacavillecitycoach-ca-us.zip","unresolved","https://citycoach.com/","official-fare-page-not-found","","Feed was inspected but did not contain a usable fare_attributes.txt or fare_products.txt record."
"riovista","Rio Vista Delta Breeze","California","official-source-candidate","2","USD","GTFS Fares V1 fare attribute","http://data.trilliumtransit.com/gtfs/riovista-ca-us/riovista-ca-us.zip","low","https://www.riovistacity.com/deltabreeze/page/delta-breeze-transit-schedule","official-source-found","","Feed publishes multiple products; discounted, special, or non-core products were excluded where identifiable, then the lowest positive core candidate was retained."
"ace","Altamont Corridor Express","California","official-fare-page-not-found","","","","http://api.511.org/transit/datafeeds?operator_id=CE","unresolved","https://acerail.com/","official-fare-page-not-found","","Feed was inspected but did not contain a usable fare_attributes.txt or fare_products.txt record."
"rvtd","Rogue Valley Transportation District (RVTD)","Oregon","official-source-candidate","2","USD","GTFS Fares V1 fare attribute","https://gtfs.rvtd.cadavl.com/RVTD/GTFS/GTFS_RVTD.zip","low","http://www.rvtd.org","official-source-found","","Fare extracted from the current locally available GTFS feed."
"bts-or","Basin Transit Service (BTS)","Oregon","verified-official","","","","https://oregon-gtfs.trilliumtransit.com/gtfs_data/basin-or-us/basin-or-us.zip","unresolved","http://www.basintransit.com/","official-source-found","{""slug"":""bts-or"",""agencyName"":""Basin Transit Service (BTS)"",""amount"":0.75,""currency"":""USD"",""fareType"":""regular fixed-route cash fare"",""payment"":""cash"",""sourceUrl"":""https://www.basintransit.com/fares-and-passes"",""confidence"":""high"",""evidence"":""Official fare table lists Regular cash fare at $0.75; all-day, ten-token, monthly, reduced, and Basin Lift products are listed separately.""}","Feed was inspected but did not contain a usable fare_attributes.txt or fare_products.txt record."
"rct","Redwood Coast Transit (RCT)","California","official-source-candidate","1.5","USD","GTFS Fares V1 fare attribute","https://gtfs.remix.com/redwoodcoast.zip","low","http://www.redwoodcoasttransit.org/","official-source-found","","Feed publishes multiple products; discounted, special, or non-core products were excluded where identifiable, then the lowest positive core candidate was retained."
"humboldt","Humboldt Transit Authority","California","official-source-candidate","2","USD","GTFS Fares V1 fare attribute","https://hta.optibus.co/public_api/v1/feeds/gtfs","low","https://hta.org/agencies/redwood-transit-system/?referrer=gtfs","official-source-found","","Fare extracted from the current locally available GTFS feed."
"mendocino","Mendocino Transit Authority","California","official-fare-page-not-found","1.5","USD","GTFS Fares V1 fare attribute","http://data.trilliumtransit.com/gtfs/mendocino-ca-us/mendocino-ca-us.zip","low","https://mendocinotransit.org/","official-fare-page-not-found","","Feed publishes multiple products; discounted, special, or non-core products were excluded where identifiable, then the lowest positive core candidate was retained."
"raba","Redding Area Bus Authority","California","official-source-candidate","2","USD","GTFS Fares V1 fare attribute","https://gtfs.remix.com/redding_area_bus_authority.zip","low","http://www.rabaride.com/","official-source-found","","Feed publishes multiple products; discounted, special, or non-core products were excluded where identifiable, then the lowest positive core candidate was retained."
"siskiyou","Siskiyou County","California","official-site-inaccessible","1.75","USD","GTFS Fares V1 fare attribute","http://data.trilliumtransit.com/gtfs/siskiyou-ca-us/siskiyou-ca-us.zip","low","https://www.co.siskiyou.ca.us/generalservices/page/stage-siskiyou-transit-and-general-express","site-inaccessible","","Feed publishes multiple products; discounted, special, or non-core products were excluded where identifiable, then the lowest positive core candidate was retained."
"trinity","Trinity Transit","California","official-source-candidate","2","USD","GTFS Fares V2 base product","https://gtfs.remix.com/trinity_county_ca.zip","medium","https://www.trinitycounty.org/612/Trinity-Transit","official-source-found","","Feed publishes multiple products; discounted, special, or non-core products were excluded where identifiable, then the lowest positive core candidate was retained."
"lassen","Lassen Rural Bus (LRB)","California","official-source-candidate","1","USD","GTFS Fares V1 fare attribute","http://data.trilliumtransit.com/gtfs/lassen-ca-us/lassen-ca-us.zip","low","https://www.lassentransportation.com/","official-source-found","","Feed publishes multiple products; discounted, special, or non-core products were excluded where identifiable, then the lowest positive core candidate was retained."
"sacrt","Sacramento Regional Transit (SacRT)","California","official-source-candidate","","","","https://apps.sacrt.com/gtfs/srtd/google_transit.zip","unresolved","http://www.sacrt.com","official-source-found","","Feed download failed: fetch failed"
"yolobus","Yolo County Transportation District (Yolobus)","California","official-source-candidate","","","","https://avl.yctd.org/RealTime/google_transit.zip","unresolved","http://avl.yctd.org/","official-source-found","","Feed was inspected but did not contain a usable fare_attributes.txt or fare_products.txt record."
"unitrans","Unitrans (Davis)","California","official-source-candidate","1.5","USD","GTFS Fares V2 base product","https://unitrans.ucdavis.edu/media/gtfs/Unitrans_GTFS.zip","medium","http://unitrans.ucdavis.edu","official-source-found","","Feed publishes multiple products; discounted, special, or non-core products were excluded where identifiable, then the lowest positive core candidate was retained."
"roseville","Roseville Transit","California","official-source-candidate","","","","https://iportal.sacrt.com/gtfs/Roseville/google_transit.zip","unresolved","http://www.roseville.ca.us/transit","official-source-found","","Feed download failed: fetch failed"
"smart-or","South Metro Area Regional Transit (SMART)","Oregon","official-fare-page-not-found","","","","https://mysmartbus.com/gtfs","unresolved","https://www.ridesmart.com/","official-fare-page-not-found","","Feed was inspected but did not contain a usable fare_attributes.txt or fare_products.txt record."
"sam","Sandy Area Metro (SAM)","Oregon","official-source-candidate","1","USD","GTFS Fares V1 fare attribute","https://oregon-gtfs.trilliumtransit.com/gtfs_data/sandy-or-us/sandy-or-us.zip","low","http://www.mthoodexpress.com/","official-source-found","","Feed publishes multiple products; discounted, special, or non-core products were excluded where identifiable, then the lowest positive core candidate was retained."
"cat-or","Canby Area Transit (CAT)","Oregon","official-site-inaccessible","","","","https://oregon-gtfs.trilliumtransit.com/gtfs_data/canbytransit-or-us/canbytransit-or-us.zip","unresolved","https://www.canbyoregon.gov/area-transit","site-inaccessible","","Feed was inspected but did not contain a usable fare_attributes.txt or fare_products.txt record."
"yamhill","Yamhill County Transit Area","Oregon","official-fare-page-not-found","1.25","USD","GTFS Fares V1 fare attribute","http://ycta.connexionz.net/rtt/public/resource/gtfs.zip","low","http://ycta.connexionz.net/rtt/public/","official-fare-page-not-found","","Fare extracted from the current locally available GTFS feed."
"lacmta","Los Angeles County Metropolitan Transportation Authority (LA Metro)","California","official-source-candidate","1.75","USD","GTFS Fares V1 fare attribute","https://files.mobilitydatabase.org/mdb-29/mdb-29-202609090113/mdb-29-202609090113.zip","low","https://www.metro.net","official-source-found","","Feed publishes multiple products; discounted, special, or non-core products were excluded where identifiable, then the lowest positive core candidate was retained."
"metrolink","Metrolink","California","official-source-candidate","1.5","USD","GTFS Fares V1 fare attribute","https://files.mobilitydatabase.org/mdb-96/mdb-96-202605230122/mdb-96-202605230122.zip","low","http://www.metrolinktrains.com","official-source-found","","Feed publishes multiple products; discounted, special, or non-core products were excluded where identifiable, then the lowest positive core candidate was retained."
"torrance-transit","Torrance Transit","","official-fare-page-not-found","1","USD","GTFS Fares V1 fare attribute","https://transit.torranceca.gov/home/showpublisheddocument/16673/639196160075870000","low","http://Transit.TorranceCA.gov","official-fare-page-not-found","","Feed publishes multiple products; discounted, special, or non-core products were excluded where identifiable, then the lowest positive core candidate was retained."
"beach-cities-transit","Beach Cities Transit (South Bay, CA)","","official-source-candidate","","","","https://storage.googleapis.com/storage/v1/b/mdb-latest/o/us-california-beach-cities-transit-gtfs-1999.zip?alt=media","unresolved","https://www.redondo.org/departments/community_services/transit/bus_schedules/index.php","official-source-found","","Feed was inspected but did not contain a usable fare_attributes.txt or fare_products.txt record."
"carson-circuit","Carson Circuit","","official-source-candidate","","","","https://rapid.nationalrtap.org/GTFSFileManagement/UserUploadFiles/11488/CarsonGTFS.zip","unresolved","https://ci.carson.ca.us/CommunityServices/Transportation.aspx","official-source-found","","Feed was inspected but did not contain a usable fare_attributes.txt or fare_products.txt record."
"gold-coast","Gold Coast Transit District (Oxnard)","","official-fare-page-not-found","4.4","CAD","GTFS Fares V1 fare attribute","https://www.gctd.org/wp-content/uploads/2021/06/GCTD_GTFS.zip","low","http://www.goldcoasttransit.org","official-fare-page-not-found","","Feed publishes multiple products; discounted, special, or non-core products were excluded where identifiable, then the lowest positive core candidate was retained."
"bigbluebus","Big Blue Bus (Santa Monica)","California","official-site-inaccessible","1","USD","GTFS Fares V1 fare attribute","http://gtfs.bigbluebus.com/current.zip","low","http://www.bigbluebus.com","site-inaccessible","","Feed publishes multiple products; discounted, special, or non-core products were excluded where identifiable, then the lowest positive core candidate was retained."
"longbeach","Long Beach Transit","California","official-source-candidate","1.25","USD","GTFS Fares V2 base product","https://files.mobilitydatabase.org/mdb-1198/latest.zip","medium","https://www.ridelbt.com","official-source-found","","Feed publishes multiple products; discounted, special, or non-core products were excluded where identifiable, then the lowest positive core candidate was retained."
"octa","Orange County Transportation Authority (OCTA)","California","official-source-candidate","2","USD","GTFS Fares V1 fare attribute","https://www.octa.net/current/google_transit.zip","low","http://www.octa.net/Bus-Transit/Overview","official-source-found","","Fare extracted from the current locally available GTFS feed."
"foothill","Foothill Transit","California","official-source-candidate","","","","https://files.mobilitydatabase.org/mdb-101/mdb-101-202607020124/mdb-101-202607020124.zip","unresolved","https://www.foothilltransit.org","official-source-found","","Feed was inspected but did not contain a usable fare_attributes.txt or fare_products.txt record."
"avta","Antelope Valley Transit Authority (AVTA)","California","official-source-candidate","1.5","USD","GTFS Fares V2 base product","https://www.avta.com/userfiles/files/AVTA_GTFS.zip","medium","http://www.avta.com","official-source-found","","Feed publishes multiple products; discounted, special, or non-core products were excluded where identifiable, then the lowest positive core candidate was retained."
"sdmts","Metropolitan Transit System (San Diego MTS)","California","official-source-candidate","2.5","USD","GTFS Fares V2 base product","https://files.mobilitydatabase.org/mdb-13/mdb-13-202605270056/mdb-13-202605270056.zip","medium","http://www.sdmts.com","official-source-found","","Feed publishes multiple products; discounted, special, or non-core products were excluded where identifiable, then the lowest positive core candidate was retained."
"nctd","North County Transit District (NCTD)","California","official-source-candidate","1.25","USD","GTFS Fares V2 base product","https://lfportal.nctd.org/staticGTFS/google_transit.zip","medium","http://www.gonctd.com","official-source-found","","Feed publishes multiple products; discounted, special, or non-core products were excluded where identifiable, then the lowest positive core candidate was retained."
"riverside","Riverside Transit Agency","California","official-fare-page-not-found","","","","https://files.mobilitydatabase.org/mdb-98/mdb-98-202605110136/mdb-98-202605110136.zip","unresolved","http://www.riversidetransit.com","official-fare-page-not-found","","Feed was inspected but did not contain a usable fare_attributes.txt or fare_products.txt record."
"omnitrans","OmniTrans (San Bernardino)","California","official-source-candidate","0.9","USD","GTFS Fares V2 base product","http://www.omnitrans.org/google/google_transit.zip","medium","https://omnitrans.org","official-source-found","","Feed publishes multiple products; discounted, special, or non-core products were excluded where identifiable, then the lowest positive core candidate was retained."
"fax","Fresno Area Express (FAX)","California","official-source-candidate","","USD","GTFS zero-fare candidate","https://gis4u.fresno.gov/downloads/fax_gtfs.zip","unresolved","https://www.fresno.gov/transportation/fax/","official-source-found","","GTFS publishes only zero-value legacy fare attributes; this may be a placeholder and was not treated as proof of free service."
"get","Golden Empire Transit District (GET)","California","official-source-candidate","4.4","CAD","GTFS Fares V1 fare attribute","https://files.mobilitydatabase.org/mdb-46/mdb-46-202606130139/mdb-46-202606130139.zip","low","http://www.getbus.org/","official-source-found","","Feed publishes multiple products; discounted, special, or non-core products were excluded where identifiable, then the lowest positive core candidate was retained."
"sjrtd","San Joaquin RTD","California","official-source-candidate","0.5","USD","GTFS Fares V2 base product","http://sjrtd.com/RTD-GTFS/RTD-GTFS.zip","medium","http://sanjoaquinrtd.com","official-source-found","","Feed publishes multiple products; discounted, special, or non-core products were excluded where identifiable, then the lowest positive core candidate was retained."
"merced","Merced County Transit (The Bus)","California","official-source-candidate","","","","https://files.mobilitydatabase.org/mdb-3117/mdb-3117-202607030020/mdb-3117-202607030020.zip","unresolved","https://www.mercedthebus.com/","official-source-found","","Feed was inspected but did not contain a usable fare_attributes.txt or fare_products.txt record."
"start","Stanislaus Regional Transit (StaRT)","California","official-source-candidate","","","","https://files.mobilitydatabase.org/mdb-2273/mdb-2273-202606030124/mdb-2273-202606030124.zip","unresolved","http://www.stanrta.org","official-source-found","","Feed was inspected but did not contain a usable fare_attributes.txt or fare_products.txt record."
"mst","Monterey-Salinas Transit (MST)","California","official-fare-page-not-found","2","USD","GTFS Fares V1 fare attribute","https://files.mobilitydatabase.org/mdb-56/mdb-56-202606240122/mdb-56-202606240122.zip","low","http://www.mst.org","official-fare-page-not-found","","Feed publishes multiple products; discounted, special, or non-core products were excluded where identifiable, then the lowest positive core candidate was retained."
"sbmtd","Santa Barbara Metropolitan Transit District (MTD)","California","official-source-candidate","0.5","USD","GTFS Fares V2 base product","https://files.mobilitydatabase.org/mdb-1246/latest.zip","medium","https://sbmtd.gov","official-source-found","","Feed publishes multiple products; discounted, special, or non-core products were excluded where identifiable, then the lowest positive core candidate was retained."
"slotransit","City of San Luis Obispo Transit","California","official-fare-page-not-found","0.5","USD","GTFS Fares V1 fare attribute","https://files.mobilitydatabase.org/mdb-44/mdb-44-202603280107/mdb-44-202603280107.zip","low","https://www.slocity.org/government/department-directory/public-works/slo-transit-bus","official-fare-page-not-found","","Feed publishes multiple products; discounted, special, or non-core products were excluded where identifiable, then the lowest positive core candidate was retained."
"slorta","San Luis Obispo Regional Transit Authority (SLORTA)","California","official-source-candidate","1","USD","GTFS Fares V1 fare attribute","https://files.mobilitydatabase.org/mdb-43/mdb-43-202606120140/mdb-43-202606120140.zip","low","https://www.slorta.org/","official-source-found","","Feed publishes multiple products; discounted, special, or non-core products were excluded where identifiable, then the lowest positive core candidate was retained."
"sunline","SunLine Transit Agency (Coachella Valley)","California","official-source-candidate","","","","https://files.mobilitydatabase.org/tld-461/tld-461-202606060105/tld-461-202606060105.zip","unresolved","https://www.sunline.org/","official-source-found","","Feed was inspected but did not contain a usable fare_attributes.txt or fare_products.txt record."
"rtcsnv","Regional Transportation Commission of Southern Nevada (RTC)","Nevada","official-fare-page-not-found","","","","https://files.mobilitydatabase.org/mdb-2351/latest.zip","unresolved","http://www.rtcsnv.com","official-fare-page-not-found","","Feed was inspected but did not contain a usable fare_attributes.txt or fare_products.txt record."
"rtcwashoe","Regional Transportation Commission of Washoe County (RTC Washoe)","Nevada","official-source-candidate","2","USD","GTFS Fares V1 fare attribute","https://files.mobilitydatabase.org/mdb-120/mdb-120-202605290123/mdb-120-202605290123.zip","low","http://www.rtcwashoe.com","official-source-found","","Feed publishes multiple products; discounted, special, or non-core products were excluded where identifiable, then the lowest positive core candidate was retained."
"smat","Santa Maria Area Transit","California","official-fare-page-not-found","","","","https://files.mobilitydatabase.org/mdb-2272/mdb-2272-202607030002/mdb-2272-202607030002.zip","unresolved","https://smrt.tripshot.com/","official-fare-page-not-found","","Feed was inspected but did not contain a usable fare_attributes.txt or fare_products.txt record."
"valleymetro","Valley Metro (Phoenix)","Arizona","official-fare-page-not-found","","","","https://files.mobilitydatabase.org/mdb-147/mdb-147-202606300020/mdb-147-202606300020.zip","unresolved","https://www.valleymetro.org/","official-fare-page-not-found","","Feed was inspected but did not contain a usable fare_attributes.txt or fare_products.txt record."
"mountainline","Mountain Line (Flagstaff)","Arizona","official-source-candidate","","","","https://files.mobilitydatabase.org/mdb-1979/mdb-1979-202607030141/mdb-1979-202607030141.zip","unresolved","https://www.mountainline.az.gov/","official-source-found","","Feed was inspected but did not contain a usable fare_attributes.txt or fare_products.txt record."
"mountainmetro","Mountain Metropolitan Transit (Colorado Springs)","Colorado","official-site-inaccessible","","","","https://coloradosprings.gov/document/googletransit.zip","unresolved","http://www.mmtransit.com","site-inaccessible","","Feed was inspected but did not contain a usable fare_attributes.txt or fare_products.txt record."
"rtd-denver","Regional Transportation District (RTD Denver)","Colorado","official-source-candidate","","","","https://files.mobilitydatabase.org/mdb-178/latest.zip","unresolved","https://www.rtd-denver.com","official-source-found","","Feed was inspected but did not contain a usable fare_attributes.txt or fare_products.txt record."
"bustang","Bustang (CDOT)","Colorado","official-fare-page-not-found","1","USD","GTFS Fares V1 fare attribute","https://files.mobilitydatabase.org/mdb-2280/latest.zip","low","https://www.ridebustang.com/","official-fare-page-not-found","","Feed publishes multiple products; discounted, special, or non-core products were excluded where identifiable, then the lowest positive core candidate was retained."
"abqride","ABQ RIDE (Albuquerque)","New Mexico","official-source-candidate","","USD","GTFS zero-fare candidate","https://files.mobilitydatabase.org/mdb-166/mdb-166-202606060001/mdb-166-202606060001.zip","unresolved","https://abqride.com","official-source-found","","GTFS publishes only zero-value legacy fare attributes; this may be a placeholder and was not treated as proof of free service."
"santafetrails","Santa Fe Trails","New Mexico","official-source-candidate","","","","https://passio3.com/santafenm/passioTransit/gtfs/google_transit.zip","unresolved","https://www.santafenm.gov/transit","official-source-found","","Feed was inspected but did not contain a usable fare_attributes.txt or fare_products.txt record."
"capmetro","Capital Metro (Austin)","Texas","verified-official","1.25","USD","GTFS Fares V1 fare attribute","https://files.mobilitydatabase.org/mdb-150/latest.zip","low","http://www.capmetro.org","official-source-found","{""slug"":""capmetro"",""agencyName"":""Capital Metro (Austin)"",""amount"":1.25,""currency"":""USD"",""fareType"":""standard local single ride"",""payment"":""Umo app, card, or fare media"",""sourceUrl"":""https://www.capmetro.org/ride/purchase/fares-passes"",""confidence"":""high"",""evidence"":""Official Standard Fares table lists Local Fares Single Ride at $1.25; service-day, monthly, commuter, and pickup fares are listed separately.""}","Feed publishes multiple products; discounted, special, or non-core products were excluded where identifiable, then the lowest positive core candidate was retained."
"dart","Dallas Area Rapid Transit (DART)","Texas","official-source-candidate","1","USD","GTFS Fares V1 fare attribute","http://www.dart.org/transitdata/latest/google_transit.zip","low","https://www.dart.org","official-source-found","","Feed publishes multiple products; discounted, special, or non-core products were excluded where identifiable, then the lowest positive core candidate was retained."
"trinitymetro","Trinity Metro (Fort Worth)","Texas","official-source-candidate","2","USD","GTFS Fares V2 base product","https://files.mobilitydatabase.org/mdb-2890/mdb-2890-202606170131/mdb-2890-202606170131.zip","medium","https://ridetrinitymetro.org","official-source-found","","Feed publishes multiple products; discounted, special, or non-core products were excluded where identifiable, then the lowest positive core candidate was retained."
"metrohouston","METRO Houston","Texas","official-source-candidate","1.25","USD","GTFS Fares V1 fare attribute","https://metro.resourcespace.com/pages/download.php?ref=4835&ext=zip","low","http://www.ridemetro.org","official-source-found","","Feed publishes multiple products; discounted, special, or non-core products were excluded where identifiable, then the lowest positive core candidate was retained."
"via","VIA Metropolitan Transit (San Antonio)","Texas","official-source-candidate","0.65","USD","GTFS Fares V1 fare attribute","https://files.mobilitydatabase.org/tld-217/latest.zip","low","http://www.viainfo.net","official-source-found","","Feed publishes multiple products; discounted, special, or non-core products were excluded where identifiable, then the lowest positive core candidate was retained."
"embark","Embark (Oklahoma City)","Oklahoma","official-fare-page-not-found","1","USD","GTFS Fares V2 base product","https://files.mobilitydatabase.org/mdb-2062/mdb-2062-202607030109/mdb-2062-202607030109.zip","medium","https://www.ou.edu/cart","official-fare-page-not-found","","Feed publishes multiple products; discounted, special, or non-core products were excluded where identifiable, then the lowest positive core candidate was retained."
"rockregion","Rock Region Metro (Little Rock)","Arkansas","official-source-candidate","","","","https://files.mobilitydatabase.org/mdb-2264/mdb-2264-202507280407/mdb-2264-202507280407.zip","unresolved","https://rrmetro.org/","official-source-found","","Feed was inspected but did not contain a usable fare_attributes.txt or fare_products.txt record."
"nashvillemta","Nashville MTA WeGo Public Transit","Tennessee","official-source-candidate","1.65","USD","GTFS Fares V1 fare attribute","https://files.mobilitydatabase.org/mdb-360/mdb-360-202606200107/mdb-360-202606200107.zip","low","http://www.wegotransit.com","official-source-found","","Fare extracted from the current locally available GTFS feed."
"mata","Memphis Area Transit Authority","Tennessee","official-source-candidate","","","","https://gtfs.mata.cadavl.com/MATA/GTFS/GTFS_MATA.zip","unresolved","http://www.matatransit.com","official-source-found","","Feed was inspected but did not contain a usable fare_attributes.txt or fare_products.txt record."
"norta","New Orleans Regional Transit Authority (NORTA)","Louisiana","official-source-candidate","","","","https://files.mobilitydatabase.org/ntd-60032/ntd-60032-202605140120/ntd-60032-202605140120.zip","unresolved","http://www.norta.com/","official-source-found","","Feed was inspected but did not contain a usable fare_attributes.txt or fare_products.txt record."
"cincinnatimetro","Cincinnati Metro (SORTA)","Ohio","official-source-candidate","2.2","USD","GTFS Fares V1 fare attribute","https://files.mobilitydatabase.org/mdb-307/latest.zip","low","http://www.go-metro.com","official-source-found","","Feed publishes multiple products; discounted, special, or non-core products were excluded where identifiable, then the lowest positive core candidate was retained."
"tarc","Transit Authority of River City (Louisville)","Kentucky","official-source-candidate","","","","https://tarc.rideralerts.com/InfoPoint/gtfs-zip.ashx","unresolved","https://www.ridetarc.org/","official-source-found","","Feed was inspected but did not contain a usable fare_attributes.txt or fare_products.txt record."
"mcts","Milwaukee County Transit System (MCTS)","Wisconsin","official-source-candidate","2","USD","GTFS Fares V1 fare attribute","https://files.mobilitydatabase.org/mdb-2127/latest.zip","low","http://www.ridemcts.com","official-source-found","","Feed publishes multiple products; discounted, special, or non-core products were excluded where identifiable, then the lowest positive core candidate was retained."
"metrostlouis","Metro St. Louis","Missouri","official-source-candidate","","","","https://files.mobilitydatabase.org/mdb-190/mdb-190-202605290001/mdb-190-202605290001.zip","unresolved","http://www.metrostlouis.org","official-source-found","","Feed was inspected but did not contain a usable fare_attributes.txt or fare_products.txt record."
"kcata","Kansas City Area Transportation Authority (KCATA)","Missouri","official-source-candidate","","","","http://www.kc-metro.com/gtf/google_transit.zip","unresolved","http://www.kcata.org","official-source-found","","Feed was inspected but did not contain a usable fare_attributes.txt or fare_products.txt record."
"omahametro","Omaha Metro","Nebraska","official-source-candidate","","","","https://files.mobilitydatabase.org/mdb-2261/mdb-2261-202604230118/mdb-2261-202604230118.zip","unresolved","https://www.ometro.com/","official-source-found","","Feed was inspected but did not contain a usable fare_attributes.txt or fare_products.txt record."
"ladot","Los Angeles Department of Transportation (LADOT/DASH)","California","official-source-candidate","","","","https://files.mobilitydatabase.org/mdb-1210/mdb-1210-202607030056/mdb-1210-202607030056.zip","unresolved","https://www.ladottransit.com/","official-source-found","","Feed was inspected but did not contain a usable fare_attributes.txt or fare_products.txt record."
"culvercitybus","Culver City Bus","California","official-source-candidate","0.35","USD","GTFS Fares V2 base product","https://web.culvercity.org/gtfs/gtfsexport.zip","medium","https://www.culvercity.org/how-do-i/find/culver-city-bus","official-source-found","","Feed publishes multiple products; discounted, special, or non-core products were excluded where identifiable, then the lowest positive core candidate was retained."
"santaclarita","Santa Clarita Transit","California","official-source-candidate","1.25","USD","GTFS Fares V1 fare attribute","https://files.mobilitydatabase.org/tld-1256/tld-1256-202606250025/tld-1256-202606250025.zip","low","https://santaclaritatransit.com","official-source-found","","Feed publishes multiple products; discounted, special, or non-core products were excluded where identifiable, then the lowest positive core candidate was retained."
"montebello","Montebello Bus Lines","California","official-source-candidate","","","","https://files.mobilitydatabase.org/mdb-2201/mdb-2201-202606270133/mdb-2201-202606270133.zip","unresolved","http://www.ridembl.com/","official-source-found","","Feed was inspected but did not contain a usable fare_attributes.txt or fare_products.txt record."
"burbankbus","BurbankBus","California","official-source-candidate","","","","https://files.mobilitydatabase.org/mdb-2149/mdb-2149-202607030052/mdb-2149-202607030052.zip","unresolved","http://www.burbankbus.org/","official-source-found","","Feed was inspected but did not contain a usable fare_attributes.txt or fare_products.txt record."
"glendalebeeline","Glendale Beeline","California","official-fare-page-not-found","","","","https://files.mobilitydatabase.org/mdb-1280/mdb-1280-202402120036/mdb-1280-202402120036.zip","unresolved","http://glendalebeeline.com/","official-fare-page-not-found","","Feed was inspected but did not contain a usable fare_attributes.txt or fare_products.txt record."
"pasadenatransit","Pasadena Transit","California","official-fare-page-not-found","0.75","USD","GTFS Fares V2 base product","https://files.mobilitydatabase.org/mdb-41/mdb-41-202606270117/mdb-41-202606270117.zip","medium","https://www.cityofpasadena.net/pasadena-transit/","official-fare-page-not-found","","Feed publishes multiple products; discounted, special, or non-core products were excluded where identifiable, then the lowest positive core candidate was retained."
"norwalktransit","Norwalk Transit System","California","official-source-candidate","","","","https://files.mobilitydatabase.org/tld-881/tld-881-202511280046/tld-881-202511280046.zip","unresolved","https://www.norwalk.org/city-hall/departments/norwalk-transit-system-nts","official-source-found","","Feed was inspected but did not contain a usable fare_attributes.txt or fare_products.txt record."
"pvpta","Palos Verdes Peninsula Transit Authority (PVPTA)","California","official-source-candidate","","","","http://data.trilliumtransit.com/gtfs/pvpta-ca-us/pvpta-ca-us.zip","unresolved","http://www.palosverdes.com/pvtransit/","official-source-found","","Feed was inspected but did not contain a usable fare_attributes.txt or fare_products.txt record."
"gtrans","GTrans (Gardena Municipal Bus Lines)","California","official-source-candidate","","","","https://ridegtrans.com/gtfs.zip","unresolved","https://ridegtrans.com/","official-source-found","","Feed was inspected but did not contain a usable fare_attributes.txt or fare_products.txt record."
"vvta","Victor Valley Transit Authority (VVTA)","California","official-source-candidate","","","","https://api.transloc.com/gtfs/vvta.zip","unresolved","http://vvta.org/","official-source-found","","Feed was inspected but did not contain a usable fare_attributes.txt or fare_products.txt record."
"vctc","Ventura County Transportation Commission (VCTC Intercity)","California","official-source-candidate","0.8","USD","GTFS Fares V1 fare attribute","https://www.goventura.org/wp-content/uploads/2026/02/20260213-GMV_Schedule.zip","low","http://www.goventura.org/","official-source-found","","Feed publishes multiple products; discounted, special, or non-core products were excluded where identifiable, then the lowest positive core candidate was retained."
"elmonte","El Monte Transit","California","official-source-candidate","0.5","USD","GTFS Fares V1 fare attribute","https://rapid.nationalrtap.org/GTFSFileManagement/UserUploadFiles/11664/Google_Transit.zip","low","http://www.ci.el-monte.ca.us/Government/PublicWorks/Transportation.aspx","official-source-found","","Feed publishes multiple products; discounted, special, or non-core products were excluded where identifiable, then the lowest positive core candidate was retained."
"cta","Chicago Transit Authority (CTA)","Illinois","official-source-candidate","2","USD","GTFS Fares V1 fare attribute","https://www.transitchicago.com/downloads/sch_data/google_transit.zip","low","http://transitchicago.com","official-source-found","","Fare extracted from the current locally available GTFS feed."
"metra","Metra (Chicago)","Illinois","official-fare-page-not-found","","","","https://files.mobilitydatabase.org/mdb-2854/mdb-2854-202606280011/mdb-2854-202606280011.zip","unresolved","http://www.metrarail.com/","official-fare-page-not-found","","Feed was inspected but did not contain a usable fare_attributes.txt or fare_products.txt record."
"pace-bus","Pace Bus (Chicago suburbs)","Illinois","official-source-candidate","4.4","CAD","GTFS Fares V1 fare attribute","https://files.mobilitydatabase.org/mdb-2347/mdb-2347-202605290102/mdb-2347-202605290102.zip","low","https://www.pacebus.com","official-source-found","","Feed publishes multiple products; discounted, special, or non-core products were excluded where identifiable, then the lowest positive core candidate was retained."
"marta","MARTA (Atlanta)","Georgia","official-source-candidate","","","","https://www.itsmarta.com/google_transit_feed/google_transit.zip","unresolved","https://www.itsmarta.com","official-source-found","","Feed was inspected but did not contain a usable fare_attributes.txt or fare_products.txt record."
"cobblinc","CobbLinc (Marietta, GA)","Georgia","verified-official","","","","https://files.mobilitydatabase.org/mdb-3193/mdb-3193-202607020158/mdb-3193-202607020158.zip","unresolved","https://www.cobbcounty.gov/transportation/cobblinc","official-source-found","{""slug"":""cobblinc"",""agencyName"":""CobbLinc (Marietta, GA)"",""amount"":2.5,""currency"":""USD"",""fareType"":""adult local one-way fare"",""payment"":""cash or Breeze"",""sourceUrl"":""https://www.cobbcounty.gov/transportation/cobb-transit-service-cobblinc/fares-transfers"",""confidence"":""high"",""evidence"":""Official CobbLinc fare table lists Adult Local One-way at $2.50; reduced local and paratransit fares are listed separately.""}","Feed was inspected but did not contain a usable fare_attributes.txt or fare_products.txt record."
"gwinnett-transit","Gwinnett County Transit","Georgia","official-site-inaccessible","","","","https://files.mobilitydatabase.org/mdb-2241/mdb-2241-202607030045/mdb-2241-202607030045.zip","unresolved","https://www.ridegwinnett.com/","site-inaccessible","","Feed was inspected but did not contain a usable fare_attributes.txt or fare_products.txt record."
"miami-dade-transit","Miami-Dade Transit","Florida","official-source-candidate","","","","https://files.mobilitydatabase.org/mdb-331/mdb-331-202608010003/mdb-331-202608010003.zip","unresolved","http://www.miamidade.gov/transit","official-source-found","","Feed was inspected but did not contain a usable fare_attributes.txt or fare_products.txt record."
"broward-transit","Broward County Transit","Florida","official-source-candidate","","","","https://files.mobilitydatabase.org/mdb-330/mdb-330-202606300003/mdb-330-202606300003.zip","unresolved","http://www.broward.org/bct/Pages/default.aspx","official-source-found","","Feed was inspected but did not contain a usable fare_attributes.txt or fare_products.txt record."
"transfort","Transfort (Fort Collins)","Colorado","official-source-candidate","","","","https://ridetransfort.com/wp-content/uploads/transfort_gtfs.zip","unresolved","http://www.ridetransfort.com/","official-source-found","","Feed was inspected but did not contain a usable fare_attributes.txt or fare_products.txt record."
"septa","SEPTA (Philadelphia)","Pennsylvania","official-source-candidate","2.9","USD","GTFS Fares V2 base product","https://www3.septa.org/developer/google_bus.zip","medium","https://septa.org/","official-source-found","","Fare extracted from the current locally available GTFS feed."
"wmata","WMATA (Washington, DC)","Washington DC","official-source-candidate","","","","https://files.mobilitydatabase.org/mdb-1846/latest.zip","unresolved","https://www.wmata.com","official-source-found","","Feed was inspected but did not contain a usable fare_attributes.txt or fare_products.txt record."
"vre","Virginia Railway Express (VRE)","Virginia","official-source-candidate","","","","https://gtfs.vre.org/containercdngtfsupload/google_transit.zip","unresolved","http://www.vre.org","official-source-found","","Feed was inspected but did not contain a usable fare_attributes.txt or fare_products.txt record."
"marc","MARC Train (MTA Maryland)","Maryland","official-source-candidate","","","","https://feeds.mta.maryland.gov/gtfs/marc","unresolved","https://mta.maryland.gov/","official-source-found","","Feed was inspected but did not contain a usable fare_attributes.txt or fare_products.txt record."
"rideon","Ride On (Montgomery County)","Maryland","official-source-candidate","","","","https://mcg.montgomerycountymd.gov/DOT-Transit/Resources/Files/GTFS/RideOnGTFS.zip","unresolved","https://www.montgomerycountymd.gov/dot-transit/index.html","official-source-found","","Feed was inspected but did not contain a usable fare_attributes.txt or fare_products.txt record."
"fairfax","Fairfax Connector","Virginia","official-fare-page-not-found","","USD","GTFS zero-fare candidate","https://www.fairfaxcounty.gov/connector/sites/connector/files/assets/connector_gtfs.zip","unresolved","http://www.fairfaxcounty.gov/connector/routes/","official-fare-page-not-found","","GTFS publishes only zero-value legacy fare attributes; this may be a placeholder and was not treated as proof of free service."
"art","Arlington Transit (ART)","Virginia","verified-official","0.7","USD","GTFS Fares V1 fare attribute","https://www.arlingtontransit.com/shared/content/gtfs/art/google_transit.zip","low","http://www.arlingtontransit.com","official-source-found","{""slug"":""art"",""agencyName"":""Arlington Transit (ART)"",""amount"":2.25,""currency"":""USD"",""fareType"":""adult fare"",""payment"":""cash or SmarTrip"",""sourceUrl"":""http://www.arlingtontransit.com/rider-info-fares/fares/"",""confidence"":""high"",""evidence"":""ART Fares table lists Adults at $2.25; page explains cash and SmarTrip payment.""}","Feed publishes multiple products; discounted, special, or non-core products were excluded where identifiable, then the lowest positive core candidate was retained."
"dash","DASH (Alexandria)","Virginia","official-source-candidate","","USD","GTFS zero-fare candidate","https://www.dashbus.com/wp-content/gtfs/google_transit.zip","unresolved","https://www.dashbus.com/","official-source-found","","GTFS publishes only zero-value legacy fare attributes; this may be a placeholder and was not treated as proof of free service."
"nyct-subway","MTA NYCT Subway","New York","official-fare-page-not-found","","","","https://rrgtfsfeeds.s3.amazonaws.com/gtfs_subway.zip","unresolved","http://www.mta.info","official-fare-page-not-found","","Feed was inspected but did not contain a usable fare_attributes.txt or fare_products.txt record."
"nyct-bus-manhattan","MTA NYCT Bus (Manhattan)","New York","official-fare-page-not-found","","","","https://files.mobilitydatabase.org/mdb-513/latest.zip","unresolved","http://www.mta.info","official-fare-page-not-found","","Feed was inspected but did not contain a usable fare_attributes.txt or fare_products.txt record."
"nyct-bus-brooklyn","MTA NYCT Bus (Brooklyn)","New York","official-fare-page-not-found","","","","https://files.mobilitydatabase.org/mdb-512/latest.zip","unresolved","http://www.mta.info","official-fare-page-not-found","","Feed was inspected but did not contain a usable fare_attributes.txt or fare_products.txt record."
"nyct-bus-queens","MTA NYCT Bus (Queens)","New York","official-fare-page-not-found","","","","https://files.mobilitydatabase.org/mdb-520/latest.zip","unresolved","http://www.mta.info","official-fare-page-not-found","","Feed was inspected but did not contain a usable fare_attributes.txt or fare_products.txt record."
"nyct-bus-bronx","MTA NYCT Bus (Bronx)","New York","official-fare-page-not-found","","","","https://files.mobilitydatabase.org/mdb-528/latest.zip","unresolved","http://www.mta.info","official-fare-page-not-found","","Feed was inspected but did not contain a usable fare_attributes.txt or fare_products.txt record."
"nyct-bus-si","MTA NYCT Bus (Staten Island)","New York","official-fare-page-not-found","","","","https://files.mobilitydatabase.org/mdb-514/latest.zip","unresolved","http://www.mta.info","official-fare-page-not-found","","Feed was inspected but did not contain a usable fare_attributes.txt or fare_products.txt record."
"lirr","MTA Long Island Rail Road","New York","official-fare-page-not-found","","","","https://rrgtfsfeeds.s3.amazonaws.com/gtfslirr.zip","unresolved","https://new.mta.info/agency/long-island-rail-road","official-fare-page-not-found","","Feed was inspected but did not contain a usable fare_attributes.txt or fare_products.txt record."
"mnr","Metro-North Railroad (MNR)","New York","official-fare-page-not-found","","","","https://files.mobilitydatabase.org/mdb-524/mdb-524-202607030002/mdb-524-202607030002.zip","unresolved","http://www.mta.info/mnr","official-fare-page-not-found","","Feed was inspected but did not contain a usable fare_attributes.txt or fare_products.txt record."
"njt-rail","NJ Transit Rail","New Jersey","official-source-candidate","","","","https://files.mobilitydatabase.org/mdb-509/mdb-509-202607010038/mdb-509-202607010038.zip","unresolved","http://www.njtransit.com/","official-source-found","","Feed was inspected but did not contain a usable fare_attributes.txt or fare_products.txt record."
"njt-bus","NJ Transit Bus","New Jersey","official-source-candidate","","","","https://files.mobilitydatabase.org/mdb-508/mdb-508-202607010134/mdb-508-202607010134.zip","unresolved","http://www.njtransit.com/","official-source-found","","Feed was inspected but did not contain a usable fare_attributes.txt or fare_products.txt record."
"path","PATH (Port Authority Trans-Hudson)","New Jersey","official-source-candidate","3","USD","GTFS Fares V1 fare attribute","https://data.trilliumtransit.com/gtfs/path-nj-us/path-nj-us.zip","low","http://www.panynj.gov/path/","official-source-found","","Fare extracted from the current locally available GTFS feed."
"beeline","Westchester County Bee-Line System (BeeLine)","New York","no-official-website","","","","https://westchester-gmv.itoworld.com/production/ito_westchester_county_gtfs.zip","unresolved","","no-website","","Feed was inspected but did not contain a usable fare_attributes.txt or fare_products.txt record."
"nice","Nassau Inter-County Express (NICE Bus)","New York","official-source-candidate","","","","https://files.mobilitydatabase.org/mdb-521/mdb-521-202606070009/mdb-521-202606070009.zip","unresolved","http://www.nicebus.com","official-source-found","","Feed was inspected but did not contain a usable fare_attributes.txt or fare_products.txt record."
"tor","Transport of Rockland (TOR)","New York","official-fare-page-not-found","","","","https://s3.amazonaws.com/datatools-511ny/public/TOR_Transport_of_Rockland.zip","unresolved","http://rocklandgov.com/departments/public-transportation/transport-of-rockland/","official-fare-page-not-found","","Feed was inspected but did not contain a usable fare_attributes.txt or fare_products.txt record."
"sct","Suffolk County Transit (SCT)","New York","official-source-candidate","","","","https://tracksctbus.org/gtfs","unresolved","https://sctbus.org/","official-source-found","","Feed was inspected but did not contain a usable fare_attributes.txt or fare_products.txt record."
"part","Putnam Area Rapid Transit (PART)","New York","official-source-candidate","","","","https://s3.amazonaws.com/datatools-511ny/public/PART_Putnam_Area_Rapid_Transit.zip","unresolved","http://www.putnamcountyny.com/PART/","official-source-found","","Feed was inspected but did not contain a usable fare_attributes.txt or fare_products.txt record."
"dutchess","Dutchess County Public Transit","New York","official-fare-page-not-found","","","","https://s3.amazonaws.com/datatools-511ny/public/Dutchess_County_Transit.zip","unresolved","https://www.dutchessny.gov/Departments/Public-Transit/Routes","official-fare-page-not-found","","Feed was inspected but did not contain a usable fare_attributes.txt or fare_products.txt record."
"metro-transit","Metro Transit (Minneapolis)","Minnesota","official-source-candidate","","","","https://files.mobilitydatabase.org/mdb-205/latest.zip","unresolved","https://www.metrotransit.org","official-source-found","","Feed was inspected but did not contain a usable fare_attributes.txt or fare_products.txt record."
"port-authority-pa","Pittsburgh Regional Transit","Pennsylvania","official-source-candidate","2.75","USD","GTFS Fares V1 fare attribute","https://files.mobilitydatabase.org/mdb-409/mdb-409-202606280112/mdb-409-202606280112.zip","low","https://www.rideprt.org","official-source-found","","Fare extracted from the current locally available GTFS feed."
"ata","Area Transportation Authority (ATA)","Pennsylvania","verified-official","","","","https://rideata.rideralerts.com/InfoPoint/gtfs-zip.ashx","unresolved","https://www.rideata.com/","official-source-found","{""slug"":""ata"",""agencyName"":""Area Transportation Authority (ATA)"",""amount"":1.25,""amountMax"":2.25,""currency"":""USD"",""fareType"":""fixed-route one-way fare, route-dependent"",""payment"":""standard fare"",""sourceUrl"":""https://www.rideata.com/fares-and-passes"",""confidence"":""high"",""evidence"":""Official fare tables list standard fixed-route fares of $2.25 on several intercity routes and $1.25 within local service areas; the core fare varies by route.""}","Feed was inspected but did not contain a usable fare_attributes.txt or fare_products.txt record."
"albemarle-county","Charlottesville Area Transit (CAT)","Virginia","official-source-candidate","","","","https://apps.charlottesville.gov/publicfiles/GTFS.zip","unresolved","https://charlottesville.gov/470/Transit","official-source-found","","Feed was inspected but did not contain a usable fare_attributes.txt or fare_products.txt record."
"chemung-county","Chemung County C-TRAN","New York","official-source-candidate","","","","https://s3.amazonaws.com/datatools-511ny/public/Chemung_C_TRAN.zip","unresolved","https://ridectran.com/","official-source-found","","Feed was inspected but did not contain a usable fare_attributes.txt or fare_products.txt record."
"decatur","Decatur Public Transit System","Illinois","official-source-candidate","","","","https://gtfs.remix.com/dpts_decatur_il_us.zip","unresolved","https://decaturil.gov/departments/transit/","official-source-found","","Feed was inspected but did not contain a usable fare_attributes.txt or fare_products.txt record."
"essex-county","Cape Ann Transportation Authority (CATA)","Massachusetts","official-source-candidate","","USD","GTFS zero-fare candidate","http://data.trilliumtransit.com/gtfs/capeann-ma-us/capeann-ma-us.zip","unresolved","http://canntran.com/","official-source-found","","GTFS publishes only zero-value legacy fare attributes; this may be a placeholder and was not treated as proof of free service."
"fort-mcmurray","Regional Municipality of Wood Buffalo Transit","Alberta","official-fare-page-not-found","","","","https://rmwb-gtfsrt.civilia.ca/gtfs","unresolved","http://www.rmwb.ca","official-fare-page-not-found","","Feed was inspected but did not contain a usable fare_attributes.txt or fare_products.txt record."
"fort-smith","City of Fort Smith","Arkansas","official-fare-page-not-found","1.25","USD","GTFS Fares V1 fare attribute","https://rapid.nationalrtap.org/GTFSFileManagement/UserUploadFiles/11783/FST_GTFS.zip","low","https://www.fortsmithar.gov/government/departments/transit","official-fare-page-not-found","","Feed publishes multiple products; discounted, special, or non-core products were excluded where identifiable, then the lowest positive core candidate was retained."
"janesville","Janesville Transit System","Wisconsin","official-fare-page-not-found","1.5","USD","GTFS Fares V1 fare attribute","http://data.trilliumtransit.com/gtfs/jts-wi-us/jts-wi-us.zip","low","http://www.ci.janesville.wi.us/index.aspx?page=124","official-fare-page-not-found","","Feed publishes multiple products; discounted, special, or non-core products were excluded where identifiable, then the lowest positive core candidate was retained."
"kaua-i-county","The Kauai Bus","Hawaii","official-source-candidate","","","","https://thekauaibus.com/gtfs","unresolved","https://www.kauai.gov/transportation","official-source-found","","Feed was inspected but did not contain a usable fare_attributes.txt or fare_products.txt record."
"los-alamos-county","Atomic City Transit","New Mexico","official-source-candidate","","USD","GTFS zero-fare candidate","https://gtfs.remix.com/act_los_alamos_nm_us.zip","unresolved","http://www.atomiccitytransit.com","official-source-found","","GTFS publishes only zero-value legacy fare attributes; this may be a placeholder and was not treated as proof of free service."
"marathon-county","Metro Ride","Wisconsin","official-fare-page-not-found","1.75","USD","GTFS Fares V1 fare attribute","http://data.trilliumtransit.com/gtfs/wausau-wi-us/wausau-wi-us.zip","low","https://www.ci.wausau.wi.us/Departments/MetroRide.aspx","official-fare-page-not-found","","Fare extracted from the current locally available GTFS feed."
"mason-city","Mason City Public Transit","Iowa","official-fare-page-not-found","0.5","USD","GTFS Fares V1 fare attribute","http://data.trilliumtransit.com/gtfs/masoncity-ia-us/masoncity-ia-us.zip","low","http://www.masoncity.net/pview.aspx?id=18070&amp;catid=477","official-fare-page-not-found","","Fare extracted from the current locally available GTFS feed."
"maui-county","Maui County Transit","Hawaii","official-fare-page-not-found","","","","https://mauibus.org/gtfs","unresolved","https://www.mauicounty.gov/3000/Department-of-Transportation","official-fare-page-not-found","","Feed was inspected but did not contain a usable fare_attributes.txt or fare_products.txt record."
"medicine-hat","Medicine Hat Transit","Alberta","official-source-candidate","","","","https://medicinehat.tmix.se/Tmix.Cap.TdExport.WebApi/gtfs/","unresolved","https://www.medicinehat.ca/en/roads-parking-and-transportation/transit.aspx","official-source-found","","Feed was inspected but did not contain a usable fare_attributes.txt or fare_products.txt record."
"muscogee-county","METRA","Georgia","official-source-candidate","","","","https://metracolumbus.com/gtfs","unresolved","https://www.columbusga.gov/metra","official-source-found","","Feed was inspected but did not contain a usable fare_attributes.txt or fare_products.txt record."
"nash-county","Tar River Transit","North Carolina","official-source-candidate","1.25","USD","GTFS Fares V1 fare attribute","http://data.trilliumtransit.com/gtfs/tarriver-nc-us/tarriver-nc-us.zip","low","http://www.tarrivertransit.org","official-source-found","","Fare extracted from the current locally available GTFS feed."
"rock-county","Beloit Transit System","Wisconsin","official-fare-page-not-found","","","","https://passio3.com/beloit/passioTransit/gtfs/google_transit.zip","unresolved","http://www.beloittransit.com","official-fare-page-not-found","","Feed was inspected but did not contain a usable fare_attributes.txt or fare_products.txt record."
"sheboygan-county","Shoreline Metro","Wisconsin","official-source-candidate","2","USD","GTFS Fares V1 fare attribute","http://data.trilliumtransit.com/gtfs/sheboygan-wi-us/sheboygan-wi-us.zip","low","http://www.shorelinemetro.com/","official-source-found","","Feed publishes multiple products; discounted, special, or non-core products were excluded where identifiable, then the lowest positive core candidate was retained."
"washington-county","Johnson City","Tennessee","official-source-candidate","","","","https://www.johnsoncitytransit.org/google_transit.zip","unresolved","https://www.johnsoncitytransit.org","official-source-found","","Feed was inspected but did not contain a usable fare_attributes.txt or fare_products.txt record."
"whitman-county","City of Pullman","Washington","official-source-candidate","","","","https://pullmanbusbeacon.com/gtfs","unresolved","https://www.pullmantransit.com/","official-source-found","","Feed was inspected but did not contain a usable fare_attributes.txt or fare_products.txt record."
"beaver-county","Beaver County Transit Authority","Pennsylvania","verified-official","","","","https://bcta.rideralerts.com/InfoPoint/gtfs-zip.ashx","unresolved","https://bcta.com/","official-source-found","{""slug"":""beaver-county"",""agencyName"":""Beaver County Transit Authority"",""amount"":2,""currency"":""USD"",""fareType"":""single ride cash fare"",""payment"":""cash or mobile ticket"",""sourceUrl"":""https://bcta.com/fares/?lang=en"",""effectiveDate"":""2026-03-02"",""confidence"":""high"",""evidence"":""Fare Costs Effective March 2, 2026: Single Ride Cash Fare $2.00 each way; reduced fare is listed separately at $1.00.""}","Feed was inspected but did not contain a usable fare_attributes.txt or fare_products.txt record."
"butler-pa","Butler Transit Authority","Pennsylvania","official-source-candidate","","","","https://butlerivl.availtec.com/InfoPoint/gtfs-zip.ashx","unresolved","https://www.butlertransitauthority.com/","official-source-found","","Feed was inspected but did not contain a usable fare_attributes.txt or fare_products.txt record."
"camtran","CamTran","Pennsylvania","official-source-candidate","1.75","USD","GTFS Fares V1 fare attribute","https://live.camtranbus.com/InfoPoint/gtfs-zip.ashx","low","https://www.camtranbus.com/","official-source-found","","Fare extracted from the current locally available GTFS feed."
"fact","Fayette Area Coordinated Transportation","Pennsylvania","official-source-candidate","","","","https://fact.rideralerts.com/InfoPoint/gtfs-zip.ashx","unresolved","https://factbus.com/","official-source-found","","Feed was inspected but did not contain a usable fare_attributes.txt or fare_products.txt record."
"freedom-transit","Freedom Transit","Pennsylvania","official-source-candidate","","","","https://freedom.rideralerts.com/InfoPoint/gtfs-zip.ashx","unresolved","https://www.freedom-transit.org/","official-source-found","","Feed was inspected but did not contain a usable fare_attributes.txt or fare_products.txt record."
"indigo","IndiGO","Pennsylvania","official-source-candidate","1.75","USD","GTFS Fares V1 fare attribute","https://indigobus.availtec.com/InfoPoint/gtfs-zip.ashx","low","https://www.indigobus.com/","official-source-found","","Fare extracted from the current locally available GTFS feed."
"mmvta","Mid Mon Valley Transit","Pennsylvania","official-fare-page-not-found","","","","https://mmvta.rideralerts.com/InfoPoint/gtfs-zip.ashx","unresolved","https://www.mmvta.com/","official-fare-page-not-found","","Feed was inspected but did not contain a usable fare_attributes.txt or fare_products.txt record."
"new-castle","New Castle Area Transit Authority","Pennsylvania","official-source-candidate","","","","https://ncata.rideralerts.com/InfoPoint/gtfs-zip.ashx","unresolved","https://newcastletransit.org/","official-source-found","","Feed was inspected but did not contain a usable fare_attributes.txt or fare_products.txt record."
"westmoreland","Westmoreland Transit","Pennsylvania","official-source-candidate","","","","https://wcta.rideralerts.com/InfoPoint/gtfs-zip.ashx","unresolved","https://www.westmorelandtransit.com/","official-source-found","","Feed was inspected but did not contain a usable fare_attributes.txt or fare_products.txt record."
"uta","Utah Transit Authority (UTA)","Utah","official-source-candidate","","","","https://files.mobilitydatabase.org/mdb-170/latest.zip","unresolved","http://www.rideuta.com","official-source-found","","Feed was inspected but did not contain a usable fare_attributes.txt or fare_products.txt record."
"jta","Jacksonville Transportation Authority (JTA)","Florida","official-source-candidate","","","","https://files.mobilitydatabase.org/tld-764/tld-764-202606200015/tld-764-202606200015.zip","unresolved","http://www.jtafla.com","official-source-found","","Feed was inspected but did not contain a usable fare_attributes.txt or fare_products.txt record."
"cats","Charlotte Area Transit System (CATS)","North Carolina","verified-official","","","","https://files.mobilitydatabase.org/mdb-2265/mdb-2265-202606120001/mdb-2265-202606120001.zip","unresolved","http://www.ridetransit.org","official-source-found","{""slug"":""cats"",""agencyName"":""Charlotte Area Transit System (CATS)"",""amount"":2.2,""currency"":""USD"",""fareType"":""adult local bus or rail one-way fare"",""payment"":""standard fare media"",""sourceUrl"":""https://www.charlottenc.gov/CATS/Fares-Passes"",""confidence"":""high"",""evidence"":""Official Local Bus and Rail fare table lists Adult One-Way at $2.20; community shuttle, express, day, weekly, monthly, and reduced fares are listed separately.""}","Feed was inspected but did not contain a usable fare_attributes.txt or fare_products.txt record."
"goraleigh","GoRaleigh (Capital Area Transit)","North Carolina","official-source-candidate","4.4","CAD","GTFS Fares V1 fare attribute","https://files.mobilitydatabase.org/mdb-2074/mdb-2074-202607010046/mdb-2074-202607010046.zip","low","http://www.GoRaleigh.org","official-source-found","","Feed publishes multiple products; discounted, special, or non-core products were excluded where identifiable, then the lowest positive core candidate was retained."
"gotriangle","GoTriangle (Raleigh-Durham)","North Carolina","official-source-candidate","4.4","CAD","GTFS Fares V1 fare attribute","http://gotriangle.org/gtfs","low","https://gotriangle.org/","official-source-found","","Feed publishes multiple products; discounted, special, or non-core products were excluded where identifiable, then the lowest positive core candidate was retained."
"indygo","IndyGo (Indianapolis)","Indiana","official-source-candidate","4.4","CAD","GTFS Fares V1 fare attribute","https://realtime.indygo.net/InfoPoint/gtfs-zip.ashx","low","http://www.indygo.net","official-source-found","","Feed publishes multiple products; discounted, special, or non-core products were excluded where identifiable, then the lowest positive core candidate was retained."
"mta-maryland","Maryland Transit Administration (MTA Maryland)","Maryland","official-source-candidate","2","USD","GTFS Fares V2 base product","https://files.mobilitydatabase.org/mdb-466/latest.zip","medium","https://mta.maryland.gov/","official-source-found","","Feed publishes multiple products; discounted, special, or non-core products were excluded where identifiable, then the lowest positive core candidate was retained."
"hart","Hillsborough Area Regional Transit (HART)","Florida","official-source-candidate","","","","https://files.mobilitydatabase.org/mdb-325/latest.zip","unresolved","http://www.gohart.org","official-source-found","","Feed was inspected but did not contain a usable fare_attributes.txt or fare_products.txt record."
"tampa-international-airport","Tampa International Airport","","official-source-candidate","1","USD","GTFS Fares V1 fare attribute","https://files.mobilitydatabase.org/mdb-325/latest.zip","low","https://www.tampaairport.com/","official-source-found","","Feed publishes multiple products; discounted, special, or non-core products were excluded where identifiable, then the lowest positive core candidate was retained."
"lynx","LYNX (Central Florida)","Florida","official-source-candidate","2","USD","GTFS Fares V1 fare attribute","http://gtfsrt.golynx.com/gtfsrt/google_transit.zip","low","http://www.golynx.com","official-source-found","","Feed publishes multiple products; discounted, special, or non-core products were excluded where identifiable, then the lowest positive core candidate was retained."
"thebus","TheBus (Honolulu)","Hawaii","official-source-candidate","","","","https://files.mobilitydatabase.org/mdb-2350/latest.zip","unresolved","http://www.thebus.org","official-source-found","","Feed was inspected but did not contain a usable fare_attributes.txt or fare_products.txt record."
"ripta","Rhode Island Public Transit Authority (RIPTA)","Rhode Island","official-fare-page-not-found","","","","https://files.mobilitydatabase.org/mdb-624/mdb-624-202606210030/mdb-624-202606210030.zip","unresolved","http://www.ripta.com/","official-fare-page-not-found","","Feed was inspected but did not contain a usable fare_attributes.txt or fare_products.txt record."
"valley-regional-transit","Valley Regional Transit (Boise)","Idaho","official-source-candidate","","","","https://files.mobilitydatabase.org/mdb-142/mdb-142-202606100102/mdb-142-202606100102.zip","unresolved","https://www.valleyregionaltransit.org/","official-source-found","","Feed was inspected but did not contain a usable fare_attributes.txt or fare_products.txt record."
"psta","Pinellas Suncoast Transit Authority (PSTA)","Florida","official-source-candidate","","","","https://www.ftis.org/PostFileDownload.aspx?id=1036A0","unresolved","http://www.psta.net","official-source-found","","Feed was inspected but did not contain a usable fare_attributes.txt or fare_products.txt record."
"palm-tran","Palm Tran (West Palm Beach)","Florida","official-source-candidate","2","USD","GTFS Fares V1 fare attribute","https://files.mobilitydatabase.org/mdb-332/mdb-332-202605190002/mdb-332-202605190002.zip","low","http://www.palmtran.org","official-source-found","","Fare extracted from the current locally available GTFS feed."
"sunrail","SunRail (Orlando)","Florida","official-source-candidate","2","USD","GTFS Fares V1 fare attribute","https://files.mobilitydatabase.org/mdb-626/mdb-626-202512170136/mdb-626-202512170136.zip","low","http://www.sunrail.com","official-source-found","","Feed publishes multiple products; discounted, special, or non-core products were excluded where identifiable, then the lowest positive core candidate was retained."
"votran","Votran (Volusia County)","Florida","official-source-candidate","2","USD","GTFS Fares V1 fare attribute","https://www.votran.org/file/6120/google_transit_June-2026.zip","low","http://www.votran.org","official-source-found","","Fare extracted from the current locally available GTFS feed."
"chapel-hill-transit","Chapel Hill Transit","North Carolina","official-source-candidate","","","","https://files.mobilitydatabase.org/tld-89/tld-89-202607040106/tld-89-202607040106.zip","unresolved","https://www.chapelhillnc.gov/Town-Government/Departments-and-Offices/Transit","official-source-found","","Feed was inspected but did not contain a usable fare_attributes.txt or fare_products.txt record."
"mvta","Minnesota Valley Transit Authority (MVTA)","Minnesota","official-source-candidate","","","","http://srv.mvta.com/InfoPoint/GTFS-Zip.ashx","unresolved","http://www.mvta.com","official-source-found","","Feed was inspected but did not contain a usable fare_attributes.txt or fare_products.txt record."
"xpress-ga","Xpress (Georgia Regional)","Georgia","official-source-candidate","3","USD","GTFS Fares V1 fare attribute","https://files.mobilitydatabase.org/mdb-2426/mdb-2426-202504011416/mdb-2426-202504011416.zip","low","http://www.xpressga.com/","official-source-found","","Feed publishes multiple products; discounted, special, or non-core products were excluded where identifiable, then the lowest positive core candidate was retained."
"omniride","OmniRide (PRTC)","Virginia","official-site-inaccessible","3.1","USD","GTFS Fares V1 fare attribute","http://omniride.com/omniride/assets/File/google_transit.zip","low","http://www.omniride.com","site-inaccessible","","Feed publishes multiple products; discounted, special, or non-core products were excluded where identifiable, then the lowest positive core candidate was retained."
"loudoun-transit","Loudoun County Transit","Virginia","official-source-candidate","","","","https://files.mobilitydatabase.org/mdb-1053/mdb-1053-202604210103/mdb-1053-202604210103.zip","unresolved","https://www.loudoun.gov/bus","official-source-found","","Feed was inspected but did not contain a usable fare_attributes.txt or fare_products.txt record."
"cue-bus","CUE Bus (Fairfax)","Virginia","official-site-inaccessible","","","","https://files.mobilitydatabase.org/mdb-2885/mdb-2885-202511251947/mdb-2885-202511251947.zip","unresolved","http://www.ridesystems.net","site-inaccessible","","Feed was inspected but did not contain a usable fare_attributes.txt or fare_products.txt record."
"pgc-the-bus","Prince George's County (The Bus)","Maryland","official-fare-page-not-found","","","","https://files.mobilitydatabase.org/mdb-477/mdb-477-202605010139/mdb-477-202605010139.zip","unresolved","https://www.princegeorgescountymd.gov/1120/Countys-TheBus","official-fare-page-not-found","","Feed was inspected but did not contain a usable fare_attributes.txt or fare_products.txt record."
"dc-streetcar","DC Streetcar","Washington DC","official-fare-page-not-found","","USD","GTFS zero-fare candidate","https://files.mobilitydatabase.org/mdb-2223/mdb-2223-202411271818/mdb-2223-202411271818.zip","unresolved","https://www.dcstreetcar.com/","official-fare-page-not-found","","GTFS publishes only zero-value legacy fare attributes; this may be a placeholder and was not treated as proof of free service."
"fred-transit","Fredericksburg Regional Transit","Virginia","official-fare-page-not-found","","","","https://files.mobilitydatabase.org/mdb-2430/mdb-2430-202504011831/mdb-2430-202504011831.zip","unresolved","http://www.ridefred.com/","official-fare-page-not-found","","Feed was inspected but did not contain a usable fare_attributes.txt or fare_products.txt record."
"hrt","Hampton Roads Transit","Virginia","official-source-candidate","2","USD","GTFS Fares V1 fare attribute","https://files.mobilitydatabase.org/mdb-473/latest.zip","low","https://gohrt.com/","official-source-found","","Feed publishes multiple products; discounted, special, or non-core products were excluded where identifiable, then the lowest positive core candidate was retained."
"bay-transit","Bay Transit","Virginia","official-source-candidate","","USD","GTFS zero-fare candidate","https://files.mobilitydatabase.org/mdb-224/latest.zip","unresolved","https://www.baytransit.org/","official-source-found","","GTFS publishes only zero-value legacy fare attributes; this may be a placeholder and was not treated as proof of free service."
"wata","Williamsburg Area Transit Authority","Virginia","official-fare-page-not-found","","","","https://gtfs.wata.cadavl.com/WATA/GTFS/GTFS_WATA.zip","unresolved","http://www.gowata.org","official-fare-page-not-found","","Feed was inspected but did not contain a usable fare_attributes.txt or fare_products.txt record."
"dart-first-state","DART First State (Wilmington, DE)","Delaware","official-source-candidate","1","USD","GTFS Fares V1 fare attribute","https://files.mobilitydatabase.org/mdb-1235/latest.zip","low","http://www.dartfirststate.com","official-source-found","","Feed publishes multiple products; discounted, special, or non-core products were excluded where identifiable, then the lowest positive core candidate was retained."
"starmetro","StarMetro (Tallahassee)","Florida","official-source-candidate","0.6","USD","GTFS Fares V1 fare attribute","https://www.talgov.com/Uploads/Public/documents/starmetro/GTFS.zip","low","http://www.talgov.com/starmetro","official-source-found","","Feed publishes multiple products; discounted, special, or non-core products were excluded where identifiable, then the lowest positive core candidate was retained."
"max-transit","MAX Transit (Birmingham)","Alabama","official-source-candidate","","","","https://files.mobilitydatabase.org/mdb-2263/latest.zip","unresolved","https://maxtransit.org","official-source-found","","Feed was inspected but did not contain a usable fare_attributes.txt or fare_products.txt record."
"montgomery-transit","Montgomery Transit (The M)","Alabama","official-site-inaccessible","4.4","CAD","GTFS Fares V1 fare attribute","https://data.trilliumtransit.com/gtfs/montgomerytransit-al-us/montgomerytransit-al-us.zip","low","http://www.montgomerytransit.com","site-inaccessible","","Feed publishes multiple products; discounted, special, or non-core products were excluded where identifiable, then the lowest positive core candidate was retained."
"carta","Charleston Area Regional Transportation Authority (CARTA)","South Carolina","official-site-inaccessible","","","","https://files.mobilitydatabase.org/mdb-352/latest.zip","unresolved","https://www.ridecarta.com/","site-inaccessible","","Feed was inspected but did not contain a usable fare_attributes.txt or fare_products.txt record."
"cat-savannah","Chatham Area Transit (CAT)","Georgia","official-source-candidate","1.5","USD","GTFS Fares V1 fare attribute","https://files.mobilitydatabase.org/mdb-2080/latest.zip","low","http://www.catchacat.org","official-source-found","","Feed publishes multiple products; discounted, special, or non-core products were excluded where identifiable, then the lowest positive core candidate was retained."
"tulsa-transit","Tulsa Transit (MTTA)","Oklahoma","official-fare-page-not-found","","USD","GTFS zero-fare candidate","https://tulsa.rideralerts.com/InfoPoint/GTFS-Zip.ashx","unresolved","http://www.tulsatransit.org","official-fare-page-not-found","","GTFS publishes only zero-value legacy fare attributes; this may be a placeholder and was not treated as proof of free service."
"sun-tran","Sun Tran (Tucson)","Arizona","official-source-candidate","","","","https://GTFS-RT.suntran.com/TMGTFSRealTimeWebService/Static/SunTranGTFS.zip","unresolved","https://www.SunTran.com","official-source-found","","Feed was inspected but did not contain a usable fare_attributes.txt or fare_products.txt record."
"ycat","Yuma County Area Transit (YCAT)","Arizona","official-source-candidate","2","USD","GTFS Fares V1 fare attribute","https://files.mobilitydatabase.org/mdb-17/latest.zip","low","http://www.ycipta.org","official-source-found","","Fare extracted from the current locally available GTFS feed."
"comet","The COMET (Columbia, SC)","South Carolina","official-source-candidate","","","","https://files.mobilitydatabase.org/mdb-2209/latest.zip","unresolved","https://catchthecometsc.gov/","official-source-found","","Feed was inspected but did not contain a usable fare_attributes.txt or fare_products.txt record."
"greenlink","GreenLink (Greenville, SC)","South Carolina","official-fare-page-not-found","","","","https://files.mobilitydatabase.org/tld-490/latest.zip","unresolved","http://ridegreenlink.com/","official-fare-page-not-found","","Feed was inspected but did not contain a usable fare_attributes.txt or fare_products.txt record."
"carta-chattanooga","Chattanooga Area Regional Transportation Authority","Tennessee","verified-official","1.5","USD","GTFS Fares V1 fare attribute","https://raw.githubusercontent.com/gocarta/gtfs/refs/heads/master/gtfs_current.zip","low","http://www.gocarta.org","official-source-found","{""slug"":""carta-chattanooga"",""agencyName"":""Chattanooga Area Regional Transportation Authority"",""amount"":1.5,""currency"":""USD"",""fareType"":""adult one-way cash fare"",""payment"":""cash or Token Transit"",""sourceUrl"":""https://www.gocarta.org/fares/"",""confidence"":""high"",""evidence"":""Official CARTA fare page lists Adult One Way Cash Fare at $1.50; senior, disability, zone, day, and weekly products are listed separately.""}","Feed publishes multiple products; discounted, special, or non-core products were excluded where identifiable, then the lowest positive core candidate was retained."
"citilink-fw","Citilink (Fort Wayne, IN)","Indiana","official-source-candidate","1.5","USD","GTFS Fares V1 fare attribute","https://files.mobilitydatabase.org/mdb-2266/latest.zip","low","https://www.fwcitilink.com/","official-source-found","","Feed publishes multiple products; discounted, special, or non-core products were excluded where identifiable, then the lowest positive core candidate was retained."
"gptc","Gary Public Transportation Corporation (Gary, IN)","Indiana","official-source-candidate","","","","https://gptc-gtfs.s3.us-east-2.amazonaws.com/gptc_gtfs.zip","unresolved","https://www.gptcbus.com/","official-source-found","","Feed was inspected but did not contain a usable fare_attributes.txt or fare_products.txt record."
"bata","Bay Area Transportation Authority (Traverse City, MI)","Michigan","official-source-candidate","","","","https://batabustracker.com/gtfs","unresolved","https://www.bata.net/","official-source-found","","Feed was inspected but did not contain a usable fare_attributes.txt or fare_products.txt record."
"citylink-peoria","CityLink (Peoria, IL)","Illinois","verified-official","","","","https://files.mobilitydatabase.org/mdb-2208/latest.zip","unresolved","https://www.ridecitylink.org/","official-source-found","{""slug"":""citylink-peoria"",""agencyName"":""CityLink (Peoria, IL)"",""amount"":1,""currency"":""USD"",""fareType"":""single ride cash fare"",""payment"":""cash"",""sourceUrl"":""https://www.ridecitylink.org/fares/"",""confidence"":""high"",""evidence"":""Official fare table lists Single Ride Cash Fare at $1.00 per ride; day, 30-day, reduced, paratransit, and county services are listed separately.""}","Feed was inspected but did not contain a usable fare_attributes.txt or fare_products.txt record."
"cedar-rapids","Cedar Rapids Transit","Iowa","official-source-candidate","","","","https://files.mobilitydatabase.org/mdb-198/latest.zip","unresolved","http://www.cedar-rapids.org/residents/city_buses/index.php","official-source-found","","Feed was inspected but did not contain a usable fare_attributes.txt or fare_products.txt record."
"matbus","MATBUS (Fargo, ND)","North Dakota","official-source-candidate","4.4","CAD","GTFS Fares V1 fare attribute","https://ridematbus.com/gtfs","low","https://www.matbus.com/","official-source-found","","Feed publishes multiple products; discounted, special, or non-core products were excluded where identifiable, then the lowest positive core candidate was retained."
"duluth-transit","Duluth Transit Authority","Minnesota","official-source-candidate","","","","https://files.mobilitydatabase.org/mdb-301/latest.zip","unresolved","http://www.duluthtransit.com/","official-source-found","","Feed was inspected but did not contain a usable fare_attributes.txt or fare_products.txt record."
"grtc","GRTC Transit (Richmond, VA)","Virginia","official-fare-page-not-found","","","","https://www.ridegrtc.com/wp-content/uploads/2025/02/gtfs.zip","unresolved","http://www.ridegrtc.com","official-fare-page-not-found","","Feed was inspected but did not contain a usable fare_attributes.txt or fare_products.txt record."
"valley-metro-roanoke","Valley Metro (Roanoke, VA)","Virginia","official-source-candidate","","","","https://files.mobilitydatabase.org/mdb-2274/latest.zip","unresolved","https://valleymetro.com/","official-source-found","","Feed was inspected but did not contain a usable fare_attributes.txt or fare_products.txt record."
"gltc","Greater Lynchburg Transit Company","Virginia","official-source-candidate","1","USD","GTFS Fares V1 fare attribute","https://files.mobilitydatabase.org/mdb-381/latest.zip","low","http://www.gltconline.com","official-source-found","","Feed publishes multiple products; discounted, special, or non-core products were excluded where identifiable, then the lowest positive core candidate was retained."
"dayton","Greater Dayton RTA","Ohio","official-source-candidate","2","USD","GTFS Fares V1 fare attribute","https://files.mobilitydatabase.org/mdb-403/latest.zip","low","http://www.i-riderta.org","official-source-found","","Fare extracted from the current locally available GTFS feed."
"youngstown-wrta","Western Reserve Transit Authority (Youngstown)","Ohio","official-source-candidate","","","","https://myvalleystops.wrtaonline.com/InfoPoint/gtfs-zip.ashx","unresolved","http://www.wrtaonline.com/","official-source-found","","Feed was inspected but did not contain a usable fare_attributes.txt or fare_products.txt record."
"sun-metro","Sun Metro (El Paso)","Texas","official-source-candidate","0.5","USD","GTFS Fares V1 fare attribute","https://transit.sunmetro.net/google_transit/google_transit.zip","low","http://www.sunmetro.net","official-source-found","","Feed publishes multiple products; discounted, special, or non-core products were excluded where identifiable, then the lowest positive core candidate was retained."
"b-line","B-Line (Corpus Christi RTA)","Texas","official-fare-page-not-found","","","","https://files.mobilitydatabase.org/mdb-315/latest.zip","unresolved","https://www.ccrta.org/","official-fare-page-not-found","","Feed was inspected but did not contain a usable fare_attributes.txt or fare_products.txt record."
"citibus","Citibus (Lubbock)","Texas","official-source-candidate","1","USD","GTFS Fares V1 fare attribute","http://data.trilliumtransit.com/gtfs/lubbock-tx-us/lubbock-tx-us.zip","low","https://citibus.com/citibus-pass/","official-source-found","","Feed publishes multiple products; discounted, special, or non-core products were excluded where identifiable, then the lowest positive core candidate was retained."
"amarillo","Amarillo City Transit","Texas","official-fare-page-not-found","0.75","USD","GTFS Fares V1 fare attribute","https://files.mobilitydatabase.org/mdb-213/latest.zip","low","https://amarillo.gov/departments/community-services/transit","official-fare-page-not-found","","Fare extracted from the current locally available GTFS feed."
"missoula","Mountain Line (Missoula)","Montana","official-source-candidate","","","","https://files.mobilitydatabase.org/mdb-292/latest.zip","unresolved","https://mountainline.com","official-source-found","","Feed was inspected but did not contain a usable fare_attributes.txt or fare_products.txt record."
"sportran","SporTran (Shreveport)","Louisiana","official-source-candidate","","","","http://sportranbus.com/gtfs","unresolved","https://www.sportran.org/","official-source-found","","Cached feed could not be read: Can't find end of central directory : is this a zip file ? If it is, see https://stuk.github.io/jszip/documentation/howto/read_zip.html"
"billings","MET Transit (Billings)","Montana","official-source-candidate","","","","https://passio3.com/billings/passioTransit/gtfs/google_transit.zip","unresolved","http://www.mettransit.com","official-source-found","","Feed was inspected but did not contain a usable fare_attributes.txt or fare_products.txt record."
"ecat","ECAT (Escambia County)","Florida","official-source-candidate","","","","https://files.mobilitydatabase.org/mdb-335/latest.zip","unresolved","https://goecat.com/","official-source-found","","Feed was inspected but did not contain a usable fare_attributes.txt or fare_products.txt record."
"rts","RTS (Gainesville)","Florida","official-source-candidate","1.5","USD","GTFS Fares V1 fare attribute","https://go-rts.com/wp-content/uploads/2026/08/RTSGTFS_Fall2026-1.zip","low","http://www.go-rts.com/","official-source-found","","Fare extracted from the current locally available GTFS feed."
"scat","SCAT (Sarasota County)","Florida","official-source-candidate","","","","http://data.trilliumtransit.com/gtfs/spacecoast-fl-us/spacecoast-fl-us.zip","unresolved","https://321transit.com","official-source-found","","Feed was inspected but did not contain a usable fare_attributes.txt or fare_products.txt record."
"leetran","LeeTran (Fort Myers)","Florida","official-source-candidate","0.75","USD","GTFS Fares V1 fare attribute","https://files.mobilitydatabase.org/mdb-324/latest.zip","low","http://www.leegov.com/leetran","official-source-found","","Feed publishes multiple products; discounted, special, or non-core products were excluded where identifiable, then the lowest positive core candidate was retained."
"wave-mobile","Wave Transit (Mobile)","Alabama","official-source-candidate","","","","https://files.mobilitydatabase.org/tld-6773/latest.zip","unresolved","http://www.thewavetransit.com","official-source-found","","Feed was inspected but did not contain a usable fare_attributes.txt or fare_products.txt record."
"huntsville","Huntsville Shuttle","Alabama","official-source-candidate","","","","https://files.mobilitydatabase.org/mdb-2081/latest.zip","unresolved","https://www.huntsvilleal.gov/residents/streets/public-transportation/shuttle-bus/","official-source-found","","Feed was inspected but did not contain a usable fare_attributes.txt or fare_products.txt record."
"bustang-outrider","Bustang Outrider","Colorado","official-fare-page-not-found","1","USD","GTFS Fares V1 fare attribute","https://files.mobilitydatabase.org/mdb-2330/latest.zip","low","http://ridebustang.com/","official-fare-page-not-found","","Feed publishes multiple products; discounted, special, or non-core products were excluded where identifiable, then the lowest positive core candidate was retained."
"rfta","Roaring Fork Transportation Authority (RFTA)","Colorado","official-source-candidate","2","USD","GTFS Fares V1 fare attribute","https://files.mobilitydatabase.org/mdb-2278/latest.zip","low","http://www.rfta.com/","official-source-found","","Feed publishes multiple products; discounted, special, or non-core products were excluded where identifiable, then the lowest positive core candidate was retained."
"durango-transit","Durango Transit","Colorado","official-site-inaccessible","4.4","CAD","GTFS Fares V1 fare attribute","https://files.mobilitydatabase.org/mdb-2290/latest.zip","low","https://co-durango.civicplus.com/333/Transit","site-inaccessible","","Feed publishes multiple products; discounted, special, or non-core products were excluded where identifiable, then the lowest positive core candidate was retained."
"pueblo-transit","Pueblo Transit","Colorado","official-fare-page-not-found","1.25","USD","GTFS Fares V1 fare attribute","https://files.mobilitydatabase.org/mdb-2232/latest.zip","low","https://www.pueblo.us/492/Bus-Schedules","official-fare-page-not-found","","Fare extracted from the current locally available GTFS feed."
"eco-transit","Core Transit","Colorado","official-source-candidate","4","USD","GTFS Fares V1 fare attribute","https://evta.org/gtfs.zip","low","https://www.coretransit.org","official-source-found","","Feed publishes multiple products; discounted, special, or non-core products were excluded where identifiable, then the lowest positive core candidate was retained."
"all-points-transit","All Points Transit (Montrose)","Colorado","verified-official","1.5","USD","GTFS Fares V1 fare attribute","https://files.mobilitydatabase.org/mdb-212/latest.zip","low","https://www.allpointstransit.com/","official-source-found","{""slug"":""all-points-transit"",""agencyName"":""All Points Transit (Montrose)"",""amount"":3,""currency"":""USD"",""fareType"":""on-demand ride"",""payment"":""standard fare"",""sourceUrl"":""https://www.allpointstransit.com/"",""confidence"":""high"",""evidence"":""Official All Points Transit page lists All Points Go on-demand rides at $3 per ride; fixed-route and Dial-A-Ride services are described separately.""}","Feed publishes multiple products; discounted, special, or non-core products were excluded where identifiable, then the lowest positive core candidate was retained."
"kart","Kings Area Rural Transit","California","official-source-candidate","","","","https://files.mobilitydatabase.org/mdb-2204/latest.zip","unresolved","http://mykartbus.com/","official-source-found","","Feed was inspected but did not contain a usable fare_attributes.txt or fare_products.txt record."
"tulare-county-transit","Tulare County Area Transit (TCAT)","California","official-source-candidate","1.5","USD","GTFS Fares V1 fare attribute","https://files.mobilitydatabase.org/mdb-646/mdb-646-202602190016/mdb-646-202602190016.zip","low","https://tcrta.wpenginepowered.com/","official-source-found","","Feed publishes multiple products; discounted, special, or non-core products were excluded where identifiable, then the lowest positive core candidate was retained."
"madison-metro","Madison Metro Transit","Wisconsin","official-source-candidate","","","","http://transitdata.cityofmadison.com/GTFS/mmt_gtfs.zip","unresolved","http://mymetrobus.com/","official-source-found","","Feed was inspected but did not contain a usable fare_attributes.txt or fare_products.txt record."
"waukesha-metro","Waukesha Metro Transit","Wisconsin","official-source-candidate","","","","https://mywaukeshametro.com/gtfs","unresolved","https://www.waukesha-wi.gov/residents/getting_around/public-transportation.php","official-source-found","","Feed was inspected but did not contain a usable fare_attributes.txt or fare_products.txt record."
"mountain-line","Mountain Line Transit Authority (Morgantown)","West Virginia","official-source-candidate","0.75","USD","GTFS Fares V1 fare attribute","https://files.mobilitydatabase.org/mdb-407/latest.zip","low","https://busride.org","official-source-found","","Feed publishes multiple products; discounted, special, or non-core products were excluded where identifiable, then the lowest positive core candidate was retained."
"wvu-prt","West Virginia University PRT (Morgantown, WV)","West Virginia","official-fare-page-not-found","","","","https://files.mobilitydatabase.org/tld-7068_1/tld-7068_1-202601060114/tld-7068_1-202601060114.zip","unresolved","http://transportation.wvu.edu/","official-fare-page-not-found","","Feed was inspected but did not contain a usable fare_attributes.txt or fare_products.txt record."
"visalia","Visalia Transit","California","official-fare-page-not-found","1.75","USD","GTFS Fares V1 fare attribute","https://files.mobilitydatabase.org/ntd-90091/ntd-90091-202501060017/ntd-90091-202501060017.zip","low","http://www.visaliatransit.com/","official-fare-page-not-found","","Feed publishes multiple products; discounted, special, or non-core products were excluded where identifiable, then the lowest positive core candidate was retained."
"green-bay","Green Bay Metro","Wisconsin","official-source-candidate","","","","https://files.mobilitydatabase.org/mdb-917/mdb-917-202406071503/mdb-917-202406071503.zip","unresolved","https://greenbaywi.gov/231/Metro-Transit","official-source-found","","Feed was inspected but did not contain a usable fare_attributes.txt or fare_products.txt record."
"cota","Central Ohio Transit Authority (COTA)","Ohio","official-source-candidate","2","USD","GTFS Fares V1 fare attribute","https://www.cota.com/data/cota.gtfs.zip","low","http://www.cota.com","official-source-found","","Fare extracted from the current locally available GTFS feed."
"des-moines","Des Moines Area Regional Transit Authority (DART)","Iowa","official-fare-page-not-found","1","USD","GTFS Fares V1 fare attribute","https://files.mobilitydatabase.org/mdb-193/latest.zip","low","http://www.ridedart.com","official-fare-page-not-found","","Feed publishes multiple products; discounted, special, or non-core products were excluded where identifiable, then the lowest positive core candidate was retained."
"wichita","Wichita Transit","Kansas","official-fare-page-not-found","","","","https://bus.wichitatransit.org/InfoPoint/gtfs-zip.ashx","unresolved","http://www.wichitatransit.org","official-fare-page-not-found","","Feed was inspected but did not contain a usable fare_attributes.txt or fare_products.txt record."
"appleton","Valley Transit (Appleton/Fox Cities)","Wisconsin","official-source-candidate","","","","https://files.mobilitydatabase.org/mdb-2069/mdb-2069-202607060127/mdb-2069-202607060127.zip","unresolved","https://myvalleytransit.com/","official-source-found","","Feed was inspected but did not contain a usable fare_attributes.txt or fare_products.txt record."
"modesto","Modesto Area Express","California","official-source-candidate","","","","https://stanrta.rideralerts.com/InfoPoint/gtfs-zip.ashx","unresolved","http://www.stanrta.org","official-source-found","","Feed was inspected but did not contain a usable fare_attributes.txt or fare_products.txt record."
"cats-baton","Capital Area Transit System (Baton Rouge)","Louisiana","official-source-candidate","","","","https://cats.rideralerts.com/InfoPoint/gtfs-zip.ashx","unresolved","https://www.brcats.com/","official-source-found","","Feed was inspected but did not contain a usable fare_attributes.txt or fare_products.txt record."
"knoxville","Knoxville Area Transit","Tennessee","official-source-candidate","","","","http://www.knoxvilletn.gov/UserFiles/Servers/Server_109478/File/KAT/gtfs-kat.zip","unresolved","https://www.tahoetransportation.org/","official-source-found","","Feed download failed: HTTP 404"
"mcallen","Metro McAllen","Texas","official-source-candidate","","","","https://mcallen.net/metro/assets/resources/GTFS%20-%20TransLoc.zip","unresolved","https://www.mcallen.net/metro/","official-source-found","","Feed was inspected but did not contain a usable fare_attributes.txt or fare_products.txt record."
"augusta","Augusta Transit","Georgia","official-source-candidate","","","","https://github.com/transitland/gtfs-archives-not-hosted-elsewhere/raw/master/augusta-ga-us.zip","unresolved","http://www.augustaga.gov/","official-source-found","","Feed download failed: HTTP 404"
"lincoln","StarTran (Lincoln)","Nebraska","official-source-candidate","","","","https://startran.connexionz.net/rtt/public/resource/gtfs.zip","unresolved","https://www.lincoln.ne.gov/City/Departments/LTU/StarTran","official-source-found","","Feed was inspected but did not contain a usable fare_attributes.txt or fare_products.txt record."
"south-bend","South Bend Transpo","Indiana","official-source-candidate","","","","https://passio3.com/transpo/passioTransit/gtfs/google_transit.zip","unresolved","http://sbtranspo.com","official-source-found","","Feed was inspected but did not contain a usable fare_attributes.txt or fare_products.txt record."
"rockford","Rockford Mass Transit District","Illinois","official-source-candidate","","","","https://rmtd.org/rmtdgtfs/GTFS_FILES.zip","unresolved","https://rmtd.org/","official-source-found","","Feed was inspected but did not contain a usable fare_attributes.txt or fare_products.txt record."
"racine","Ryde Racine","Wisconsin","official-site-inaccessible","","","","https://racine.connexionz.net/rtt/public/utility/gtfs.aspx","unresolved","https://www.cityofracine.org/RydeRacine/","site-inaccessible","","Feed was inspected but did not contain a usable fare_attributes.txt or fare_products.txt record."
"sudbury","Greater Sudbury Transit","Ontario","official-source-candidate","","","","https://www.greatersudbury.ca/image/opendata/gtfs.zip","unresolved","https://www.greatersudbury.ca/living/transit/","official-source-found","","Feed was inspected but did not contain a usable fare_attributes.txt or fare_products.txt record."
"anchorage","Anchorage People Mover","Alaska","verified-official","2","USD","GTFS Fares V1 fare attribute","http://gtfs.muni.org/People_Mover.gtfs.zip","low","http://www.muni.org/Departments/transit/PeopleMover/Pages/default.aspx","official-source-found","{""slug"":""anchorage"",""agencyName"":""People Mover (Anchorage)"",""amount"":2,""currency"":""USD"",""fareType"":""adult single ride"",""payment"":""cash or fare media"",""sourceUrl"":""https://www.muni.org/Departments/transit/PeopleMover/Pages/FaresandPasses.aspx"",""confidence"":""high"",""evidence"":""Fare table lists the adult single-ride fare as $2.00; reduced fare is listed separately.""}","Fare extracted from the current locally available GTFS feed."
"lexington","Lextran (Lexington, KY)","Kentucky","official-source-candidate","1","USD","GTFS Fares V1 fare attribute","https://mystop.lextran.com/InfoPoint/gtfs-zip.ashx","low","http://www.lextran.com","official-source-found","","Fare extracted from the current locally available GTFS feed."
"mtd-champaign","Champaign-Urbana MTD","Illinois","official-source-candidate","1","USD","GTFS Fares V2 base product","https://developer.mtd.org/gtfs/google_transit.zip","medium","https://www.mtd.org/","official-source-found","","Feed publishes multiple products; discounted, special, or non-core products were excluded where identifiable, then the lowest positive core candidate was retained."
"kalamazoo","Kalamazoo Metro Transit","Michigan","official-source-candidate","","","","https://trackmybus.kmetro.org/InfoPoint/GTFS-Zip.ashx","unresolved","http://www.kmetro.com/","official-source-found","","Feed was inspected but did not contain a usable fare_attributes.txt or fare_products.txt record."
"laredo","El Metro (Laredo)","Texas","official-source-candidate","2","USD","GTFS Fares V1 fare attribute","https://gtfs.remix.com/el_metro_laredo_transit_us.zip","low","http://elmetrotransit.com/","official-source-found","","Fare extracted from the current locally available GTFS feed."
"thunder-bay","Thunder Bay Transit","Ontario","official-source-candidate","","","","http://api.nextlift.ca/gtfs.zip","unresolved","https://www.thunderbay.ca/en/city-services/transit.aspx","official-source-found","","Feed was inspected but did not contain a usable fare_attributes.txt or fare_products.txt record."
"greensboro","Greensboro Transit Authority","North Carolina","official-fare-page-not-found","","","","https://trackmygta.com/gtfs","unresolved","http://www.greensboro-nc.gov/index.aspx?page=2180","official-fare-page-not-found","","Feed was inspected but did not contain a usable fare_attributes.txt or fare_products.txt record."
"lanta","Lehigh and Northampton Transportation Authority (LANTA)","Pennsylvania","official-source-candidate","","","","https://realtimelanta.availtec.com/InfoPoint/gtfs-zip.ashx","unresolved","http://www.lantabus.com","official-source-found","","Feed was inspected but did not contain a usable fare_attributes.txt or fare_products.txt record."
"winston-salem","Winston-Salem Transit Authority (WSTA)","North Carolina","official-source-candidate","","","","https://ridewsta.com/gtfs","unresolved","https://wstransit.com/","official-source-found","","Feed was inspected but did not contain a usable fare_attributes.txt or fare_products.txt record."
"cat-harrisburg","Capital Area Transit (Harrisburg)","Pennsylvania","official-source-candidate","","","","https://cat.rideralerts.com/InfoPoint/gtfs-zip.ashx","unresolved","https://www.rabbittransit.org/","official-source-found","","Feed was inspected but did not contain a usable fare_attributes.txt or fare_products.txt record."
"jackson-ms","City of Jackson (JTRAN)","Mississippi","official-fare-page-not-found","","","","https://passio3.com/jtran/passioTransit/gtfs/google_transit.zip","unresolved","https://ridejtran.com/","official-fare-page-not-found","","Feed was inspected but did not contain a usable fare_attributes.txt or fare_products.txt record."
"lancaster","Red Rose Transit Authority (Lancaster, PA)","Pennsylvania","official-source-candidate","","","","https://busfinder.redrosetransit.com/Infopoint/gtfs-zip.ashx","unresolved","http://www.redrosetransit.com/","official-source-found","","Feed was inspected but did not contain a usable fare_attributes.txt or fare_products.txt record."
"colts","County of Lackawanna Transit System (COLTS)","Pennsylvania","official-source-candidate","1.75","USD","GTFS Fares V1 fare attribute","https://coltsivl.availtec.com/InfoPoint/gtfs-zip.ashx","low","http://www.coltsbus.com","official-source-found","","Fare extracted from the current locally available GTFS feed."
"lcta","Luzerne County Transportation Authority","Pennsylvania","official-fare-page-not-found","","","","https://realtimelctabus.availtec.com/InfoPoint/gtfs-zip.ashx","unresolved","http://www.lctabus.com/","official-fare-page-not-found","","Feed was inspected but did not contain a usable fare_attributes.txt or fare_products.txt record."
"patco","PATCO Speedline (Philadelphia-Camden)","New Jersey","official-source-candidate","1.4","USD","GTFS Fares V1 fare attribute","https://rapid.nationalrtap.org/GTFSFileManagement/UserUploadFiles/13562/PATCO_GTFS.zip","low","https://www.ridepatco.org/","official-source-found","","Feed publishes multiple products; discounted, special, or non-core products were excluded where identifiable, then the lowest positive core candidate was retained."
"cascades-east","Cascades East Transit (Bend, OR)","Oregon","official-fare-page-not-found","","","","https://passio3.com/cet/passioTransit/gtfs/google_transit.zip","unresolved","http://cascadeseasttransit.com/","official-fare-page-not-found","","Feed was inspected but did not contain a usable fare_attributes.txt or fare_products.txt record."
"mountain-transit-ca","Mountain Transit (Big Bear Lake)","California","official-fare-page-not-found","1.5","USD","GTFS Fares V1 fare attribute","https://files.mobilitydatabase.org/mdb-107/mdb-107-202606300014/mdb-107-202606300014.zip","low","http://www.mountaintransit.org/?referrer=gtfs","official-fare-page-not-found","","Feed publishes multiple products; discounted, special, or non-core products were excluded where identifiable, then the lowest positive core candidate was retained."
"las-cruces","RoadRUNNER Transit (Las Cruces)","New Mexico","official-fare-page-not-found","","","","https://passio3.com/roadrunner/passioTransit/gtfs/google_transit.zip","unresolved","https://lascruces.gov/community/transportation/roadrunner-transit/","official-fare-page-not-found","","Feed was inspected but did not contain a usable fare_attributes.txt or fare_products.txt record."
"ez-rider","EZ Rider (Midland/Odessa)","Texas","official-site-inaccessible","","","","https://files.mobilitydatabase.org/mdb-2634/mdb-2634-202505211819/mdb-2634-202505211819.zip","unresolved","http://www.ridesystems.net","site-inaccessible","","Feed was inspected but did not contain a usable fare_attributes.txt or fare_products.txt record."
"san-angelo","Concho Valley Transit (San Angelo)","Texas","official-fare-page-not-found","","","","https://passio3.com/conchovt/passioTransit/gtfs/google_transit.zip","unresolved","https://www.cvtd.org","official-fare-page-not-found","","Feed was inspected but did not contain a usable fare_attributes.txt or fare_products.txt record."
"brownsville","Brownsville Metro","Texas","official-site-inaccessible","","","","https://files.mobilitydatabase.org/tld-7927/latest.zip","unresolved","BrownsvilleMetro.transloc.com","site-inaccessible","","Feed was inspected but did not contain a usable fare_attributes.txt or fare_products.txt record."
"roswell","Roswell Transit","New Mexico","official-site-inaccessible","","","","https://files.mobilitydatabase.org/ntd-60167/ntd-60167-202412090027/ntd-60167-202412090027.zip","unresolved","AMERICA/DENVER","site-inaccessible","","Feed was inspected but did not contain a usable fare_attributes.txt or fare_products.txt record."
"hobbs","City of Hobbs Transit","New Mexico","official-source-candidate","1","USD","GTFS Fares V1 fare attribute","https://files.mobilitydatabase.org/ntd-60190/ntd-60190-202601240120/ntd-60190-202601240120.zip","low","https://www.hobbsnm.org/hobbs_express.html","official-source-found","","Fare extracted from the current locally available GTFS feed."
"longview","City of Longview Transit","Texas","official-source-candidate","","","","https://files.mobilitydatabase.org/ntd-60081/latest.zip","unresolved","http://www.longviewtransit.com/","official-source-found","","Feed was inspected but did not contain a usable fare_attributes.txt or fare_products.txt record."
"texarkana","Texarkana T-Line","Texas","official-source-candidate","","","","https://files.mobilitydatabase.org/ntd-60093/latest.zip","unresolved","https://www.t-linebus.org/","official-source-found","","Feed was inspected but did not contain a usable fare_attributes.txt or fare_products.txt record."
"fort-bend","Fort Bend County Transit","Texas","official-source-candidate","1","USD","GTFS Fares V1 fare attribute","https://files.mobilitydatabase.org/ntd-60103/latest.zip","low","http://fbctransit.org","official-source-found","","Feed publishes multiple products; discounted, special, or non-core products were excluded where identifiable, then the lowest positive core candidate was retained."
"lake-charles","Lake Charles Transit","Louisiana","official-fare-page-not-found","","","","https://files.mobilitydatabase.org/ntd-60023/latest.zip","unresolved","https://www.cityoflakecharles.com/236/Transit","official-fare-page-not-found","","Feed was inspected but did not contain a usable fare_attributes.txt or fare_products.txt record."
"terrebonne-parish","Good Earth Transit (Houma)","Louisiana","official-source-candidate","4.4","CAD","GTFS Fares V1 fare attribute","https://files.mobilitydatabase.org/ntd-60080/latest.zip","low","https://tpcg.org/index.php?f=public_transit","official-source-found","","Feed publishes multiple products; discounted, special, or non-core products were excluded where identifiable, then the lowest positive core candidate was retained."
"tangipahoa-parish","Tangipahoa Transit (Hammond)","Louisiana","official-fare-page-not-found","0.5","USD","GTFS Fares V1 fare attribute","https://files.mobilitydatabase.org/ntd-60196/latest.zip","low","https://www.tangicoa.com/","official-fare-page-not-found","","Fare extracted from the current locally available GTFS feed."
"space-coast","Space Coast Area Transit","Florida","official-source-candidate","","","","https://files.mobilitydatabase.org/ntd-40063/latest.zip","unresolved","https://321transit.com","official-source-found","","Feed was inspected but did not contain a usable fare_attributes.txt or fare_products.txt record."
"martin-county","Martin County Public Transit","Florida","official-fare-page-not-found","","","","https://files.mobilitydatabase.org/tld-4506/latest.zip","unresolved","https://www.martin.fl.us/transit","official-fare-page-not-found","","Feed was inspected but did not contain a usable fare_attributes.txt or fare_products.txt record."
"indian-river","Indian River Transit","Florida","official-site-inaccessible","","","","https://files.mobilitydatabase.org/ntd-40104/latest.zip","unresolved","http://www.ridesystems.net","site-inaccessible","","Feed was inspected but did not contain a usable fare_attributes.txt or fare_products.txt record."
"collier","Collier Area Transit (Naples)","Florida","official-source-candidate","","","","https://files.mobilitydatabase.org/mdb-2259/latest.zip","unresolved","https://ridecat.com/","official-source-found","","Feed was inspected but did not contain a usable fare_attributes.txt or fare_products.txt record."
"springfield-mo","City Utilities Transit (Springfield)","Missouri","official-fare-page-not-found","","","","https://webapp.cityutilities.net/GTPM/google_transit.zip","unresolved","https://www.cutransit.net/","official-fare-page-not-found","","Feed was inspected but did not contain a usable fare_attributes.txt or fare_products.txt record."
"evansville","METS (Evansville)","Indiana","official-source-candidate","0.75","USD","GTFS Fares V1 fare attribute","https://files.mobilitydatabase.org/ntd-50043/latest.zip","low","https://www.evansvillegov.org/city/department/index.php?structureid=225","official-source-found","","Fare extracted from the current locally available GTFS feed."
"kenosha","Kenosha Area Transit","Wisconsin","official-fare-page-not-found","2","USD","GTFS Fares V1 fare attribute","https://kenoshatransit.com/gtfs","low","https://www.kenosha.org/departments/transportation","official-fare-page-not-found","","Fare extracted from the current locally available GTFS feed."
"ben-franklin","Ben Franklin Transit (Tri-Cities, WA)","Washington","verified-official","","","","https://files.mobilitydatabase.org/mdb-2122/latest.zip","unresolved","https://www.bft.org/","official-source-found","{""slug"":""ben-franklin"",""agencyName"":""Ben Franklin Transit (Tri-Cities, WA)"",""amount"":1.5,""currency"":""USD"",""fareType"":""adult fixed-route cash fare"",""payment"":""cash"",""sourceUrl"":""https://www.bft.org/bus-service/fares/"",""confidence"":""high"",""evidence"":""Fixed Route ticket table lists Adult age 19+ cash fare at $1.50; transfers are included and reduced/free categories are listed separately.""}","Feed was inspected but did not contain a usable fare_attributes.txt or fare_products.txt record."
"asheville","Asheville Rides Transit","North Carolina","official-source-candidate","1","USD","GTFS Fares V1 fare attribute","https://files.mobilitydatabase.org/mdb-903/latest.zip","low","https://www.ashevillenc.gov/department/transit/","official-source-found","","Fare extracted from the current locally available GTFS feed."
"bloomington","Bloomington Transit","Indiana","official-source-candidate","1","USD","GTFS Fares V1 fare attribute","https://files.mobilitydatabase.org/mdb-2066/latest.zip","low","https://bloomingtontransit.com/","official-source-found","","Fare extracted from the current locally available GTFS feed."
"athens-acc","Athens Clarke County Transit","Georgia","official-fare-page-not-found","","USD","GTFS zero-fare candidate","https://files.mobilitydatabase.org/tld-4777/latest.zip","unresolved","https://www.accgov.com/transit/","official-fare-page-not-found","","GTFS publishes only zero-value legacy fare attributes; this may be a placeholder and was not treated as proof of free service."
"uga","UGA Campus Transit","Georgia","official-source-candidate","","","","https://files.mobilitydatabase.org/tld-2276/latest.zip","unresolved","https://tps.uga.edu/","official-source-found","","Feed was inspected but did not contain a usable fare_attributes.txt or fare_products.txt record."
"blacksburg","Blacksburg Transit","Virginia","official-source-candidate","","","","https://www.bt4uclassic.org/gtfs/google_transit.zip","unresolved","https://ridebt.org/","official-source-found","","Feed was inspected but did not contain a usable fare_attributes.txt or fare_products.txt record."
"cata-state-college","CATA (State College)","Pennsylvania","verified-official","","","","https://files.mobilitydatabase.org/ntd-30054/latest.zip","unresolved","http://www.catabus.com","official-source-found","{""slug"":""cata-state-college"",""agencyName"":""CATA (State College)"",""amount"":2.5,""currency"":""USD"",""fareType"":""full cash fare per trip"",""payment"":""cash or single-ride ticket"",""sourceUrl"":""https://catabus.com/services-schedules/catabus/fares/#catabus-catago-fare"",""confidence"":""high"",""evidence"":""Official CATABUS and CATAGO fare table lists Full Cash Fare per trip at $2.50; reduced, day, and pass fares are listed separately.""}","Feed was inspected but did not contain a usable fare_attributes.txt or fare_products.txt record."
"cyride","CyRide (Ames)","Iowa","official-fare-page-not-found","1","USD","GTFS Fares V1 fare attribute","https://files.mobilitydatabase.org/mdb-923/latest.zip","low","http://www.cyride.com","official-fare-page-not-found","","Feed publishes multiple products; discounted, special, or non-core products were excluded where identifiable, then the lowest positive core candidate was retained."
"iowa-city","Iowa City Transit","Iowa","official-fare-page-not-found","","","","https://files.mobilitydatabase.org/mdb-559/latest.zip","unresolved","https://www.icgov.org/city-government/departments-and-divisions/transit","official-fare-page-not-found","","Feed was inspected but did not contain a usable fare_attributes.txt or fare_products.txt record."
"coralville","Coralville Transit","Iowa","official-source-candidate","","","","https://files.mobilitydatabase.org/mdb-196/latest.zip","unresolved","http://www.coralville.org/166/Bus-Schedules-Route-Maps","official-source-found","","Feed was inspected but did not contain a usable fare_attributes.txt or fare_products.txt record."
"cambus","CAMBUS (University of Iowa)","Iowa","official-source-candidate","","","","https://files.mobilitydatabase.org/mdb-197/latest.zip","unresolved","https://transportation.uiowa.edu/cambus","official-source-found","","Feed was inspected but did not contain a usable fare_attributes.txt or fare_products.txt record."
"lawrence-ku","Lawrence Transit / KU on Wheels","Kansas","official-source-candidate","","","","https://files.mobilitydatabase.org/mdb-2063/latest.zip","unresolved","http://www.lawrencetransit.org","official-source-found","","Feed was inspected but did not contain a usable fare_attributes.txt or fare_products.txt record."
"springfield-il","SMTD (Springfield IL)","Illinois","official-source-candidate","1","USD","GTFS Fares V1 fare attribute","https://files.mobilitydatabase.org/mdb-3187/latest.zip","low","https://www.smtd.org","official-source-found","","Feed publishes multiple products; discounted, special, or non-core products were excluded where identifiable, then the lowest positive core candidate was retained."
"topeka","Topeka Metro","Kansas","official-source-candidate","2","USD","GTFS Fares V1 fare attribute","https://files.mobilitydatabase.org/tld-1660_1/latest.zip","low","https://www.topekametro.org/","official-source-found","","Fare extracted from the current locally available GTFS feed."
"barta","BARTA (Reading)","Pennsylvania","verified-official","0.7","USD","GTFS Fares V1 fare attribute","https://files.mobilitydatabase.org/mdb-2064/latest.zip","low","https://www.bartabus.com/","official-source-found","{""slug"":""barta"",""agencyName"":""BARTA (Reading)"",""amount"":1.8,""currency"":""USD"",""fareType"":""adult cash fare"",""payment"":""exact cash"",""sourceUrl"":""https://www.bartabus.com/fares/cash-fares"",""effectiveDate"":""2021-01-04"",""confidence"":""medium"",""evidence"":""Adult Cash Fare $1.80; page states fares effective January 4, 2021, so currentness requires follow-up.""}","Feed publishes multiple products; discounted, special, or non-core products were excluded where identifiable, then the lowest positive core candidate was retained."
"coast-nh","COAST (Seacoast NH)","New Hampshire","official-source-candidate","","","","https://files.mobilitydatabase.org/tld-4668/latest.zip","unresolved","http://www.coastbus.org/","official-source-found","","Feed was inspected but did not contain a usable fare_attributes.txt or fare_products.txt record."
"advance-transit","Advance Transit (Lebanon, NH)","New Hampshire","official-source-candidate","","USD","GTFS zero-fare candidate","https://files.mobilitydatabase.org/mdb-631/latest.zip","unresolved","http://www.advancetransit.com/","official-source-found","","GTFS publishes only zero-value legacy fare attributes; this may be a placeholder and was not treated as proof of free service."
"ccta","CCTA / Green Mountain Transit (Burlington, VT)","Vermont","official-fare-page-not-found","2","USD","GTFS Fares V1 fare attribute","https://files.mobilitydatabase.org/mdb-629/latest.zip","low","https://sstarides.org/","official-fare-page-not-found","","Fare extracted from the current locally available GTFS feed."
"marble-valley","Marble Valley Transit (Rutland)","Vermont","official-source-candidate","1","USD","GTFS Fares V1 fare attribute","https://files.mobilitydatabase.org/mdb-430/latest.zip","low","http://www.thebus.com/","official-source-found","","Feed publishes multiple products; discounted, special, or non-core products were excluded where identifiable, then the lowest positive core candidate was retained."
"bis-man","Bis-Man Transit (Bismarck-Mandan)","North Dakota","official-source-candidate","","","","https://files.mobilitydatabase.org/tld-6095/latest.zip","unresolved","https://bismantransit.com/","official-source-found","","Feed was inspected but did not contain a usable fare_attributes.txt or fare_products.txt record."
"bangor","Bangor Community Connector","Maine","official-source-candidate","","","","https://files.mobilitydatabase.org/tld-7824/latest.zip","unresolved","https://www.bangormaine.gov/634/Community-Connector","official-source-found","","Feed was inspected but did not contain a usable fare_attributes.txt or fare_products.txt record."
"brandon","Brandon Transit","Manitoba","official-site-inaccessible","","","","https://files.mobilitydatabase.org/tld-4820/latest.zip","unresolved","http://www.brandontransit.ca/","site-inaccessible","","Feed was inspected but did not contain a usable fare_attributes.txt or fare_products.txt record."
"juneau","Capital Transit (Juneau)","Alaska","official-source-candidate","2","USD","GTFS Fares V1 fare attribute","https://files.mobilitydatabase.org/mdb-294/latest.zip","low","https://juneaucapitaltransit.org/","official-source-found","","Feed publishes multiple products; discounted, special, or non-core products were excluded where identifiable, then the lowest positive core candidate was retained."
"annapolis","Annapolis Transit","Maryland","verified-official","","","","https://files.mobilitydatabase.org/mdb-2285/latest.zip","unresolved","https://www.annapolis.gov/159/Transportation","official-source-found","{""slug"":""annapolis"",""agencyName"":""Annapolis Department of Transportation"",""amount"":2,""currency"":""USD"",""fareType"":""base cash fare"",""payment"":""cash"",""sourceUrl"":""https://www.annapolis.gov/194/ADOT-Transit-Fares"",""confidence"":""high"",""evidence"":""Base Cash Fare: $2 for one-way trip.""}","Feed was inspected but did not contain a usable fare_attributes.txt or fare_products.txt record."
"yellowknife","Yellowknife Transit","Northwest Territories","official-fare-page-not-found","","","","https://files.mobilitydatabase.org/tld-4708/latest.zip","unresolved","http://www.yellowknife.ca/en/living-here/transit.asp","official-fare-page-not-found","","Feed was inspected but did not contain a usable fare_attributes.txt or fare_products.txt record."
"whitehorse","Whitehorse Transit","Yukon","official-fare-page-not-found","","","","https://files.mobilitydatabase.org/mdb-689/latest.zip","unresolved","https://whitehorse.transloc.com","official-fare-page-not-found","","Feed was inspected but did not contain a usable fare_attributes.txt or fare_products.txt record."
"santa-cruz-metro","Santa Cruz METRO","","official-source-candidate","1","USD","GTFS Fares V2 base product","https://developer.scmetro.org/gtfs.zip","medium","https://scmetro.org","official-source-found","","Feed publishes multiple products; discounted, special, or non-core products were excluded where identifiable, then the lowest positive core candidate was retained."
"sioux-falls","Sioux Area Metro (SAM)","South Dakota","official-source-candidate","1.5","USD","GTFS Fares V1 fare attribute","https://s3.amazonaws.com/etatransit.gtfs/siouxareametro.etaspot.net/gtfs.zip","low","https://www.siouxfalls.gov/resident-services/sam","official-source-found","","Fare extracted from the current locally available GTFS feed."
"yakima","Yakima Transit","Washington","official-source-candidate","","","","https://yakimatransit.org/gtfs/yakima_gtfs.zip","unresolved","http://www.yakimatransit.org","official-source-found","","Feed was inspected but did not contain a usable fare_attributes.txt or fare_products.txt record."
"grand-forks","Cities Area Transit (Grand Forks)","North Dakota","official-fare-page-not-found","","","","https://data.trilliumtransit.com/gtfs/cityofgrandforks-nd-us/cityofgrandforks-nd-us.zip","unresolved","http://www.ridecat.org","official-fare-page-not-found","","Feed was inspected but did not contain a usable fare_attributes.txt or fare_products.txt record."
"greeley","Greeley-Evans Transit (GET)","Colorado","official-source-candidate","1.5","USD","GTFS Fares V1 fare attribute","https://data.trilliumtransit.com/gtfs/greeleyevans-co-us/greeleyevans-co-us.zip","low","https://greeleyevanstransit.com/","official-source-found","","Fare extracted from the current locally available GTFS feed."
"bridgeport-gbt","Greater Bridgeport Transit","Connecticut","verified-official","1.75","USD","GTFS Fares V1 fare attribute","http://data.trilliumtransit.com/gtfs/gbt-ct-us/gbt-ct-us.zip","low","http://www.gogbt.com/","official-source-found","{""slug"":""bridgeport-gbt"",""agencyName"":""Greater Bridgeport Transit"",""amount"":1.75,""currency"":""USD"",""fareType"":""base 120-minute fare"",""payment"":""cash or ZipTrip"",""sourceUrl"":""https://gogbt.com/how-to-ride/fares-passes/"",""confidence"":""high"",""evidence"":""Official fares page states the base fare is $1.75 for 120 minutes of unrestricted ride time; reduced fare is listed separately.""}","Fare extracted from the current locally available GTFS feed."
"davenport","Davenport CitiBus","Iowa","official-source-candidate","1","USD","GTFS Fares V1 fare attribute","https://s3.amazonaws.com/etatransit.gtfs/citibuspublic.etaspot.net/gtfs.zip","low","https://www.davenportiowa.com/services/citibus_transit","official-source-found","","Fare extracted from the current locally available GTFS feed."
"bettendorf","Bettendorf Transit","Iowa","official-fare-page-not-found","","","","https://data.trilliumtransit.com/gtfs/bettendorf-ia-us/bettendorf-ia-us.zip","unresolved","https://www.bettendorf.org/departments/engineering___public_","official-fare-page-not-found","","Feed was inspected but did not contain a usable fare_attributes.txt or fare_products.txt record."
"dubuque","The Jule (Dubuque)","Iowa","official-source-candidate","","","","https://myride.cityofdubuque.org/gtfs/google_transit.zip","unresolved","https://www.cityofdubuque.org/274/Transit","official-source-found","","Feed was inspected but did not contain a usable fare_attributes.txt or fare_products.txt record."
"pocatello","Pocatello Regional Transit","Idaho","official-source-candidate","0.5","USD","GTFS Fares V1 fare attribute","https://pocatellotransit.com/gtfs/pocatello-regional-transit-gtfs.zip?v=current","low","https://pocatellotransit.com/","official-source-found","","Feed publishes multiple products; discounted, special, or non-core products were excluded where identifiable, then the lowest positive core candidate was retained."
"albany-ga","Albany Transit System","Georgia","verified-official","1.7","USD","GTFS Fares V1 fare attribute","https://rapid.nationalrtap.org/GTFSFileManagement/UserUploadFiles/11834/ats_albany_ga_us(2).zip","low","http://www.albanyga.gov/about-us/city-departments/albany-transit-system","official-source-found","{""slug"":""albany-ga"",""agencyName"":""Albany Transit System"",""amount"":1.7,""currency"":""USD"",""fareType"":""fixed-route regular single ride"",""payment"":""standard fare"",""sourceUrl"":""https://www.albanyga.gov/City-Departments/Albany-Transit/FaresPasses"",""confidence"":""high"",""evidence"":""Fixed Route 1 Ride Ticket or Regular Bus Fare: $1.70.""}","Fare extracted from the current locally available GTFS feed."
"wilmington-nc","Wave Transit (Wilmington)","North Carolina","official-source-candidate","","","","https://files.mobilitydatabase.org/mdb-1110/latest.zip","unresolved","https://www.wavetransit.com/","official-source-found","","Feed was inspected but did not contain a usable fare_attributes.txt or fare_products.txt record."
"st-george","SunTran (St. George)","Utah","official-source-candidate","","","","https://files.mobilitydatabase.org/mdb-111/latest.zip","unresolved","https://www.sgcity.org/suntran","official-source-found","","Feed was inspected but did not contain a usable fare_attributes.txt or fare_products.txt record."
"grand-junction","Grand Valley Transit","Colorado","official-source-candidate","3","USD","GTFS Fares V1 fare attribute","https://data.trilliumtransit.com/gtfs/grandvalleytransit-co-us/grandvalleytransit-co-us--flex-v2.zip","low","https://gvt.mesacounty.us/para-transit-ada/","official-source-found","","Fare extracted from the current locally available GTFS feed."
"um-transit","University of Michigan Transit Services (Ann Arbor)","Michigan","official-fare-page-not-found","","USD","GTFS zero-fare candidate","https://webapps.fo.umich.edu/transit_uploads/google_transit.zip","unresolved","https://ltp.umich.edu","official-fare-page-not-found","","GTFS publishes only zero-value legacy fare attributes; this may be a placeholder and was not treated as proof of free service."
"ncsu-wolfline","NCSU Wolfline","North Carolina","official-source-candidate","","","","https://passio3.com/ncstateuni/passioTransit/gtfs/google_transit.zip","unresolved","https://transportation.ncsu.edu/wolfline/","official-source-found","","Feed was inspected but did not contain a usable fare_attributes.txt or fare_products.txt record."
"clemson-cat","Clemson Area Transit (CATbus)","South Carolina","official-site-inaccessible","","USD","GTFS zero-fare candidate","https://catbus.ridesystems.net/Secure/Admin/Reports/GTFSDownload.aspx","unresolved","catbus.transloc.com","site-inaccessible","","GTFS publishes only zero-value legacy fare attributes; this may be a placeholder and was not treated as proof of free service."
"citybus-lafayette","CityBus of Greater Lafayette","Indiana","verified-official","","","","https://bus.gocitybus.com/GTFSRT/citybus-lafayette-in-us.zip","unresolved","https://gocitybus.com/","official-source-found","{""slug"":""citybus-lafayette"",""agencyName"":""CityBus of Greater Lafayette"",""amount"":2,""currency"":""USD"",""fareType"":""regular one-way fare"",""payment"":""cash or EZFare"",""effectiveDate"":""2026-01-01"",""sourceUrl"":""https://www.in.gov/citybuslafayette/how-to-ride/fares"",""confidence"":""high"",""evidence"":""Official fare table says fares begin January 1, 2026 and lists Regular One-Way Fare at $2.00, valid for two hours; half-fare, passes, and express fares are listed separately.""}","Feed was inspected but did not contain a usable fare_attributes.txt or fare_products.txt record."
"duke","Duke University Transit","North Carolina","official-site-inaccessible","","","","https://duke.transloc.com/Secure/Admin/Reports/GTFSDownload.aspx","unresolved","duke.transloc.com","site-inaccessible","","Feed was inspected but did not contain a usable fare_attributes.txt or fare_products.txt record."
"streamline","Streamline (Bozeman)","Montana","official-source-candidate","","USD","GTFS zero-fare candidate","http://data.trilliumtransit.com/gtfs/streamlinetransit-mt-us/streamlinetransit-mt-us.zip","unresolved","http://www.streamlinebus.com/","official-source-found","","GTFS publishes only zero-value legacy fare attributes; this may be a placeholder and was not treated as proof of free service."
"athens-oh","Athens Public Transit","Ohio","official-source-candidate","","","","https://passio3.com/athenstransit/passioTransit/gtfs/google_transit.zip","unresolved","https://hapcap.org/transportation/athens-public-transit/","official-source-found","","Feed was inspected but did not contain a usable fare_attributes.txt or fare_products.txt record."
"connect-transit","Connect Transit (Bloomington-Normal)","Illinois","official-source-candidate","","","","https://rideconnecttransit.com/gtfs","unresolved","https://www.connect-transit.com/","official-source-found","","Feed was inspected but did not contain a usable fare_attributes.txt or fare_products.txt record."
"dekalb","DeKalb Public Transit","Illinois","official-source-candidate","0.25","USD","GTFS Fares V1 fare attribute","http://data.trilliumtransit.com/gtfs/cityofdekalb-il-us/cityofdekalb-il-us.zip","low","https://cityofdekalb.com/1287/Maps-Schedules","official-source-found","","Feed publishes multiple products; discounted, special, or non-core products were excluded where identifiable, then the lowest positive core candidate was retained."
"radford","Radford Transit","Virginia","official-source-candidate","","","","https://data.trilliumtransit.com/gtfs/radford-va-us/radford-va-us.zip","unresolved","https://www.radfordva.gov/1296/Radford-Transit","official-source-found","","Feed was inspected but did not contain a usable fare_attributes.txt or fare_products.txt record."
"jfk-airtrain","JFK AirTrain","New York","official-source-candidate","8.75","USD","GTFS Fares V1 fare attribute","https://s3.amazonaws.com/datatools-511ny/public/AirTrain_JFK.zip","low","https://www.jfkairport.com/to-from-airport/air-train","official-source-found","","Fare extracted from the current locally available GTFS feed."
"staten-island-ferry","Staten Island Ferry","New York","official-fare-page-not-found","","","","https://files.mobilitydatabase.org/mdb-518/latest.zip","unresolved","https://www1.nyc.gov/html/dot/html/ferrybus/staten-island-ferry.shtml","official-fare-page-not-found","","Feed was inspected but did not contain a usable fare_attributes.txt or fare_products.txt record."
"nyc-ferry","NYC Ferry","New York","official-source-candidate","4.5","USD","GTFS Fares V1 fare attribute","https://files.mobilitydatabase.org/mdb-515/latest.zip","low","https://www.ferry.nyc/","official-source-found","","Fare extracted from the current locally available GTFS feed."
"rioc-tram","Roosevelt Island Tramway","New York","official-fare-page-not-found","1.25","USD","GTFS Fares V1 fare attribute","https://data.trilliumtransit.com/gtfs/rooseveltisland-ny-us/rooseveltisland-ny-us.zip","low","https://rioc.ny.gov/tramtransportation.htm","official-fare-page-not-found","","Feed publishes multiple products; discounted, special, or non-core products were excluded where identifiable, then the lowest positive core candidate was retained."
"guadalajara","Mi Transporte (Guadalajara)","Jalisco","official-site-inaccessible","9.5","MXN","GTFS Fares V1 fare attribute","https://files.mobilitydatabase.org/mdb-2366/latest.zip","low","https://setrans.jalisco.gob.mx/","site-inaccessible","","Fare extracted from the current locally available GTFS feed."
"cheyenne","Cheyenne Transit Program","Wyoming","official-fare-page-not-found","","","","https://rapid.nationalrtap.org/GTFSFileManagement/UserUploadFiles/5226/CTP_gtfs.zip","unresolved","https://cheyennecity.org/Transit","official-fare-page-not-found","","Feed was inspected but did not contain a usable fare_attributes.txt or fare_products.txt record."
"rapid-city","Rapid Transit System (Rapid City, SD)","South Dakota","official-source-candidate","1.5","USD","GTFS Fares V1 fare attribute","https://rapid.nationalrtap.org/GTFSFileManagement/UserUploadFiles/13102/rts_corc_gtfs.zip","low","https://www.rapidtransitsystem.org/","official-source-found","","Fare extracted from the current locally available GTFS feed."
"sioux-city","Sioux City Transit","Iowa","official-fare-page-not-found","1.8","USD","GTFS Fares V1 fare attribute","https://files.mobilitydatabase.org/mdb-191/latest.zip","low","https://www.sioux-city.org/services/transit","official-fare-page-not-found","","Fare extracted from the current locally available GTFS feed."
"imperial-valley","Imperial Valley Transit","California","official-source-candidate","","","","https://schedule.ivtransit.com/gtfs/data.zip","unresolved","http://www.ivtransit.com/","official-source-found","","Feed was inspected but did not contain a usable fare_attributes.txt or fare_products.txt record."
"kern-transit","Kern Transit","California","official-fare-page-not-found","2","USD","GTFS Fares V1 fare attribute","https://files.mobilitydatabase.org/mdb-47/mdb-47-202607160119/mdb-47-202607160119.zip","low","http://kerntransit.org/?referrer=gtfs","official-fare-page-not-found","","Feed publishes multiple products; discounted, special, or non-core products were excluded where identifiable, then the lowest positive core candidate was retained."
"banning","Banning Connect","California","verified-official","1.25","USD","GTFS Fares V1 fare attribute","https://files.mobilitydatabase.org/mdb-220/mdb-220-202607110120/mdb-220-202607110120.zip","low","http://www.ci.banning.ca.us/351/Bus-Schedules","official-source-found","{""slug"":""banning"",""agencyName"":""Banning Connect"",""amount"":1.25,""currency"":""USD"",""fareType"":""general one-way fare"",""payment"":""cash or Token Transit"",""sourceUrl"":""http://www.ci.banning.ca.us/351/Bus-Schedules"",""confidence"":""high"",""evidence"":""City fare table lists General one-way fare at $1.25; youth, senior/disabled, zone, and pass prices are listed separately.""}","Feed publishes multiple products; discounted, special, or non-core products were excluded where identifiable, then the lowest positive core candidate was retained."
"beaumont-ca","Beaumont Transit","California","official-source-candidate","1.5","USD","GTFS Fares V1 fare attribute","https://data.trilliumtransit.com/gtfs/beaumont-ca-us/beaumont-ca-us.zip","low","https://www.beaumontca.gov/index.aspx?NID=90","official-source-found","","Feed publishes multiple products; discounted, special, or non-core products were excluded where identifiable, then the lowest positive core candidate was retained."
"corona","Corona Cruiser","California","official-source-candidate","1.5","USD","GTFS Fares V1 fare attribute","https://data.trilliumtransit.com/gtfs/corona-ca-us/corona-ca-us.zip","low","http://www.coronaca.gov/government/departments-divisions/public-works/public-transit/corona-cruiser","official-source-found","","Fare extracted from the current locally available GTFS feed."
"thousand-oaks","Thousand Oaks Transit","California","official-site-inaccessible","2","USD","GTFS Fares V1 fare attribute","https://data.trilliumtransit.com/gtfs/thousandoaks-ca-us/thousandoaks-ca-us.zip","low","https://www.toaks.org/departments/public-works/transit","site-inaccessible","","Fare extracted from the current locally available GTFS feed."
"simi-valley","Simi Valley Transit","California","official-fare-page-not-found","0.75","USD","GTFS Fares V2 base product","http://data.trilliumtransit.com/gtfs/simivalley-ca-us/simivalley-ca-us.zip","medium","http://www.simivalley.org/departments/community-services/simi-valley-transit","official-fare-page-not-found","","Feed publishes multiple products; discounted, special, or non-core products were excluded where identifiable, then the lowest positive core candidate was retained."
"camarillo","Camarillo Area Transit","California","official-source-candidate","1","USD","GTFS Fares V1 fare attribute","https://data.trilliumtransit.com/gtfs/camarillo-ca-us/camarillo-ca-us.zip","low","https://www.cityofcamarillo.org/residents/public_transportation/camarillo_area_transit.php","official-source-found","","Fare extracted from the current locally available GTFS feed."
"basin-transit","Basin Transit","California","verified-official","1.25","USD","GTFS Fares V1 fare attribute","https://data.trilliumtransit.com/gtfs/morongobasin-ca-us/morongobasin-ca-us.zip","low","http://www.mbtabus.com/","official-source-found","{""slug"":""basin-transit"",""agencyName"":""Basin Transit"",""amount"":2.5,""currency"":""USD"",""fareType"":""adult fare"",""payment"":""cash or Token Transit"",""sourceUrl"":""https://basintransit.ca.gov/fares/"",""confidence"":""high"",""evidence"":""Cash fare table lists Adults at $2.50; discounted adult fare table separately lists $1.25.""}","Feed publishes multiple products; discounted, special, or non-core products were excluded where identifiable, then the lowest positive core candidate was retained."
"needles","Needles Area Transit","California","official-fare-page-not-found","1.35","USD","GTFS Fares V1 fare attribute","https://data.trilliumtransit.com/gtfs/needles-ca-us/needles-ca-us.zip","low","https://cityofneedles.com/transit/","official-fare-page-not-found","","Fare extracted from the current locally available GTFS feed."
"arvin","Arvin Transit","California","verified-official","1.5","USD","GTFS Fares V1 fare attribute","https://gtfs.remix.com/arvin.zip","low","https://www.arvin.org/202/Routes-Schedules-Fares","official-source-found","{""slug"":""arvin"",""agencyName"":""Arvin Transit"",""amount"":1.5,""currency"":""USD"",""fareType"":""general public local fare"",""payment"":""exact cash"",""sourceUrl"":""https://www.arvin.org/202/Routes-Schedules-Fares"",""confidence"":""high"",""evidence"":""Arvin Local Fares: General Public $1.50; exact fare only.""}","Feed publishes multiple products; discounted, special, or non-core products were excluded where identifiable, then the lowest positive core candidate was retained."
"moorpark","Moorpark City Transit","California","official-source-candidate","1","USD","GTFS Fares V1 fare attribute","https://data.trilliumtransit.com/gtfs/moorparkcitytransit-ca-us/moorparkcitytransit-ca-us.zip","low","https://www.moorparkca.gov/227/Bus-Ride-Guide","official-source-found","","Fare extracted from the current locally available GTFS feed."
"valley-express","Valley Express","California","official-source-candidate","","","","https://www.valleyexpressbus.org/wp-content/uploads/2026/04/Spring-2026-Valley-Express-GTFS.zip","unresolved","http://www.valleyexpressbus.org/","official-source-found","","Feed was inspected but did not contain a usable fare_attributes.txt or fare_products.txt record."
"laguna-beach","Laguna Beach Transit","California","official-fare-page-not-found","","","","https://data.trilliumtransit.com/gtfs/lagunabeach-ca-us/lagunabeach-ca-us.zip","unresolved","http://www.lagunabeachcity.net/cityhall/transit_and_trolleys/","official-fare-page-not-found","","Feed was inspected but did not contain a usable fare_attributes.txt or fare_products.txt record."
"taft","Taft Area Transit","California","official-fare-page-not-found","2","USD","GTFS Fares V1 fare attribute","https://data.trilliumtransit.com/gtfs/taft-ca-us/taft-ca-us.zip","low","https://www.cityoftaft.org/pview.aspx?id=5385&catid=563","official-fare-page-not-found","","Fare extracted from the current locally available GTFS feed."
"seattle-monorail","Seattle Center Monorail","Washington","official-source-candidate","2","USD","GTFS Fares V1 fare attribute","https://github.com/Seattle-Monorail-Services/gtfs/raw/refs/heads/main/96_gtfs.zip","low","http://www.seattlemonorail.com","official-source-found","","Feed publishes multiple products; discounted, special, or non-core products were excluded where identifiable, then the lowest positive core candidate was retained."
"snoqualmie-valley","Snoqualmie Valley Transportation","Washington","official-source-candidate","1","USD","GTFS Fares V1 fare attribute","https://data.trilliumtransit.com/gtfs/snoqualmie-wa-us/snoqualmie-wa-us.zip","low","http://www.svtbus.org/","official-source-found","","Fare extracted from the current locally available GTFS feed."
"seattle-streetcar","Seattle Streetcar","Washington","official-source-candidate","1","USD","GTFS Fares V2 base product","https://metro.kingcounty.gov/GTFS/google_transit.zip","medium","https://kingcounty.gov/en/dept/metro","official-source-found","","Feed publishes multiple products; discounted, special, or non-core products were excluded where identifiable, then the lowest positive core candidate was retained."
"metz","Le Met' (Metz)","Grand Est","official-source-candidate","","","","https://data.lemet.fr/documents/LEMET-gtfs.zip","unresolved","https://www.lemet.fr/","official-source-found","","Feed was inspected but did not contain a usable fare_attributes.txt or fare_products.txt record."
"nancy","Réseau Stan (Nancy)","Grand Est","official-source-candidate","","","","https://transport.data.gouv.fr/resources/83710/download","unresolved","https://www.reseau-stan.com/","official-source-found","","Feed was inspected but did not contain a usable fare_attributes.txt or fare_products.txt record."
"rennes","STAR (Rennes)","Bretagne","official-fare-page-not-found","1.7","EUR","GTFS Fares V1 fare attribute","https://eu.ftp.opendatasoft.com/star/gtfs/GTFS_STAR_BUS_METRO_EN_COURS.zip","low","https://www.star.fr/","official-fare-page-not-found","","Fare extracted from the current locally available GTFS feed."
"tours","Fil Bleu (Tours)","Centre-Val de Loire","official-source-candidate","","","","https://www.data.gouv.fr/api/1/datasets/r/198b7602-5e74-4d88-b6bc-483af85a2430","unresolved","https://www.filbleu.fr/","official-source-found","","Feed was inspected but did not contain a usable fare_attributes.txt or fare_products.txt record."
"bordeaux","TBM (Bordeaux)","Nouvelle-Aquitaine","official-fare-page-not-found","1.9","EUR","GTFS Fares V2 base product","https://bdx.mecatran.com/utw/ws/gtfsfeed/static/bordeaux?apiKey=opendata-bordeaux-metropole-flux-gtfs-rt","medium","https://www.infotbm.com/","official-fare-page-not-found","","Feed publishes multiple products; discounted, special, or non-core products were excluded where identifiable, then the lowest positive core candidate was retained."
"grenoble","TAG (Grenoble)","Auvergne-Rhône-Alpes","official-source-candidate","2","EUR","GTFS Fares V1 fare attribute","https://data.mobilites-m.fr/api/gtfs/SEM","low","https://www.tag.fr/","official-source-found","","Fare extracted from the current locally available GTFS feed."
"dijon","Divia (Dijon)","Bourgogne-Franche-Comté","verified-official","","","","https://www.data.gouv.fr/api/1/datasets/r/e0dbd217-15cd-4e28-9459-211a27511a34","unresolved","https://www.divia.fr/","official-source-found","{""slug"":""dijon"",""agencyName"":""Divia (Dijon)"",""amount"":1.5,""currency"":""EUR"",""fareType"":""one-hour ticket"",""payment"":""standard ticket or DiviaMobilités card"",""sourceUrl"":""https://www.divia.fr/titres-et-tarifs/trouver-et-acheter-mon-titre"",""confidence"":""high"",""evidence"":""Official Divia page lists Pass 1 Heure at €1.50 for one hour across the Bus&Tram network; contactless bank-card and post-paid products are listed separately.""}","Feed was inspected but did not contain a usable fare_attributes.txt or fare_products.txt record."
"angers","Irigo (Angers)","Pays de la Loire","official-source-candidate","","","","https://chouette.enroute.mobi/api/v1/datas/Irigo/gtfs.zip","unresolved","https://www.irigo.fr/","official-source-found","","Feed was inspected but did not contain a usable fare_attributes.txt or fare_products.txt record."
"chambery","Synchro (Chambéry)","Auvergne-Rhône-Alpes","official-site-inaccessible","","","","https://mwe.mecatran.com/utw/ws/gtfsfeed/static/chambery?apiKey=223f2f102c1242570d3f0231326a271940774f72&type=gtfs_urbain","unresolved","https://www.synchro.grandchambery.fr/","site-inaccessible","","Feed was inspected but did not contain a usable fare_attributes.txt or fare_products.txt record."
"nantes","Naolib (Nantes)","Pays de la Loire","official-source-candidate","1.8","EUR","GTFS Fares V1 fare attribute","https://data.nantesmetropole.fr/explore/dataset/244400404_transports_commun_naolib_nantes_metropole_gtfs/files/0cc0469a72de54ee045cb66d1a21de9e/download/","low","https://www.naolib.fr/","official-source-found","","Feed publishes multiple products; discounted, special, or non-core products were excluded where identifiable, then the lowest positive core candidate was retained."
"le-mans","SETRAM (Le Mans)","Pays de la Loire","official-source-candidate","","","","https://static.data.gouv.fr/resources/gtfs-du-reseau-des-transports-bus-et-tramway-setram-circulant-sur-le-territoire-le-mans-metropole/20260706-090730/gtfssetramlmm.zip","unresolved","https://www.setram.fr/","official-source-found","","Feed was inspected but did not contain a usable fare_attributes.txt or fare_products.txt record."
"besancon","Ginko (Besançon)","Bourgogne-Franche-Comté","verified-official","","","","https://api.ginko.voyage/gtfs-ginko.zip","unresolved","https://www.ginko.voyage/","official-source-found","{""slug"":""besancon"",""agencyName"":""Ginko (Besançon)"",""amount"":1.3,""currency"":""EUR"",""fareType"":""general one-trip pass"",""payment"":""standard ticket"",""sourceUrl"":""https://www.ginko.voyage/tarifs/titres-et-tarifs/tous-les-titres"",""confidence"":""high"",""evidence"":""Official ticket table lists PASS Voyages at €1.30; the page labels the general ticket section for all users.""}","Feed was inspected but did not contain a usable fare_attributes.txt or fare_products.txt record."
"annecy","Sibra (Annecy)","Auvergne-Rhône-Alpes","official-source-candidate","","","","https://static.data.gouv.fr/resources/offre-de-transports-sibra-a-annecy-gtfs/20260706-091802/gtfs-sibra-1-.zip","unresolved","https://www.sibra.fr/","official-source-found","","Feed was inspected but did not contain a usable fare_attributes.txt or fare_products.txt record."
"amiens","Ametis (Amiens)","Hauts-de-France","official-site-inaccessible","","","","https://static.data.gouv.fr/resources/ametis/20260703-135019/gtfs-ametis-du-04-07-2026-au-30-08-2026.zip","unresolved","https://www.ametois.fr/","site-inaccessible","","Feed was inspected but did not contain a usable fare_attributes.txt or fare_products.txt record."
"annemasse","TAC (Annemasse)","Auvergne-Rhône-Alpes","official-source-candidate","","","","https://s3.eu-west-1.amazonaws.com/files.orchestra.ratpdev.com/networks/tp2a/exports/medias.zip","unresolved","https://www.tac-mobilites.fr/","official-source-found","","Feed was inspected but did not contain a usable fare_attributes.txt or fare_products.txt record."
"avignon","Orizo (Avignon)","Provence-Alpes-Côte d'Azur","official-source-candidate","","","","https://api.maas-fr.cityway.fr/dataflow/offre-tc/download?provider=ORIZO&dataFormat=GTFS&dataProfil=OPENDATA","unresolved","https://www.orizo.fr/","official-source-found","","Feed was inspected but did not contain a usable fare_attributes.txt or fare_products.txt record."
"bayonne","Txik Txak","Nouvelle-Aquitaine","official-source-candidate","","","","https://app.mecatran.com/utw/ws/gtfsfeed/static/txiktxak?apiKey=0f64273f070b7d4621002040646e180d374e5373","unresolved","https://www.txiktxak.fr/","official-source-found","","Feed was inspected but did not contain a usable fare_attributes.txt or fare_products.txt record."
"beziers","beeMob (Béziers)","Occitanie","verified-official","","","","https://s3.eu-west-1.amazonaws.com/files.orchestra.ratpdev.com/networks/rdbm/exports/gtfs-pour-le-pan.zip","unresolved","https://www.beemob.fr/","official-source-found","{""slug"":""beziers"",""agencyName"":""beeMob (Béziers)"",""amount"":1,""currency"":""EUR"",""fareType"":""standard one-trip ticket"",""payment"":""standard ticket"",""sourceUrl"":""https://beemob.fr/fr/kzk-Tarifs.html"",""confidence"":""high"",""evidence"":""Official fare table lists TICKET UNITAIRE, Ticket unité €1.00; reduced and pass products are listed separately.""}","Feed was inspected but did not contain a usable fare_attributes.txt or fare_products.txt record."
"bourges","AggloBus (Bourges)","Centre-Val de Loire","official-source-candidate","","","","https://fr.ftp.opendatasoft.com/centrevaldeloire/OKINAGTFS/GTFS_AO/BOURGES-GTFS.zip","unresolved","https://www.agglobus.com/","official-source-found","","Feed was inspected but did not contain a usable fare_attributes.txt or fare_products.txt record."
"brest","Bibus (Brest)","Bretagne","verified-official","","","","https://s3.eu-west-1.amazonaws.com/files.orchestra.ratpdev.com/networks/bibus/exports/medias.zip","unresolved","https://www.bibus.fr/","official-source-found","{""slug"":""brest"",""agencyName"":""Bibus (Brest)"",""amount"":1.7,""currency"":""EUR"",""fareType"":""standard one-hour ticket"",""payment"":""standard ticket"",""sourceUrl"":""https://www.bibus.fr/tarifs/tickets-et-abonnements"",""confidence"":""high"",""evidence"":""Official fare page states Ticket unité €1.70, valid for one hour across the Bibus network.""}","Feed was inspected but did not contain a usable fare_attributes.txt or fare_products.txt record."
"caen","Twisto (Caen)","Normandie","verified-official","","","","https://data.twisto.fr/api/v2/catalog/datasets/fichier-gtfs-du-reseau-twisto/alternative_exports/gtfs_twisto_zip","unresolved","https://www.twisto.fr/","official-source-found","{""slug"":""caen"",""agencyName"":""Twisto (Caen)"",""amount"":1.6,""currency"":""EUR"",""fareType"":""one-hour ticket"",""payment"":""standard ticket"",""sourceUrl"":""https://www.twisto.fr/tarifs/tickets-et-abonnements-0"",""confidence"":""high"",""evidence"":""Official Twisto ticket table lists Ticket 1H at €1.60; 24-hour, 48-hour, 72-hour, and pass products are listed separately.""}","Feed was inspected but did not contain a usable fare_attributes.txt or fare_products.txt record."
"chartres","Filibus (Chartres)","Centre-Val de Loire","official-site-inaccessible","","","","https://static.data.gouv.fr/resources/filibus-urbain/20260716-101744/gtfs-filibus-20260720-20270702.zip","unresolved","https://www.filibus.fr/","site-inaccessible","","Feed was inspected but did not contain a usable fare_attributes.txt or fare_products.txt record."
"cholet","Choletbus","Pays de la Loire","official-source-candidate","","","","https://static.data.gouv.fr/resources/horaires-theoriques-reseau-choletbus/20260717-113054/gtfs.zip","unresolved","https://www.choletbus.fr/","official-source-found","","Feed was inspected but did not contain a usable fare_attributes.txt or fare_products.txt record."
"clermont","T2C (Clermont-Ferrand)","Auvergne-Rhône-Alpes","official-source-candidate","","","","https://opendata.clermontmetropole.eu/api/v2/catalog/datasets/gtfs-smtc/alternative_exports/gtfs","unresolved","https://www.t2c.fr/","official-source-found","","Feed was inspected but did not contain a usable fare_attributes.txt or fare_products.txt record."
"dunkirk","DK'Bus (Dunkerque)","Hauts-de-France","official-fare-page-not-found","","","","https://static.data.gouv.fr/resources/offre-de-transports-reseau-dk-bus-de-la-communaute-urbaine-de-dunkerque-gtfs/20260706-085929/gtfs-20260624-110758-dkbus.zip","unresolved","https://www.dkbus.com/","official-fare-page-not-found","","Feed was inspected but did not contain a usable fare_attributes.txt or fare_products.txt record."
"la-rochelle","Yélo (La Rochelle)","Nouvelle-Aquitaine","official-source-candidate","","","","https://www.pigma.org/public/opendata/nouvelle_aquitaine_mobilites/publication/ca_la_rochelle-aggregated-gtfs.zip","unresolved","https://www.yelo-larochelle.fr/","official-source-found","","Feed was inspected but did not contain a usable fare_attributes.txt or fare_products.txt record."
"laval","TUL (Laval)","Pays de la Loire","official-site-inaccessible","","","","https://s3.eu-west-1.amazonaws.com/files.orchestra.ratpdev.com/networks/rd-laval/exports/pan.zip","unresolved","https://www.tul-laval.fr/","site-inaccessible","","Feed was inspected but did not contain a usable fare_attributes.txt or fare_products.txt record."
"le-havre","LiA (Le Havre)","Normandie","official-source-candidate","","","","https://gtfs.bus-tracker.fr/lia.zip","unresolved","https://www.transports-lia.fr/","official-source-found","","Feed was inspected but did not contain a usable fare_attributes.txt or fare_products.txt record."
"lorient","Izilo (Lorient)","Bretagne","official-source-candidate","","","","https://s3.eu-west-1.amazonaws.com/files.orchestra.ratpdev.com/networks/rdla-lorient/exports/medias.zip","unresolved","https://www.izilo.bzh/","official-source-found","","Feed was inspected but did not contain a usable fare_attributes.txt or fare_products.txt record."
"lyon","TCL (Lyon)","Auvergne-Rhône-Alpes","official-fare-page-not-found","2.1","EUR","GTFS Fares V1 fare attribute","https://gtech-transit-prod.apigee.net/v1/google/gtfs/odbl/lyon_tcl.zip?apikey=BasyG6OFZXgXnzWdQLTwJFGcGmeOs204&secret=gNo6F5PhQpsGRBCK","low","https://www.tcl.fr/","official-fare-page-not-found","","Feed publishes multiple products; discounted, special, or non-core products were excluded where identifiable, then the lowest positive core candidate was retained."
"marseille","RTM (Marseille)","Provence-Alpes-Côte d'Azur","official-source-candidate","","","","https://app.mecatran.com/utw/ws/gtfsfeed/static/mamp-rtm?apiKey=16421b08630a7d065c6d250051780f484b673659","unresolved","https://www.rtm.fr/","official-source-found","","Feed was inspected but did not contain a usable fare_attributes.txt or fare_products.txt record."
"mulhouse","Soléa (Mulhouse)","Grand Est","official-source-candidate","","","","https://eu.ftp.opendatasoft.com/mulhouse/TRANSPORT_GTFS/SOLEA.GTFS_current.zip","unresolved","https://www.solea.info/","official-source-found","","Feed was inspected but did not contain a usable fare_attributes.txt or fare_products.txt record."
"nice-fr","Lignes d'Azur (Nice)","Provence-Alpes-Côte d'Azur","official-source-candidate","1.7","EUR","GTFS Fares V1 fare attribute","https://chouette.enroute.mobi/api/v1/datas/OpendataRLA/gtfs.zip","low","https://www.lignesdazur.com/","official-source-found","","Feed publishes multiple products; discounted, special, or non-core products were excluded where identifiable, then the lowest positive core candidate was retained."
"nimes","Tango (Nîmes)","Occitanie","official-site-inaccessible","","","","https://static.data.gouv.fr/resources/offre-de-transport-du-reseau-tango-de-nimes-metropole-gtfs-gtfs-rt/20260612-082001/gtfs-production.zip","unresolved","https://www.tangonimes.fr/","site-inaccessible","","Feed was inspected but did not contain a usable fare_attributes.txt or fare_products.txt record."
"orleans","TAO (Orléans)","Centre-Val de Loire","official-site-inaccessible","","","","https://chouette.enroute.mobi/api/v1/datas/keolis_orleans/gtfs.zip","unresolved","https://www.reseau-tao.fr/","site-inaccessible","","Feed was inspected but did not contain a usable fare_attributes.txt or fare_products.txt record."
"pau","Idelis (Pau)","Nouvelle-Aquitaine","official-source-candidate","1.2","EUR","GTFS Fares V1 fare attribute","https://opendata.idelis.fr/?file=GTFS_MultiRoutes/Data.GTFS.zip","low","https://www.idelis.fr/","official-source-found","","Feed publishes multiple products; discounted, special, or non-core products were excluded where identifiable, then the lowest positive core candidate was retained."
"perpignan","Sankéo (Perpignan)","Occitanie","official-source-candidate","","","","https://eur.mecatran.com/utw/ws/gtfsfeed/static/perpignan?apiKey=612f606b5e3b0a3e6e1f441a2c4a050f6a345b55","unresolved","https://www.sankeo.com/","official-source-found","","Feed was inspected but did not contain a usable fare_attributes.txt or fare_products.txt record."
"poitiers","Vitalis (Poitiers)","Nouvelle-Aquitaine","official-source-candidate","","","","https://data.grandpoitiers.fr/data-fair/api/v1/datasets/offre-de-transport-du-reseau-vitalis/metadata-attachments/gtfs.zip","unresolved","https://www.vitalis-poitiers.fr/","official-source-found","","Feed was inspected but did not contain a usable fare_attributes.txt or fare_products.txt record."
"quimper","Qub (Quimper)","Bretagne","official-source-candidate","","","","https://s3.eu-west-1.amazonaws.com/files.orchestra.ratpdev.com/networks/qbo/exports/medias.zip","unresolved","https://www.qub.fr/","official-source-found","","Feed was inspected but did not contain a usable fare_attributes.txt or fare_products.txt record."
"reims","Grand Reims Mobilités","Grand Est","official-source-candidate","","","","https://api.grandest2.cityway.fr/exs/GTFS?Key=OPENDATA&OperatorCode=REI","unresolved","https://www.grandreims-mobilites.fr/","official-source-found","","Feed was inspected but did not contain a usable fare_attributes.txt or fare_products.txt record."
"rouen","Astuce (Rouen)","Normandie","official-fare-page-not-found","","","","https://api.mrn.cityway.fr/dataflow/offre-tc/download?provider=ASTUCE&dataFormat=gtfs&dataProfil=ASTUCE","unresolved","https://www.reseau-astuce.fr/","official-fare-page-not-found","","Feed was inspected but did not contain a usable fare_attributes.txt or fare_products.txt record."
"saint-etienne","STAS (Saint-Étienne)","Auvergne-Rhône-Alpes","official-source-candidate","","","","https://api.saint-etienne-metropole.fr/stas/api/horraires_tc/GTFS.aspx","unresolved","https://www.reseau-stas.fr/","official-source-found","","Feed was inspected but did not contain a usable fare_attributes.txt or fare_products.txt record."
"saint-nazaire","Ycéo (Saint-Nazaire)","Pays de la Loire","official-site-inaccessible","","EUR","GTFS zero-fare candidate","https://app.mecatran.com/utw/ws/gtfsfeed/static/stran-merge?apiKey=2e6071036d276153761f0c090b4a45420e047612","unresolved","https://www.strann.fr/","site-inaccessible","","GTFS publishes only zero-value legacy fare attributes; this may be a placeholder and was not treated as proof of free service."
"toulon","Mistral (Toulon)","Provence-Alpes-Côte d'Azur","official-source-candidate","","","","https://s3.eu-west-1.amazonaws.com/files.orchestra.ratpdev.com/networks/rd-toulon/exports/gtfs-complet.zip","unresolved","https://www.reseaumistral.com/","official-source-found","","Feed was inspected but did not contain a usable fare_attributes.txt or fare_products.txt record."
"toulouse","Tisséo (Toulouse)","Occitanie","official-source-candidate","1.8","EUR","GTFS Fares V1 fare attribute","https://data.toulouse-metropole.fr/explore/dataset/tisseo-gtfs/files/fc1dda89077cf37e4f7521760e0ef4e9/download/","low","https://www.tisseo.fr/","official-source-found","","Feed publishes multiple products; discounted, special, or non-core products were excluded where identifiable, then the lowest positive core candidate was retained."
"troyes","TCAT (Troyes)","Grand Est","official-source-candidate","","","","https://static.data.gouv.fr/resources/donnees-tcat-troyes-champagne-metropole-1/20260520-141045/gtfs.zip","unresolved","https://www.tcat.fr/","official-source-found","","Feed was inspected but did not contain a usable fare_attributes.txt or fare_products.txt record."
"valence","Citéa (Valence Romans)","Auvergne-Rhône-Alpes","official-source-candidate","","","","https://static.data.gouv.fr/resources/ce-jeu-de-donnees-contient-la-liste-des-arrets-des-horaires-et-des-parcours-theoriques-du-reseau-de-transport-urbain-et-interurbain-de-vrm/20260518-071358/gtfs-citea-20260517-20260628.zip","unresolved","https://www.vrd-mobilites.fr/","official-source-found","","Feed was inspected but did not contain a usable fare_attributes.txt or fare_products.txt record."
"vannes","Kicéo (Vannes)","Bretagne","official-fare-page-not-found","1.5","EUR","GTFS Fares V1 fare attribute","https://static.data.gouv.fr/resources/reseau-urbain-kiceo/20260626-142417/gtfs-20260626-161300-kiceo.zip","low","https://www.kiceo.fr/","official-fare-page-not-found","","Fare extracted from the current locally available GTFS feed."
"aix-en-provence","Aixenbus","Provence-Alpes-Côte d'Azur","official-source-candidate","","","","https://app.mecatran.com/utw/ws/gtfsfeed/static/mamp-aix?apiKey=020c7c326b6c5e750b168064336e344c61213521","unresolved","https://www.aixenbus.fr/","official-source-found","","Feed was inspected but did not contain a usable fare_attributes.txt or fare_products.txt record."
"arles","Envia (Arles)","Provence-Alpes-Côte d'Azur","no-official-website","","","","https://static.data.gouv.fr/resources/donnees-statiques-et-temps-reels-reseau-envia/20260713-080242/gtfs-envia-20260711.zip","unresolved","","no-website","","Feed was inspected but did not contain a usable fare_attributes.txt or fare_products.txt record."
"beauvais","Corolis (Beauvais)","Hauts-de-France","official-source-candidate","","","","https://api.oisemob.cityway.fr/dataflow/offre-tc/download?provider=COROLIS_URB&dataFormat=GTFS&dataProfil=OPENDATA","unresolved","https://www.corolis.fr","official-source-found","","Feed was inspected but did not contain a usable fare_attributes.txt or fare_products.txt record."
"belfort","Optymo (Belfort)","Bourgogne-Franche-Comté","verified-official","","","","https://static.data.gouv.fr/resources/arrets-circuits-et-horaires-du-reseau-optymo-de-belfort/20260707-090040/gtfs.zip","unresolved","https://www.optymo.fr/","official-source-found","{""slug"":""belfort"",""agencyName"":""Optymo (Belfort)"",""amount"":1,""currency"":""EUR"",""fareType"":""normal bus trip"",""payment"":""standard ticket"",""sourceUrl"":""https://www.optymo.fr/pass-tickets/pass-optymo/tarifs/"",""confidence"":""high"",""evidence"":""Official Optymo tariff page lists the normal bus fare at €1 per trip; reduced bus, paratransit, bicycle, and car-share rates are listed separately.""}","Feed was inspected but did not contain a usable fare_attributes.txt or fare_products.txt record."
"bergerac","TUB (Bergerac)","Nouvelle-Aquitaine","official-source-candidate","","","","https://www.pigma.org/public/opendata/nouvelle_aquitaine_mobilites/publication/ca_bergeracoise-aggregated-gtfs.zip","unresolved","https://www.la-cab.fr/transports-urbains-bergeracois-tub/","official-source-found","","Feed was inspected but did not contain a usable fare_attributes.txt or fare_products.txt record."
"blois","Azalys (Blois)","Centre-Val de Loire","official-site-inaccessible","","","","https://fr.ftp.opendatasoft.com/centrevaldeloire/OKINAGTFS/GTFS_AO/BLOIS.zip","unresolved","https://www.azalys-blois.fr/","site-inaccessible","","Feed was inspected but did not contain a usable fare_attributes.txt or fare_products.txt record."
"boulogne-sur-mer","Marinéo (Boulogne)","Hauts-de-France","official-source-candidate","","","","https://s3.eu-west-1.amazonaws.com/files.orchestra.ratpdev.com/networks/boulogne/exports/medias.zip","unresolved","https://www.marineo.fr/","official-source-found","","Feed was inspected but did not contain a usable fare_attributes.txt or fare_products.txt record."
"bourgoin","Ruban (Bourgoin-Jallieu)","Auvergne-Rhône-Alpes","verified-official","","","","https://api.pysae.com/api/v4/groups/keolis-9cc4/gtfs/6a5504d0f9fc74c03997b2dd","unresolved","https://www.rubantransport.com","official-source-found","{""slug"":""bourgoin"",""agencyName"":""Ruban (Bourgoin-Jallieu)"",""amount"":1.5,""currency"":""EUR"",""fareType"":""standard one-trip ticket purchased onboard"",""payment"":""onboard ticket"",""sourceUrl"":""https://www.rubantransport.com/occasionnel/"",""confidence"":""high"",""evidence"":""Official Ruban page lists Ticket unité at €1.50 when sold onboard, or €1.30 through agencies, relay points, or the mobile app; valid for one hour with connections.""}","Feed was inspected but did not contain a usable fare_attributes.txt or fare_products.txt record."
"brive","Libéo (Brive)","Nouvelle-Aquitaine","verified-official","","","","https://www.pigma.org/public/opendata/nouvelle_aquitaine_mobilites/publication/ca_bassin_de_brive-aggregated-gtfs.zip","unresolved","https://www.libeo-brive.fr/","official-source-found","{""slug"":""brive"",""agencyName"":""Libéo (Brive)"",""amount"":1.2,""currency"":""EUR"",""fareType"":""standard one-trip ticket"",""payment"":""standard ticket or mobile app"",""sourceUrl"":""https://www.libeo-brive.fr/titres-et-tarifs"",""confidence"":""high"",""evidence"":""Official Libéo fare page lists Ticket unité at €1.20; last-minute onboard ticket is €1.50 and day, carnet, reduced, and pass products are listed separately.""}","Feed was inspected but did not contain a usable fare_attributes.txt or fare_products.txt record."
"cahors","Cahors urbain","Occitanie","official-fare-page-not-found","","EUR","GTFS zero-fare candidate","https://static.data.gouv.fr/resources/donnees-gtfs-du-reseau-de-transports-public-du-grand-cahors/20250903-064002/gtfs-.zip","unresolved","https://www.bus-evidence.fr/","official-fare-page-not-found","","GTFS publishes only zero-value legacy fare attributes; this may be a placeholder and was not treated as proof of free service."
"cannes","Palm Bus (Cannes)","Provence-Alpes-Côte d'Azur","official-site-inaccessible","0.9","EUR","GTFS Fares V1 fare attribute","https://static.data.gouv.fr/resources/horaires-theoriques-et-temps-reel-gtfs-gtfs-rt-du-reseau-palmbus-cannes-pays-de-lerins/20260710-114430/palmbus-cannes-fr.zip","low","https://www.palmbus.fr/","site-inaccessible","","Feed publishes multiple products; discounted, special, or non-core products were excluded where identifiable, then the lowest positive core candidate was retained."
"carcassonne","RTCA (Carcassonne)","Occitanie","no-official-website","","","","https://static.data.gouv.fr/resources/reseau-rtca/20260324-093822/gtfs.zip","unresolved","","no-website","","Feed was inspected but did not contain a usable fare_attributes.txt or fare_products.txt record."
"castres","Libellus (Castres)","Occitanie","official-source-candidate","","","","https://static.data.gouv.fr/resources/offre-de-transport-du-reseau-libellus-gtfs/20260108-095309/08012026.zip","unresolved","https://www.castres-mazamet.fr/lignes-regulieres","official-source-found","","Feed was inspected but did not contain a usable fare_attributes.txt or fare_products.txt record."
"charleville","TAC (Charleville)","Grand Est","official-source-candidate","","","","https://api.grandest2.cityway.fr/exs/GTFS?Key=OPENDATA&OperatorCode=CHM","unresolved","https://www.bustac.fr/","official-source-found","","Feed was inspected but did not contain a usable fare_attributes.txt or fare_products.txt record."
"chateauroux","Horizon (Châteauroux)","Centre-Val de Loire","no-official-website","","","","https://data.chateauroux-metropole.fr/api/v2/catalog/datasets/reseau-de-bus-urbain_horizon/alternative_exports/gtfs_20260105_zip","unresolved","","no-website","","Feed was inspected but did not contain a usable fare_attributes.txt or fare_products.txt record."
"colmar","Trace (Colmar)","Grand Est","official-site-inaccessible","","","","https://api.grandest2.cityway.fr/exs/GTFS?Key=OPENDATA&OperatorCode=CAC","unresolved","https://www.trace-colmar.fr","site-inaccessible","","Feed was inspected but did not contain a usable fare_attributes.txt or fare_products.txt record."
"compiegne","TIC (Compiègne)","Hauts-de-France","official-source-candidate","","","","https://api.oisemob.cityway.fr/dataflow/offre-tc/download?provider=TIC_INT&dataFormat=GTFS&dataProfil=OPENDATA","unresolved","https://www.oise-mobilite.fr/","official-source-found","","Feed was inspected but did not contain a usable fare_attributes.txt or fare_products.txt record."
"concarneau","Coralie (Concarneau)","Bretagne","official-source-candidate","","","","https://www.korrigo.bzh/ftp/OPENDATA/CORALIE.gtfs.zip","unresolved","https://www.coralie-cca.fr","official-source-found","","Feed was inspected but did not contain a usable fare_attributes.txt or fare_products.txt record."
"creil","TCR (Creil)","Hauts-de-France","official-source-candidate","","","","https://api.oisemob.cityway.fr/dataflow/offre-tc/download?provider=AXO&dataFormat=GTFS&dataProfil=OPENDATA","unresolved","https://www.oise-mobilite.fr","official-source-found","","Feed was inspected but did not contain a usable fare_attributes.txt or fare_products.txt record."
"dieppe","Stradibus (Dieppe)","Normandie","official-source-candidate","","","","https://static.data.gouv.fr/resources/deepmob-dieppe-maritime/20260717-132010/pt-th-offer-deepmob-gtfs-20260713-784-opendata.zip","unresolved","https://www.deepmob.fr/","official-source-found","","Feed was inspected but did not contain a usable fare_attributes.txt or fare_products.txt record."
"douai","Évasion (Douai)","Hauts-de-France","no-official-website","","EUR","GTFS zero-fare candidate","https://static.data.gouv.fr/resources/eveole-douai-reseau-bus-du-syndicat-mixte-des-transports-du-douaisis-smtd/20260707-151337/gtfs-du-060726-au-030127.zip","unresolved","","no-website","","GTFS publishes only zero-value legacy fare attributes; this may be a placeholder and was not treated as proof of free service."
"epinal","Imagine (Épinal)","Grand Est","official-source-candidate","","","","https://api.grandest2.cityway.fr/exs/GTFS?Key=OPENDATA&OperatorCode=IMAGINE","unresolved","https://www.keolis.com/","official-source-found","","Feed was inspected but did not contain a usable fare_attributes.txt or fare_products.txt record."
"evreux","Transurbain (Évreux)","Normandie","no-official-website","","","","https://static.data.gouv.fr/resources/transurbain-evreux-portes-de-normandie/20260622-071336/pt-th-offer-transurbain-gtfs-20260609-304-opendata.zip","unresolved","","no-website","","Feed was inspected but did not contain a usable fare_attributes.txt or fare_products.txt record."
"fougeres","Surfline (Fougères)","Bretagne","no-official-website","1.1","EUR","GTFS Fares V1 fare attribute","https://static.data.gouv.fr/resources/reseau-urbain-surf/20250926-080752/gtfs-20250926-100314-surf.zip","low","","no-website","","Fare extracted from the current locally available GTFS feed."
"grasse","Sillages (Grasse)","Provence-Alpes-Côte d'Azur","no-official-website","","","","https://static.data.gouv.fr/resources/lignes-regulieres-de-transports-sillages-en-pays-de-grasse-urbain-et-scolaire/20251119-082733/gtfs-urbain-sillages-20251119.zip","unresolved","","no-website","","Feed was inspected but did not contain a usable fare_attributes.txt or fare_products.txt record."
"laon","Laon urbain","Hauts-de-France","official-source-candidate","","","","https://s3.eu-west-1.amazonaws.com/files.orchestra.ratpdev.com/networks/tul-gares/exports/medias.zip","unresolved","http://www.tul-laon.fr","official-source-found","","Feed was inspected but did not contain a usable fare_attributes.txt or fare_products.txt record."
"lens","Tadao (Lens-Liévin)","Hauts-de-France","official-source-candidate","","","","https://chouette.enroute.mobi/api/v1/datas/opendata/gtfs.zip","unresolved","https://www.tadao.fr/","official-source-found","","Feed was inspected but did not contain a usable fare_attributes.txt or fare_products.txt record."
"limoges","STCL (Limoges)","Nouvelle-Aquitaine","official-source-candidate","","","","https://www.pigma.org/public/opendata/nouvelle_aquitaine_mobilites/publication/ca_limoges_metropole-aggregated-gtfs.zip","unresolved","https://www.stcl.fr/","official-source-found","","Feed was inspected but did not contain a usable fare_attributes.txt or fare_products.txt record."
"menton","Zest (Menton)","Provence-Alpes-Côte d'Azur","no-official-website","","","","https://static.data.gouv.fr/resources/horaires-reseau-zest/20260710-140010/gtfs-10072026-0806.zip","unresolved","","no-website","","Feed was inspected but did not contain a usable fare_attributes.txt or fare_products.txt record."
"mont-de-marsan","TMA (Mont-de-Marsan)","Nouvelle-Aquitaine","official-site-inaccessible","","","","https://www.pigma.org/public/opendata/nouvelle_aquitaine_mobilites/publication/ca_du_marsan-aggregated-gtfs.zip","unresolved","https://bustma.com/fr/","site-inaccessible","","Feed was inspected but did not contain a usable fare_attributes.txt or fare_products.txt record."
"montbeliard","Evolity (Montbéliard)","Bourgogne-Franche-Comté","official-source-candidate","","","","https://static.data.gouv.fr/resources/evolity-horaires-theoriques-de-transport-public/20260709-133238/2026-07-13-au-2027-06-11-gtfs-mpm-rs-v2.zip","unresolved","https://www.evolity.fr/","official-source-found","","Feed was inspected but did not contain a usable fare_attributes.txt or fare_products.txt record."
"morlaix","Linéotim (Morlaix)","Bretagne","official-source-candidate","","","","https://www.korrigo.bzh/ftp/OPENDATA/LINEOTIM_Complet.gtfs.zip","unresolved","https://www.lineotim.com/fr/","official-source-found","","Feed was inspected but did not contain a usable fare_attributes.txt or fare_products.txt record."
"nevers","Taneo (Nevers)","Bourgogne-Franche-Comté","official-site-inaccessible","","","","https://static.data.gouv.fr/resources/versions-des-horaires-theoriques-des-lignes-du-reseau-de-bus-au-format-gtfs/20260717-055745/gtfs-2026-ete.zip","unresolved","https://www.taneo-nevers.fr/","site-inaccessible","","Feed was inspected but did not contain a usable fare_attributes.txt or fare_products.txt record."
"niort","TanLib (Niort)","Nouvelle-Aquitaine","official-source-candidate","","","","https://www.pigma.org/public/opendata/nouvelle_aquitaine_mobilites/publication/ca_du_niortais-aggregated-gtfs.zip","unresolved","https://tanlib.com/","official-source-found","","Feed was inspected but did not contain a usable fare_attributes.txt or fare_products.txt record."
"quimperle","TBK (Quimperlé)","Bretagne","official-fare-page-not-found","","","","https://s3.eu-west-1.amazonaws.com/files.orchestra.ratpdev.com/networks/tbk/exports/export-pan.zip","unresolved","http://www.giro.ca","official-fare-page-not-found","","Feed was inspected but did not contain a usable fare_attributes.txt or fare_products.txt record."
"romans","Citéa Romans","Auvergne-Rhône-Alpes","official-source-candidate","","","","https://static.data.gouv.fr/resources/ce-jeu-de-donnees-contient-la-liste-des-arrets-des-horaires-et-des-parcours-theoriques-du-reseau-de-transport-urbain-et-interurbain-de-vrm/20260518-071358/gtfs-citea-20260517-20260628.zip","unresolved","https://www.valenceromansmobilites.fr","official-source-found","","Feed was inspected but did not contain a usable fare_attributes.txt or fare_products.txt record."
"saint-brieuc","TUB (Saint-Brieuc)","Bretagne","no-official-website","","","","https://static.data.gouv.fr/resources/gtfs-du-reseau-de-transports-publics-de-saint-brieuc-armor-agglomeration/20260522-153134/gtfs.zip","unresolved","","no-website","","Feed was inspected but did not contain a usable fare_attributes.txt or fare_products.txt record."
"saint-malo","MAT (Saint-Malo)","Bretagne","official-fare-page-not-found","1.7","EUR","GTFS Fares V1 fare attribute","https://eu.ftp.opendatasoft.com/star/gtfs/GTFS_STAR_BUS_METRO_EN_COURS.zip","low","http://www.star.fr","official-fare-page-not-found","","Fare extracted from the current locally available GTFS feed."
"saint-omer","MouvO (Saint-Omer)","Hauts-de-France","official-fare-page-not-found","","","","https://static.data.gouv.fr/resources/transports-en-commun-audomarois-1/20260430-132927/mouveo.zip","unresolved","http://www.ca-pso.fr","official-fare-page-not-found","","Feed was inspected but did not contain a usable fare_attributes.txt or fare_products.txt record."
"saintes","Buséau (Saintes)","Nouvelle-Aquitaine","official-source-candidate","","","","https://zenbus.net/gtfs/static/download.zip?dataset=buss-cdasaintes","unresolved","https://www.ratpdev.com","official-source-found","","Feed was inspected but did not contain a usable fare_attributes.txt or fare_products.txt record."
"tarbes","TLP Mobilités (Tarbes)","Occitanie","no-official-website","","","","https://static.data.gouv.fr/resources/horaires-theoriques-du-reseau-tarbes-lourdes-tlp-mobilites-gtfs/20260709-103323/ktlp-gtfs-gvs-030826-090826.zip","unresolved","","no-website","","Feed was inspected but did not contain a usable fare_attributes.txt or fare_products.txt record."
"valenciennes","Transvilles (Valenciennes)","Hauts-de-France","official-source-candidate","","","","https://static.data.gouv.fr/resources/horaires-du-reseau-transvilles-au-format-gtfs/20260123-101905/google-transit.zip","unresolved","https://www.transvilles.com/","official-source-found","","Feed was inspected but did not contain a usable fare_attributes.txt or fare_products.txt record."
"vierzon","Le Vib (Vierzon)","Centre-Val de Loire","no-official-website","1","EUR","GTFS Fares V1 fare attribute","https://static.data.gouv.fr/resources/reseau-urbain-le-vib/20260519-052037/gtfs-20260507-172329-levib-hb-pan-du-01-05-26-au-31-08-26.zip","low","","no-website","","Fare extracted from the current locally available GTFS feed."
"albi","LibéA (Albi)","Occitanie","no-official-website","","","","https://static.data.gouv.fr/resources/offre-de-transports-du-grand-albigeois-gtfs/20260623-112718/libea-reseau-urbain.zip","unresolved","","no-website","","Feed was inspected but did not contain a usable fare_attributes.txt or fare_products.txt record."
"ales","Ales'y (Alès)","Occitanie","no-official-website","","","","https://static.data.gouv.fr/resources/horaires-theoriques-des-lignes-urbaines-et-interurbaines-sur-le-reseau-alesy-gtfs/20260622-132552/gtfs-is-20260704.zip","unresolved","","no-website","","Feed was inspected but did not contain a usable fare_attributes.txt or fare_products.txt record."
"angouleme","Möbius (Angoulême)","Nouvelle-Aquitaine","no-official-website","","","","https://static.data.gouv.fr/resources/horaires-theoriques-et-temps-reel-reseau-mobius/20251008-085244/gtfs-mobius-saison25-26-20250930-tad.zip","unresolved","","no-website","","Feed was inspected but did not contain a usable fare_attributes.txt or fare_products.txt record."
"arcachon","Baïa (Bassin d'Arcachon)","Nouvelle-Aquitaine","verified-official","","","","https://www.pigma.org/public/opendata/nouvelle_aquitaine_mobilites/publication/cobas-aggregated-gtfs.zip","unresolved","http://www.bus-baia.fr/","official-source-found","{""slug"":""arcachon"",""agencyName"":""Baïa (Bassin d'Arcachon)"",""amount"":1,""currency"":""EUR"",""fareType"":""one-trip pass"",""payment"":""standard ticket"",""sourceUrl"":""https://www.bus-baia.fr/titres-et-tarifs.html"",""confidence"":""high"",""evidence"":""PASS 1 VOYAGE: €1; Baïa page states the ticket is valid for one trip.""}","Feed was inspected but did not contain a usable fare_attributes.txt or fare_products.txt record."
"argentan","Argentan Bus","Normandie","verified-official","","","","https://static.data.gouv.fr/resources/argentanbus-argentan-intercom/20260710-125655/pt-th-offer-argentanbus-gtfs-20260707-611-opendata-1-.zip","unresolved","https://terresdargentan.fr/argentan-intercom-mobilite/","official-source-found","{""slug"":""argentan"",""agencyName"":""Terres d'Argentan Mobilité"",""amount"":1,""currency"":""EUR"",""fareType"":""one-trip ticket"",""payment"":""Atoumod ticket or mobile ticket"",""sourceUrl"":""https://terresdargentan.fr/argentan-intercom-mobilite/"",""confidence"":""high"",""evidence"":""Tarifs Terres d’Argentan Mobilité: Ticket 1 Voyage €1 for one hour of travel with transfers.""}","Feed was inspected but did not contain a usable fare_attributes.txt or fare_products.txt record."
"auch","Alliance (Auch)","Occitanie","official-source-candidate","","","","https://zenbus.net/gtfs/static/download.zip?dataset=auch-alliance","unresolved","https://www.alliance-bus.com/","official-source-found","","Feed was inspected but did not contain a usable fare_attributes.txt or fare_products.txt record."
"beaune","Côte&Bus (Beaune)","Bourgogne-Franche-Comté","official-source-candidate","","","","https://static.data.gouv.fr/resources/offre-de-transport-de-la-c-a-beaune-cote-sud-gtfs/20251230-134445/gtfs-30-12-2025-04-15.zip","unresolved","https://www.coteetbus.fr","official-source-found","","Feed was inspected but did not contain a usable fare_attributes.txt or fare_products.txt record."
"cavaillon","Cmonbus (Cavaillon)","Provence-Alpes-Côte d'Azur","official-site-inaccessible","","","","https://app.pysae.com/api/v2/groups/cavaillon/gtfs/pub","unresolved","https://www.luberonmontsdevaucluse.fr/agglomeration/c-mon-bus","site-inaccessible","","Feed was inspected but did not contain a usable fare_attributes.txt or fare_products.txt record."
"chamonix","Chamonix Mobilités","Auvergne-Rhône-Alpes","no-official-website","","","","https://static.data.gouv.fr/resources/gtfs-reseau-chamonix-mobilite/20260703-083917/gtfs-chamonix-mobilite-20263006.zip","unresolved","","no-website","","Feed was inspected but did not contain a usable fare_attributes.txt or fare_products.txt record."
"cherbourg","Cap Cotentin (Cherbourg)","Normandie","no-official-website","","","","https://static.data.gouv.fr/resources/horaires-theoriques-et-en-temps-reel-des-bus-et-autocars-circulant-sur-le-reseau-cap-cotentin/20260701-123050/gtfs-capcotentin-010726-au-30082026.zip","unresolved","","no-website","","Feed was inspected but did not contain a usable fare_attributes.txt or fare_products.txt record."
"coutances","Cosibus (Coutances)","Normandie","no-official-website","","","","https://static.data.gouv.fr/resources/cosibus-coutances-mer-et-bocage/20260520-065200/cosibus.zip","unresolved","","no-website","","Feed was inspected but did not contain a usable fare_attributes.txt or fare_products.txt record."
"dinan","Dinamo (Dinan)","Bretagne","no-official-website","","EUR","GTFS zero-fare candidate","https://static.data.gouv.fr/resources/reseau-urbain-dinamo/20260629-151052/gtfs-20260629-162332-dinamo.zip","unresolved","","no-website","","GTFS publishes only zero-value legacy fare attributes; this may be a placeholder and was not treated as proof of free service."
"gap","Trotibus (Gap)","Provence-Alpes-Côte d'Azur","official-site-inaccessible","","","","https://gtfs-rt.infra-hubup.fr/cagtd/current/gtfs","unresolved","https://www.gap-tallard-durance.fr","site-inaccessible","","Feed was inspected but did not contain a usable fare_attributes.txt or fare_products.txt record."
"guingamp","Guingamp-Paimpol Mobilité","Bretagne","no-official-website","1","EUR","GTFS Fares V1 fare attribute","https://static.data.gouv.fr/resources/reseau-urbain-scolaire-guingamp-paimpol-mobilite/20260121-175558/reseau-urbain-et-scolaire-guingamppaimpol-mobilite.zip","low","","no-website","","Fare extracted from the current locally available GTFS feed."
"libourne","Calibus (Libourne)","Nouvelle-Aquitaine","official-fare-page-not-found","","","","https://www.pigma.org/public/opendata/nouvelle_aquitaine_mobilites/publication/ca_du_libournais-aggregated-gtfs.zip","unresolved","https://www.calibus.fr","official-fare-page-not-found","","Feed was inspected but did not contain a usable fare_attributes.txt or fare_products.txt record."
"louviers","SEMO (Louviers)","Normandie","no-official-website","","","","https://static.data.gouv.fr/resources/semo-val-de-reuil-louviers-seine-eure-agglo/20251218-104416/pt-th-offer-semo-gtfs-20251216-761-opendata.zip","unresolved","","no-website","","Feed was inspected but did not contain a usable fare_attributes.txt or fare_products.txt record."
"montauban","TM (Montauban)","Occitanie","no-official-website","","","","https://static.data.gouv.fr/resources/gtfs-de-la-societe-de-transport-urbain-du-grand-montauban-semtm/20251215-085859/gtfs-dec25-v3.zip","unresolved","","no-website","","Feed was inspected but did not contain a usable fare_attributes.txt or fare_products.txt record."
"moulins","Aléo (Moulins)","Auvergne-Rhône-Alpes","official-site-inaccessible","","","","https://api.pysae.com/api/v4/groups/moulins/gtfs/pub","unresolved","https://www.aleo-moulins.fr/","site-inaccessible","","Feed was inspected but did not contain a usable fare_attributes.txt or fare_products.txt record."
"oyonnax","Duobus (Oyonnax)","Auvergne-Rhône-Alpes","official-source-candidate","","","","https://api.oura3.cityway.fr/dataflow/offre-tc/download?provider=OYONNAX&dataFormat=GTFS&dataProfil=OPENDATA","unresolved","https://www.duobus.fr/","official-source-found","","Feed was inspected but did not contain a usable fare_attributes.txt or fare_products.txt record."
"porto-vecchio","A Citadina (Porto-Vecchio)","Corse","official-fare-page-not-found","","","","https://pysae.com/api/v2/groups/porto-vecchio/gtfs/pub","unresolved","https://acitadina.fr/","official-fare-page-not-found","","Feed was inspected but did not contain a usable fare_attributes.txt or fare_products.txt record."
"privas","T'CAP (Privas)","Auvergne-Rhône-Alpes","no-official-website","","","","https://static.data.gouv.fr/resources/reseau-urbain-interurbain-et-scolaire-de-la-communaute-dagglomeration-privas-centre-ardeche/20250917-112833/gtfs-dsp-tcap-17-09-25.zip","unresolved","","no-website","","Feed was inspected but did not contain a usable fare_attributes.txt or fare_products.txt record."
"saint-quentin","TUC (Saint-Quentin)","Hauts-de-France","no-official-website","","","","https://static.data.gouv.fr/resources/donnees-gtfs-reseau-tuc-communaute-dagglomeration-de-cambrai/20260324-131607/rhdf-gtfs-cac-tuc-24-03-26.zip","unresolved","","no-website","","Feed was inspected but did not contain a usable fare_attributes.txt or fare_products.txt record."
"selestat","ELSA (Sélestat)","Grand Est","official-source-candidate","","","","https://api.grandest2.cityway.fr/exs/GTFS?Key=OPENDATA&OperatorCode=CCSelestat","unresolved","https://elsa-mobilites.fr/","official-source-found","","Feed was inspected but did not contain a usable fare_attributes.txt or fare_products.txt record."
"vichy","MobiVie (Vichy)","Auvergne-Rhône-Alpes","no-official-website","","","","https://static.data.gouv.fr/resources/mobivie-reseau-urbain-vichy-communaute/20250813-081437/gtfs-01092025-31072026.zip","unresolved","","no-website","","Feed was inspected but did not contain a usable fare_attributes.txt or fare_products.txt record."
"villeneuve-sur-lot","Elios (Villeneuve-sur-Lot)","Nouvelle-Aquitaine","no-official-website","","","","https://static.data.gouv.fr/resources/elios-transports-urbains-du-grand-villeneuvois/20250902-085502/gtfs-elios-grand-villeneuvois-septembre-2025.zip","unresolved","","no-website","","Feed was inspected but did not contain a usable fare_attributes.txt or fare_products.txt record."
"aix-les-bains","Aix-les-Bains","Auvergne-Rhône-Alpes","verified-official","","","","https://s3.eu-west-1.amazonaws.com/files.orchestra.ratpdev.com/networks/ctlb-aix-les-bains/exports/pan.zip","unresolved","https://www.ondea-bus.fr","official-source-found","{""slug"":""aix-les-bains"",""agencyName"":""Ondéa Grand Lac"",""amount"":1.7,""currency"":""EUR"",""fareType"":""adult one-trip ticket"",""payment"":""standard ticket or mobile ticket"",""sourceUrl"":""https://www.ondeagrandlac.fr/tarifs/choisir-son-titre"",""effectiveDate"":""2026-07-01"",""confidence"":""high"",""evidence"":""Titres pour tous, tariffs applicable from July 1, 2026: Titre 1 voyage à bord des bus €1.70; mobile ticket is also €1.70.""}","Feed was inspected but did not contain a usable fare_attributes.txt or fare_products.txt record."
"amberieu","Ambérieu","Auvergne-Rhône-Alpes","official-source-candidate","","","","https://api.oura3.cityway.fr/dataflow/offre-tc/download?provider=TAM&dataFormat=GTFS&dataProfil=OPENDATA","unresolved","https://www.laregionvoustransporte.fr","official-source-found","","Feed was inspected but did not contain a usable fare_attributes.txt or fare_products.txt record."
"chalons","SITAC (Châlons)","Grand Est","official-fare-page-not-found","","","","https://api.grandest2.cityway.fr/exs/GTFS?Key=OPENDATA&OperatorCode=CEC","unresolved","http://www.businfo-groupe.com","official-fare-page-not-found","","Feed was inspected but did not contain a usable fare_attributes.txt or fare_products.txt record."
"cosne","Cosne-Cours-sur-Loire","Bourgogne-Franche-Comté","official-fare-page-not-found","","","","https://api.pysae.com/api/v4/groups/coeur-de-loire/gtfs/pub","unresolved","https://www.coeurdeloire.fr/","official-fare-page-not-found","","Feed was inspected but did not contain a usable fare_attributes.txt or fare_products.txt record."
"dole","Dole","Bourgogne-Franche-Comté","no-official-website","","","","https://static.data.gouv.fr/resources/reseau-de-transport-du-grand-dole/20260219-150623/gtfs-dole.zip","unresolved","","no-website","","Feed was inspected but did not contain a usable fare_attributes.txt or fare_products.txt record."
"draguignan","TedBus (Draguignan)","Provence-Alpes-Côte d'Azur","verified-official","","","","https://www.datasud.fr/fr/dataset/datasets/1760/resource/2210/download/","unresolved","http://www.tedbus.com","official-source-found","{""slug"":""draguignan"",""agencyName"":""TedBus (Draguignan)"",""amount"":1.4,""currency"":""EUR"",""fareType"":""standard one-unit ticket"",""payment"":""onboard or TixiPass app"",""sourceUrl"":""https://tedbus.dracenie.com/tarifs/"",""effectiveDate"":""2023-09-01"",""confidence"":""medium"",""evidence"":""Official tariff page says tariffs apply from September 1, 2023 and lists the standard Unitaire fare at €1.40; reduced and pass products are listed separately.""}","Feed was inspected but did not contain a usable fare_attributes.txt or fare_products.txt record."
"dreux","Dreux","Centre-Val de Loire","official-fare-page-not-found","","","","https://fr.ftp.opendatasoft.com/centrevaldeloire/OKINAGTFS/GTFS_AO/DREUX.zip","unresolved","http://www.linead.fr/","official-fare-page-not-found","","Feed was inspected but did not contain a usable fare_attributes.txt or fare_products.txt record."
"fecamp","Fécamp","Normandie","no-official-website","","","","https://static.data.gouv.fr/resources/ficibus-fecamp-caux-littoral/20260128-093227/ficibus.zip","unresolved","","no-website","","Feed was inspected but did not contain a usable fare_attributes.txt or fare_products.txt record."
"figeac","Figeac","Occitanie","official-fare-page-not-found","","","","https://zenbus.net/gtfs/static/download.zip?dataset=figeac","unresolved","http://www.cars-delbos.com/","official-fare-page-not-found","","Feed was inspected but did not contain a usable fare_attributes.txt or fare_products.txt record."
"flers","Flers","Normandie","official-fare-page-not-found","","","","https://static.data.gouv.fr/resources/donnees-theoriques-du-reseau-urbain-de-flers-agglo-au-format-gtfs/20260414-121512/nemus-gtfs-du-01-01-26-au-31-12-26.zip","unresolved","http://www.flers-agglo.fr/cadre-de-vie/transport-et-mobilite/transports-urbains-transports-a-la-demande-tad/","official-fare-page-not-found","","Feed was inspected but did not contain a usable fare_attributes.txt or fare_products.txt record."
"haguenau","Haguenau","Grand Est","official-source-candidate","","","","https://zenbus.net/gtfs/static/download.zip?dataset=haguenau","unresolved","https:\\www.ritmo.fr","official-source-found","","Feed was inspected but did not contain a usable fare_attributes.txt or fare_products.txt record."
"la-roche-sur-yon","Impulsyon (La Roche-sur-Yon)","Pays de la Loire","official-fare-page-not-found","","","","https://s3.eu-west-1.amazonaws.com/files.orchestra.ratpdev.com/networks/impulsyon/exports/medias.zip","unresolved","https://orchestra.ratpdev.com","official-fare-page-not-found","","Feed was inspected but did not contain a usable fare_attributes.txt or fare_products.txt record."
"lannion","TILT (Lannion)","Bretagne","official-fare-page-not-found","","","","https://www.korrigo.bzh/ftp/OPENDATA/TILT.gtfs.zip","unresolved","https://www.lannion-tregor.com/fr/deplacements.html","official-fare-page-not-found","","Feed was inspected but did not contain a usable fare_attributes.txt or fare_products.txt record."
"manosque","TransAgglo (Manosque)","Provence-Alpes-Côte d'Azur","official-source-candidate","","","","https://static.data.gouv.fr/resources/reseau-de-transport-en-commun-trans-agglo-de-dlva/20260107-075252/gtfs-695e0e00e75be-0701.zip","unresolved","https://mobilite.dlva.fr/","official-source-found","","Feed was inspected but did not contain a usable fare_attributes.txt or fare_products.txt record."
"mende","Mende","Occitanie","no-official-website","","","","https://zenbus.net/gtfs/static/download.zip?dataset=tum","unresolved","","no-website","","Feed was inspected but did not contain a usable fare_attributes.txt or fare_products.txt record."
"narbonne","Citibus (Narbonne)","Occitanie","official-source-candidate","","","","https://s3.eu-west-1.amazonaws.com/files.orchestra.ratpdev.com/networks/narbonne/exports/scolaires-sans-tad.zip","unresolved","https://www.citibus.fr","official-source-found","","Feed was inspected but did not contain a usable fare_attributes.txt or fare_products.txt record."
"oloron","Oloron-Sainte-Marie","Nouvelle-Aquitaine","official-fare-page-not-found","","","","https://zenbus.net/gtfs/static/download.zip?dataset=oloron","unresolved","http://www.oloron-ste-marie.fr/","official-fare-page-not-found","","Feed was inspected but did not contain a usable fare_attributes.txt or fare_products.txt record."
"pont-audemer","Pont-Audemer","Normandie","official-source-candidate","","","","https://static.data.gouv.fr/resources/le-bus-pont-audemer-val-de-risle/20250819-074312/pt-th-offer-lebus-gtfs-20250812-817-opendata.zip","unresolved","https://www.ville-pont-audemer.fr/vivre-ici/environnement-cadre-de-vie-transports/transports-2/transports/","official-source-found","","Feed was inspected but did not contain a usable fare_attributes.txt or fare_products.txt record."
"redon","Redon","Bretagne","official-source-candidate","","","","https://static.data.gouv.fr/resources/reseau-urbain-de-redon-agglomeration/20251017-090411/518-20251014.zip","unresolved","https://www.red.bzh/","official-source-found","","Feed was inspected but did not contain a usable fare_attributes.txt or fare_products.txt record."
"rumilly","Rumilly","Auvergne-Rhône-Alpes","no-official-website","","","","https://static.data.gouv.fr/resources/offre-de-transports-jybus-a-rumilly/20260615-154800/gtfs-jybus.zip","unresolved","","no-website","","Feed was inspected but did not contain a usable fare_attributes.txt or fare_products.txt record."
"sarlat","Sarlat","Nouvelle-Aquitaine","official-source-candidate","","","","https://zenbus.net/gtfs/static/download.zip?dataset=Sarlat","unresolved","https://perigord-voyagessarl.com/","official-source-found","","Feed was inspected but did not contain a usable fare_attributes.txt or fare_products.txt record."
"saumur","Saumur Agglobus","Pays de la Loire","official-source-candidate","","","","https://mobi-iti-pdl.okina.fr/static/mobiiti_saumur_val_de_loire/gtfs_imported-id_saumur.zip","unresolved","https://ogalosaumurvaldeloire.anvergur.org/ogalosaumurvaldeloire/#!","official-source-found","","Feed was inspected but did not contain a usable fare_attributes.txt or fare_products.txt record."
"sete","Sète","Occitanie","official-source-candidate","1.3","EUR","GTFS Fares V2 base product","https://drive.google.com/uc?export=download&id=1PUISUlg0tpVFTdr7NOzJ2w9KthNXpQNn","medium","https://www.mobilite.agglopole.fr/","official-source-found","","Feed publishes multiple products; discounted, special, or non-core products were excluded where identifiable, then the lowest positive core candidate was retained."
"thiers","Thiers","Auvergne-Rhône-Alpes","official-site-inaccessible","","","","https://api.oura3.cityway.fr/dataflow/offre-tc/download?provider=THIERS&dataFormat=GTFS&dataProfil=OPENDATA","unresolved","http://www.bus-tut.com","site-inaccessible","","Feed was inspected but did not contain a usable fare_attributes.txt or fare_products.txt record."
"vendome","Vendôme","Centre-Val de Loire","official-source-candidate","","","","https://app.pysae.com/api/v2/groups/vendome/gtfs/676e649e1b7a2efbadbbe403","unresolved","https://move-vendomois.fr/","official-source-found","","Feed was inspected but did not contain a usable fare_attributes.txt or fare_products.txt record."
"vesoul","Vesoul","Bourgogne-Franche-Comté","no-official-website","","","","https://static.data.gouv.fr/resources/horaires-theoriques-du-reseau-moova-communaute-dagglomeration-de-vesoul-gtfs/20260326-155123/gtfs-vesoul.zip","unresolved","","no-website","","Feed was inspected but did not contain a usable fare_attributes.txt or fare_products.txt record."
"godurham","GoDurham","North Carolina","official-source-candidate","4.4","CAD","GTFS Fares V1 fare attribute","https://godurham.rideralerts.com/InfoPoint/GTFS-Zip.ashx","low","https://godurhamtransit.org/","official-source-found","","Feed publishes multiple products; discounted, special, or non-core products were excluded where identifiable, then the lowest positive core candidate was retained."
"jacksonville-nc","Jacksonville Transit","North Carolina","official-source-candidate","","","","https://passio3.com/jacksonville/passioTransit/gtfs/google_transit.zip","unresolved","https://jacksonvillenc.gov/224/Jacksonville-Transit","official-source-found","","Feed was inspected but did not contain a usable fare_attributes.txt or fare_products.txt record."
"fast-nc","Fayetteville Area System of Transit","North Carolina","official-site-inaccessible","","","","https://fast.transloc.com/Secure/Admin/Reports/GTFSDownload.aspx","unresolved","fast.transloc.com","site-inaccessible","","Feed was inspected but did not contain a usable fare_attributes.txt or fare_products.txt record."
"greenway","Greenway Public Transportation","North Carolina","official-source-candidate","","","","https://gtfs.transitportal.org/CurrentGTFS/Western%20Piedmont%20Regional%20Transportation%20Association_3/WPRTA.zip","unresolved","http://www.mygreenway.org/","official-source-found","","Feed was inspected but did not contain a usable fare_attributes.txt or fare_products.txt record."
"concord-kannapolis","Rider Transit","North Carolina","official-fare-page-not-found","","","","https://gtfs.transitportal.org/CurrentGTFS/Concord%20Kannapolis_209/CKRider.zip","unresolved","http://trackingckrider.com","official-fare-page-not-found","","Feed was inspected but did not contain a usable fare_attributes.txt or fare_products.txt record."
"gaston-county","Gaston County Transit","North Carolina","official-fare-page-not-found","","","","https://gtfs.transitportal.org/CurrentGTFS/Gaston%20County_71/Gaston.zip","unresolved","http://www.gastongov.com/government/departments/health_and_human_services/social_services/access.php","official-fare-page-not-found","","Feed was inspected but did not contain a usable fare_attributes.txt or fare_products.txt record."
"coast-rta","Coast RTA","South Carolina","official-fare-page-not-found","","","","https://coastrta.transloc.com/Secure/Admin/Reports/GTFSDownload.aspx","unresolved","https://coastrta.transloc.com","official-fare-page-not-found","","Feed was inspected but did not contain a usable fare_attributes.txt or fare_products.txt record."
"sunshine-bus","Sunshine Bus Company","Florida","official-source-candidate","4","USD","GTFS Fares V1 fare attribute","https://www.ftis.org/PostFileDownload.aspx?id=1011A0","low","http://www.sunshinebus.net/","official-source-found","","Fare extracted from the current locally available GTFS feed."
"key-west-transit","Key West Transit","Florida","official-site-inaccessible","","","","https://www.ftis.org/PostFileDownload.aspx?id=962A0","unresolved","https://kwtransit.com","site-inaccessible","","Feed was inspected but did not contain a usable fare_attributes.txt or fare_products.txt record."
"citylink-north","Kootenai County Citylink North","Idaho","official-fare-page-not-found","","","","https://passio3.com/kootenai/passioTransit/gtfs/google_transit.zip","unresolved","https://www.kcgov.us/486/Transit-Services","official-fare-page-not-found","","Feed was inspected but did not contain a usable fare_attributes.txt or fare_products.txt record."
"dcta","Denton County Transportation Authority (DCTA)","Texas","official-source-candidate","0.75","USD","GTFS Fares V1 fare attribute","https://gtfs.remix.com/dcta_denton_tx_us.zip","low","http://www.dcta.net","official-source-found","","Feed publishes multiple products; discounted, special, or non-core products were excluded where identifiable, then the lowest positive core candidate was retained."
"waco","Waco Transit System","Texas","official-fare-page-not-found","","","","https://wacotransit.ridesystems.net/Secure/Admin/Reports/GTFSDownload.aspx","unresolved","https://wacotransit.transloc.com","official-fare-page-not-found","","Feed was inspected but did not contain a usable fare_attributes.txt or fare_products.txt record."
"brazos","Brazos Transit District","Texas","verified-official","","","","https://www.btd.org/2025btdgtfs/","unresolved","https://www.btd.org/","official-source-found","{""slug"":""brazos"",""agencyName"":""Brazos Transit District"",""amount"":1,""currency"":""USD"",""fareType"":""general public fixed-route one-way fare"",""payment"":""cash"",""sourceUrl"":""https://www.btd.org/fixed-routes/rates/#s-pass"",""confidence"":""high"",""evidence"":""Official Fixed Route Rates table lists General Public one-way cash fare at $1.00; reduced fares and passes are listed separately.""}","Feed was inspected but did not contain a usable fare_attributes.txt or fare_products.txt record."
"lafayette-la","Lafayette Transit System","Louisiana","official-site-inaccessible","","","","https://lts.syncromatics.com/gtfs","unresolved","https://www.ridelts.com/","site-inaccessible","","Feed was inspected but did not contain a usable fare_attributes.txt or fare_products.txt record."
"coast-transit-ms","Coast Transit Authority","Mississippi","verified-official","","","","https://coasttransit.com/wp-content/uploads/2026/03/CTA_MS_GTFS-1.zip","unresolved","https://coasttransit.com/","official-source-found","{""slug"":""coast-transit-ms"",""agencyName"":""Coast Transit Authority"",""amount"":1.75,""currency"":""USD"",""fareType"":""regular adult single ride"",""payment"":""cash"",""sourceUrl"":""https://coasttransit.com/bus-fares-fare-zones/"",""confidence"":""high"",""evidence"":""Official fare-zone table lists Regular Adult Fare (Single Ride) at $1.75; zone crossings require additional fares and reduced categories are listed separately.""}","Feed was inspected but did not contain a usable fare_attributes.txt or fare_products.txt record."
"hub-city-transit","Hub City Transit","Mississippi","official-source-candidate","","","","https://api.transloc.com/gtfs/hct.zip","unresolved","http://www.hattiesburgms.com/government/departments/urban-development/hub-city-transit/","official-source-found","","Feed was inspected but did not contain a usable fare_attributes.txt or fare_products.txt record."
"tank","Transit Authority of Northern Kentucky (TANK)","Kentucky","official-source-candidate","","USD","GTFS zero-fare candidate","https://tank.rideralerts.com/InfoPoint/GTFS-Zip.ashx","unresolved","https://www.tankbus.org/","official-source-found","","GTFS publishes only zero-value legacy fare attributes; this may be a placeholder and was not treated as proof of free service."
"sandusky","Sandusky Transit System","Ohio","official-source-candidate","2","USD","GTFS Fares V1 fare attribute","https://mjcaction.com/MJC_GTFS_Public/sandusky_google_transit.zip","low","https://www.cityofsandusky.com/community/sandusky_transit_system/index.php","official-source-found","","Fare extracted from the current locally available GTFS feed."
"bay-metro","Bay Metro (Bay City)","Michigan","verified-official","1","USD","GTFS Fares V1 fare attribute","https://rapid.nationalrtap.org/GTFSFileManagement/UserUploadFiles/11684/BMTA_GTFS.zip","low","https://www.baymetro.com","official-source-found","{""slug"":""bay-metro"",""agencyName"":""Bay Metro (Bay City)"",""amount"":1.5,""currency"":""USD"",""fareType"":""single ride"",""payment"":""standard fare"",""sourceUrl"":""https://baymetro.com/services-fares/"",""confidence"":""high"",""evidence"":""Fares section lists Single Ride at $1.50; Bay Dart demand-response fares are listed separately.""}","Fare extracted from the current locally available GTFS feed."
"burlington-ia","Burlington Urban Service (BUS)","Iowa","verified-official","","","","https://data.trilliumtransit.com/gtfs/burlington-ia-us/burlington-ia-us.zip","unresolved","http://www.burlingtoniowa.org/2265/Burlington-Urban-Service-BUS","official-source-found","{""slug"":""burlington-ia"",""agencyName"":""Burlington Urban Service (BUS)"",""amount"":1.25,""currency"":""USD"",""fareType"":""cash one-way fare"",""payment"":""cash"",""sourceUrl"":""http://www.burlingtoniowa.org/2265/Burlington-Urban-Service-BUS"",""confidence"":""high"",""evidence"":""Official Transit Fare Rates table lists Cash Fare at $1.25; monthly, half-month, annual, and school passes are listed separately.""}","Feed was inspected but did not contain a usable fare_attributes.txt or fare_products.txt record."
"jefftran","Jefferson City Transit (JeffTran)","Missouri","official-source-candidate","","","","https://jctgtfsdownload.itcurves.us/DownloadGtfs","unresolved","https://www.jeffersoncitymo.gov/government/transit","official-source-found","","Feed was inspected but did not contain a usable fare_attributes.txt or fare_products.txt record."
"muskegon","Muskegon Area Transit System","Michigan","official-source-candidate","4.4","CAD","GTFS Fares V1 fare attribute","https://muskegon.connexionz.net/rtt/public/resource/gtfs.zip","low","https://matsbus.com/","official-source-found","","Feed publishes multiple products; discounted, special, or non-core products were excluded where identifiable, then the lowest positive core candidate was retained."
"telluride","Town of Telluride (Galloping Goose)","Colorado","official-source-candidate","2","USD","GTFS Fares V1 fare attribute","https://data.trilliumtransit.com/gtfs/sanmiguelcounty-co-us/sanmiguelcounty-co-us--flex-v2.zip","low","https://www.telluride.gov/254/Transit-Division","official-source-found","","Feed publishes multiple products; discounted, special, or non-core products were excluded where identifiable, then the lowest positive core candidate was retained."
"mountain-village","Town of Mountain Village Transit","Colorado","official-source-candidate","2","USD","GTFS Fares V1 fare attribute","https://data.trilliumtransit.com/gtfs/sanmiguelcounty-co-us/sanmiguelcounty-co-us--flex-v2.zip","low","https://townofmountainvillage.com/getting-around/","official-source-found","","Feed publishes multiple products; discounted, special, or non-core products were excluded where identifiable, then the lowest positive core candidate was retained."
"smart-telluride","San Miguel Authority for Regional Transportation (SMART)","Colorado","official-fare-page-not-found","2","USD","GTFS Fares V1 fare attribute","https://data.trilliumtransit.com/gtfs/sanmiguelcounty-co-us/sanmiguelcounty-co-us--flex-v2.zip","low","https://smarttelluride.colorado.gov/","official-fare-page-not-found","","Feed publishes multiple products; discounted, special, or non-core products were excluded where identifiable, then the lowest positive core candidate was retained."
"snowmass-village","Snowmass Village Shuttle","Colorado","official-source-candidate","","","","https://data.trilliumtransit.com/gtfs/snowmassvillagetransportation-co-us/snowmassvillagetransportation-co-us.zip","unresolved","https://www.snowmasstransit.com/133/Routes-Schedules","official-source-found","","Feed was inspected but did not contain a usable fare_attributes.txt or fare_products.txt record."
"winter-park","The Lift","Colorado","official-fare-page-not-found","","","","https://theliftwp.ridesystems.net/Secure/Admin/Reports/GTFSDownload.aspx","unresolved","https://www.theliftwp.com/","official-fare-page-not-found","","Feed was inspected but did not contain a usable fare_attributes.txt or fare_products.txt record."
"roundabout","Clear Creek County Transit (RoundAbout)","Colorado","official-source-candidate","","","","https://data.trilliumtransit.com/gtfs/clearcreek-co-us/clearcreek-co-us.zip","unresolved","https://www.clearcreekcounty.us/857/RoundAbout-Bus-Service","official-source-found","","Feed was inspected but did not contain a usable fare_attributes.txt or fare_products.txt record."
"breck-free-ride","Breckenridge Free Ride","Colorado","official-fare-page-not-found","","","","https://mybreckfreeride.com/gtfs","unresolved","https://www.breckfreeride.com/","official-fare-page-not-found","","Feed was inspected but did not contain a usable fare_attributes.txt or fare_products.txt record."
"summit-stage","Summit Stage","Colorado","official-source-candidate","2","USD","GTFS Fares V1 fare attribute","https://data.trilliumtransit.com/gtfs/summitstage-co-us/summitstage-co-us.zip","low","https://www.summitcountyco.gov/586/Transit-Summit-Stage","official-source-found","","Feed publishes multiple products; discounted, special, or non-core products were excluded where identifiable, then the lowest positive core candidate was retained."
"vail-transit","Vail Transit","Colorado","official-fare-page-not-found","","","","https://ride.vail.gov/gtfs","unresolved","https://www.vail.gov/government/departments/transportation-services/bus-information","official-fare-page-not-found","","Feed was inspected but did not contain a usable fare_attributes.txt or fare_products.txt record."
"avon-transit","Avon Transit","Colorado","official-source-candidate","0","USD","GTFS Fares V2 base product","https://www.avon.org/DocumentCenter/View/25051/TownOfAvon_gtfs","medium","https://www.avon.org/2038/Mobility","official-source-found","","Fare extracted from the current locally available GTFS feed."
"timmins","Timmins Transit","Ontario","official-source-candidate","","","","https://metrolinx.tmix.se/gtfs/gtfs-timmins.zip","unresolved","https://www.timmins.ca/our_services/timmins_transit","official-source-found","","Feed was inspected but did not contain a usable fare_attributes.txt or fare_products.txt record."
"casper","Casper Area Transit","Wyoming","official-source-candidate","","","","https://passio3.com/casper/passioTransit/gtfs/google_transit.zip","unresolved","https://www.cityofcasperwy.com/residents/roads_and_parking/metropolitan_planning_organization/casper_area_transit_/","official-source-found","","Feed was inspected but did not contain a usable fare_attributes.txt or fare_products.txt record."
