slug,agencyName,region,amount,currency,fareType,label,sourceUrl,sourceType,effectiveDate,researchDate,confidence,status,notes
"barrie","Barrie Transit","Ontario","","","","","http://www.myridebarrie.ca/gtfs/google_transit.zip","agency-feed","","2026-09-29","unresolved","no fare found","Feed was inspected but did not contain a usable fare_attributes.txt or fare_products.txt record."
"belleville","Belleville Transit","Ontario","","","","","https://metrolinx.tmix.se/gtfs/gtfs-belleville.zip","agency-feed","","2026-09-29","unresolved","no fare found","Feed was inspected but did not contain a usable fare_attributes.txt or fare_products.txt record."
"brampton","Brampton Transit","Ontario","4.75","CAD","GTFS Fares V1 fare attribute","1","https://www.arcgis.com/sharing/rest/content/items/a355aabd5a8c490186bdce559c9c75fb/data","gtfs","20261101","2026-09-29","low","confirmed","Fare extracted from the current locally available GTFS feed."
"burlington","Burlington Transit","Ontario","3.75","CAD","GTFS Fares V1 fare attribute","Bur-cash","https://opendata.burlington.ca/gtfs-rt/GTFS_Data.zip","gtfs","20261031","2026-09-29","low","confirmed","Fare extracted from the current locally available GTFS feed."
"chatham-kent","Ride CK","Ontario","","","","","https://ck.usetransit.com/api/1/public/gtfs/5/gtfs.zip?token=eddbcb1b954b64461!!9687922751$-$@9cc77671a2df2f^","agency-feed","","2026-09-29","unresolved","no fare found","Feed was inspected but did not contain a usable fare_attributes.txt or fare_products.txt record."
"cornwall","Cornwall Transit","Ontario","","","","","https://metrolinx.tmix.se/gtfs/gtfs-cornwall.zip","agency-feed","","2026-09-29","unresolved","no fare found","Feed was inspected but did not contain a usable fare_attributes.txt or fare_products.txt record."
"drt","Durham Region Transit","Ontario","4.75","CAD","GTFS Fares V1 fare attribute","adult","https://maps.durham.ca/OpenDataGTFS/GTFS_Durham_TXT.zip","gtfs","","2026-09-29","low","confirmed","Fare extracted from the current locally available GTFS feed."
"go","GO Transit","Ontario","4.4","CAD","GTFS Fares V1 fare attribute","111-111","https://assets.metrolinx.com/raw/upload/Documents/Metrolinx/Open%20Data/GO-GTFS.zip","gtfs","20260904","2026-09-29","low","partially confirmed","Feed publishes multiple products; discounted, special, or non-core products were excluded where identifiable, then the lowest positive core candidate was retained."
"grt","Grand River Transit (Waterloo Region)","Ontario","1","USD","GTFS Fares V1 fare attribute","1","https://storage.googleapis.com/storage/v1/b/mdb-latest/o/ca-ontario-grand-river-transit-gtfs-721.zip?alt=media","gtfs","20270103","2026-09-29","low","confirmed","Fare extracted from the current locally available GTFS feed."
"guelph","Guelph Transit","Ontario","","","","","https://drive.usercontent.google.com/download?id=1SsCgQ0agO_EONavJoOuBPMlbcu2VcUs4&export=download","agency-feed","","2026-09-29","unresolved","no fare found","Feed was inspected but did not contain a usable fare_attributes.txt or fare_products.txt record."
"hamilton","Hamilton Street Railway","Ontario","3.75","CAD","GTFS Fares V1 fare attribute","only_fare","https://opendata.hamilton.ca/GTFS-Static/google_transit.zip","gtfs","20261226","2026-09-29","low","confirmed","Fare extracted from the current locally available GTFS feed."
"kingston","Kingston Transit","Ontario","","","","","https://api.cityofkingston.ca/gtfs/gtfs.zip","agency-feed","","2026-09-29","unresolved","no fare found","Feed was inspected but did not contain a usable fare_attributes.txt or fare_products.txt record."
"london","London Transit","Ontario","","","","","https://www.londontransit.ca/gtfsfeed/google_transit.zip","agency-feed","","2026-09-29","unresolved","no fare found","Feed was inspected but did not contain a usable fare_attributes.txt or fare_products.txt record."
"miway","MiWay (Mississauga)","Ontario","","","","","https://www.miapp.ca/GTFS/google_transit.zip","agency-feed","","2026-09-29","unresolved","no fare found","Feed was inspected but did not contain a usable fare_attributes.txt or fare_products.txt record."
"milton","Milton Transit","Ontario","","","","","http://metrolinx.tmix.se/gtfs/gtfs-milton.zip","agency-feed","","2026-09-29","unresolved","no fare found","Feed was inspected but did not contain a usable fare_attributes.txt or fare_products.txt record."
"niagara","Niagara Transit","Ontario","3.5","CAD","GTFS Fares V1 fare attribute","1","http://68.71.24.110/gtfs/GTFSExport.zip","gtfs","20260905","2026-09-29","low","partially confirmed","Feed publishes multiple products; discounted, special, or non-core products were excluded where identifiable, then the lowest positive core candidate was retained."
"octranspo","OC Transpo (Ottawa)","Ontario","","","","","https://oct-gtfs-emasagcnfmcgeham.z01.azurefd.net/public-access/GTFSExport.zip","agency-feed","","2026-09-29","unresolved","no fare found","Feed was inspected but did not contain a usable fare_attributes.txt or fare_products.txt record."
"oakville","Oakville Transit","Ontario","","","","","https://www.arcgis.com/sharing/rest/content/items/d78a1c1ad6a940009de8b68839a8f606/data","agency-feed","","2026-09-29","unresolved","no fare found","Feed was inspected but did not contain a usable fare_attributes.txt or fare_products.txt record."
"orangeville","Orangeville Transit","Ontario","","","","","http://metrolinx.tmix.se/gtfs/gtfs-orangeville.zip","agency-feed","","2026-09-29","unresolved","no fare found","Feed was inspected but did not contain a usable fare_attributes.txt or fare_products.txt record."
"orillia","Orillia Transit","Ontario","","","","","http://metrolinx.tmix.se/gtfs/gtfs-orillia.zip","agency-feed","","2026-09-29","unresolved","no fare found","Feed was inspected but did not contain a usable fare_attributes.txt or fare_products.txt record."
"owen-sound","Owen Sound Transit","Ontario","","","","","http://metrolinx.tmix.se/gtfs/gtfs-owensound.zip","agency-feed","","2026-09-29","unresolved","no fare found","Feed was inspected but did not contain a usable fare_attributes.txt or fare_products.txt record."
"north-bay","North Bay Transit","Ontario","3","CAD","GTFS Fares V1 fare attribute","FARE01","https://northbay.tmix.se/gtfs/gtfs.zip","gtfs","20270428","2026-09-29","low","confirmed","Fare extracted from the current locally available GTFS feed."
"sarnia","Sarnia Transit","Ontario","","","","","http://metrolinx.tmix.se/gtfs/gtfs-sarnia.zip","agency-feed","","2026-09-29","unresolved","no fare found","Feed was inspected but did not contain a usable fare_attributes.txt or fare_products.txt record."
"simcoe","Simcoe County LINX","Ontario","","","","","http://metrolinx.tmix.se/gtfs/gtfs-simcoe.zip","agency-feed","","2026-09-29","unresolved","no fare found","Feed was inspected but did not contain a usable fare_attributes.txt or fare_products.txt record."
"st-thomas","St. Thomas Transit","Ontario","","","","","http://metrolinx.tmix.se/gtfs/gtfs-stthomas.zip","agency-feed","","2026-09-29","unresolved","no fare found","Feed was inspected but did not contain a usable fare_attributes.txt or fare_products.txt record."
"stratford","Stratford Transit","Ontario","","","","","https://metrolinx.tmix.se/gtfs/gtfs-stratford.zip","agency-feed","","2026-09-29","unresolved","no fare found","Feed was inspected but did not contain a usable fare_attributes.txt or fare_products.txt record."
"ttc","Toronto Transit Commission","Ontario","","USD","GTFS zero-fare candidate","","https://ckan0.cf.opendata.inter.prod-toronto.ca/dataset/7795b45e-e65a-4465-81fc-c36b9dfff169/resource/cfb6b2b8-6191-41e3-bda1-b175c51148cb/download/TTC%20Routes%20and%20Schedules%20Data.zip","gtfs","20260606","2026-09-29","unresolved","unresolved","GTFS publishes only zero-value legacy fare attributes; this may be a placeholder and was not treated as proof of free service."
"windsor","Transit Windsor","Ontario","","","","","https://opendata.citywindsor.ca/Uploads/google_transit.zip","agency-feed","","2026-09-29","unresolved","no fare found","Feed was inspected but did not contain a usable fare_attributes.txt or fare_products.txt record."
"upexpress","UP Express (Toronto)","Ontario","","","","","https://assets.metrolinx.com/raw/upload/v1/Documents/Metrolinx/Open%20Data/UP-GTFS.zip","agency-feed","","2026-09-29","unresolved","no fare found","Feed was inspected but did not contain a usable fare_attributes.txt or fare_products.txt record."
"yrt","York Region Transit","Ontario","4.65","CAD","GTFS Fares V1 fare attribute","express_1-1","https://www.yrt.ca/google/google_transit.zip","gtfs","20261031","2026-09-29","low","confirmed","Fare extracted from the current locally available GTFS feed."
"linter","L'Inter des Laurentides","Quebec","","","","","https://zenbus.net/gtfs/static/download.zip?dataset=linter","agency-feed","","2026-09-29","unresolved","no fare found","Feed was inspected but did not contain a usable fare_attributes.txt or fare_products.txt record."
"mont-tremblant","Mont-Tremblant","Quebec","","","","","https://zenbus.net/gtfs/static/download.zip?dataset=tcmt6w8qbuxm","agency-feed","","2026-09-29","unresolved","no fare found","Feed was inspected but did not contain a usable fare_attributes.txt or fare_products.txt record."
"rem","REM (Montréal)","Quebec","3.75","CAD","published Atlas base adult fare","OPUS","https://rem.info/en/travelling/transit-fares","official-fare-source","","2026-09-29","high","confirmed","Existing Atlas override retained as research evidence."
"rtc","RTC (Québec)","Quebec","","","","","https://cdn.rtcquebec.ca/Site_Internet/DonneesOuvertes/googletransit.zip","agency-feed","","2026-09-29","unresolved","no fare found","Feed was inspected but did not contain a usable fare_attributes.txt or fare_products.txt record."
"rtl","RTL (Longueuil)","Quebec","3.75","CAD","published Atlas base adult fare","OPUS","https://www.rtl-longueuil.qc.ca/en-CA/fares/","official-fare-source","","2026-09-29","high","confirmed","Existing Atlas override retained as research evidence."
"stl","STL (Laval)","Quebec","","","","","https://www.stlaval.ca/datas/opendata/GTF_STL.zip","agency-feed","","2026-09-29","unresolved","no fare found","Feed was inspected but did not contain a usable fare_attributes.txt or fare_products.txt record."
"stlevis","STLévis","Quebec","3","CAD","GTFS Fares V2 base product","Passage Simple Fin de Semaine / Étébus","https://www.stlevis.ca/sites/default/files/public/assets/gtfs/transit/gtfs_stlevis.zip","gtfs","20261220","2026-09-29","medium","partially confirmed","Feed publishes multiple products; discounted, special, or non-core products were excluded where identifiable, then the lowest positive core candidate was retained."
"stm","STM (Montréal)","Quebec","3.75","CAD","published Atlas base adult fare","OPUS","https://www.stm.info/en/info/fares/transit-fares","official-fare-source","","2026-09-29","high","confirmed","Existing Atlas override retained as research evidence."
"sto","STO (Gatineau)","Quebec","","","","","https://contenu.sto.ca/GTFS/GTFS.zip","agency-feed","","2026-09-29","unresolved","no fare found","Feed was inspected but did not contain a usable fare_attributes.txt or fare_products.txt record."
"sjsr","Saint-Jean-sur-Richelieu","Quebec","","","","","https://zenbus.net/gtfs/static/download.zip?dataset=saint-jean-sur-richelieu","agency-feed","","2026-09-29","unresolved","no fare found","Feed was inspected but did not contain a usable fare_attributes.txt or fare_products.txt record."
"saint-hyacinthe","Ville de Saint-Hyacinthe","Quebec","","","","","https://gtfs-rt.infra-hubup.fr/lpdlestd/current/revision/gtfs","agency-feed","","2026-09-29","unresolved","no fare found","Feed was inspected but did not contain a usable fare_attributes.txt or fare_products.txt record."
"exo","exo (Trains)","Quebec","3.75","CAD","published Atlas base adult fare","OPUS","https://exo.quebec/en/fares/fares","official-fare-source","","2026-09-29","high","confirmed","Existing Atlas override retained as research evidence."
"exo-presquile","exo (La Presqu'île)","Quebec","3.75","CAD","published Atlas base adult fare","OPUS","https://exo.quebec/en/fares/fares","official-fare-source","","2026-09-29","high","confirmed","Existing Atlas override retained as research evidence."
"exo-sudouest","exo (Sud-Ouest)","Quebec","3.75","CAD","published Atlas base adult fare","OPUS","https://exo.quebec/en/fares/fares","official-fare-source","","2026-09-29","high","confirmed","Existing Atlas override retained as research evidence."
"exo-lrrs","exo (Le Richelain–Roussillon)","Quebec","3.75","CAD","published Atlas base adult fare","OPUS","https://exo.quebec/en/fares/fares","official-fare-source","","2026-09-29","high","confirmed","Existing Atlas override retained as research evidence."
"exo-laurentides","exo (Laurentides)","Quebec","3.75","CAD","published Atlas base adult fare","OPUS","https://exo.quebec/en/fares/fares","official-fare-source","","2026-09-29","high","confirmed","Existing Atlas override retained as research evidence."
"exo-terrebonne","exo (Terrebonne-Mascouche)","Quebec","3.75","CAD","published Atlas base adult fare","OPUS","https://exo.quebec/en/fares/fares","official-fare-source","","2026-09-29","high","confirmed","Existing Atlas override retained as research evidence."
"exo-vallee-richelieu","exo (Vallée du Richelieu)","Quebec","3.75","CAD","GTFS Fares V1 fare attribute","tarif_regulier","https://exo.quebec/xdata/citvr/google_transit.zip","gtfs","20270103","2026-09-29","low","partially confirmed","Feed publishes multiple products; discounted, special, or non-core products were excluded where identifiable, then the lowest positive core candidate was retained."
"bc-fraser-valley","BC Transit (Fraser Valley)","British Columbia","","","","","https://bct.tmix.se/Tmix.Cap.TdExport.WebApi/gtfs/?operatorIds=13","agency-feed","","2026-09-29","unresolved","no fare found","Feed was inspected but did not contain a usable fare_attributes.txt or fare_products.txt record."
"kelowna","BC Transit (Kelowna)","British Columbia","","","","","https://bct.tmix.se/Tmix.Cap.TdExport.WebApi/gtfs/?operatorIds=47","agency-feed","","2026-09-29","unresolved","no fare found","Feed was inspected but did not contain a usable fare_attributes.txt or fare_products.txt record."
"victoria","BC Transit (Victoria)","British Columbia","","","","","https://bct.tmix.se/Tmix.Cap.TdExport.WebApi/gtfs/?operatorIds=48","agency-feed","","2026-09-29","unresolved","no fare found","Feed was inspected but did not contain a usable fare_attributes.txt or fare_products.txt record."
"translink","TransLink (Vancouver)","British Columbia","2.85","CAD","published Atlas base adult fare","Compass","https://www.translink.ca/transit-fares/pricing-and-fare-zones","official-fare-source","","2026-09-29","high","confirmed","Card/base fare; published cash fare is 3.5 CAD."
"calgary","Calgary Transit","Alberta","","","","","https://data.calgary.ca/download/npk7-z3bj/application%2Fzip","agency-feed","","2026-09-29","unresolved","no fare found","Feed was inspected but did not contain a usable fare_attributes.txt or fare_products.txt record."
"edmonton","Edmonton Transit Service (ETS)","Alberta","2","CAD","GTFS Fares V2 base product","Leduc Local Arc Fare","https://gtfs.edmonton.ca/TMGTFSRealTimeWebService/GTFS/GTFS.zip","gtfs","20261128","2026-09-29","medium","partially confirmed","Feed publishes multiple products; discounted, special, or non-core products were excluded where identifiable, then the lowest positive core candidate was retained."
"winnipeg","Winnipeg Transit","Manitoba","3.45","CAD","GTFS Fares V1 fare attribute","1","https://gtfs.winnipegtransit.com/google_transit.zip","gtfs","20261212","2026-09-29","low","confirmed","Fare extracted from the current locally available GTFS feed."
"regina","Regina Transit","Saskatchewan","","","","","https://opengis.regina.ca/reginagtfs/google_transit.zip","agency-feed","","2026-09-29","unresolved","no fare found","Feed was inspected but did not contain a usable fare_attributes.txt or fare_products.txt record."
"saskatoon","Saskatoon Transit","Saskatchewan","","","","","https://apps5.saskatoon.ca/data/gtfs/google_transit.zip","agency-feed","","2026-09-29","unresolved","no fare found","Feed was inspected but did not contain a usable fare_attributes.txt or fare_products.txt record."
"halifax","Halifax Transit","Nova Scotia","","","","","https://files.mobilitydatabase.org/mdb-734/mdb-734-202608240120/mdb-734-202608240120.zip","agency-feed","","2026-09-29","unresolved","no fare found","Feed was inspected but did not contain a usable fare_attributes.txt or fare_products.txt record."
"codiac","Codiac Transpo (Moncton)","New Brunswick","","","","","https://www7.moncton.ca/opendata/google_transit.zip","agency-feed","","2026-09-29","unresolved","no fare found","Feed was inspected but did not contain a usable fare_attributes.txt or fare_products.txt record."
"fredericton","Fredericton Transit","New Brunswick","","","","","https://fredericton.tmix.se/Tmix.Cap.TdExport.WebApi/gtfs/gtfs.zip","agency-feed","","2026-09-29","unresolved","no fare found","Feed was inspected but did not contain a usable fare_attributes.txt or fare_products.txt record."
"saint-john","Saint John Transit","New Brunswick","","","","","https://storage.googleapis.com/storage/v1/b/mdb-latest/o/ca-new-brunswick-saint-john-transit-gtfs-2131.zip?alt=media","agency-feed","","2026-09-29","unresolved","no fare found","Feed was inspected but did not contain a usable fare_attributes.txt or fare_products.txt record."
"t3-transit","T3 Transit (PEI)","Prince Edward Island","2","USD","GTFS Fares V1 fare attribute","5029","https://storage.googleapis.com/storage/v1/b/mdb-latest/o/ca-prince-edward-island-t3-transit-gtfs-2132.zip?alt=media","gtfs","20261231","2026-09-29","low","confirmed","Fare extracted from the current locally available GTFS feed."
"metrobus","Metrobus (St. John's)","Newfoundland","","","","","http://www.metrobustransit.ca/google/google_transit.zip","agency-feed","","2026-09-29","unresolved","no fare found","Feed was inspected but did not contain a usable fare_attributes.txt or fare_products.txt record."
"nfta","NFTA (Buffalo)","New York","","","","","https://metro.nfta.com/__googletransit/google_transit.zip","agency-feed","","2026-09-29","unresolved","no fare found","Feed was inspected but did not contain a usable fare_attributes.txt or fare_products.txt record."
"port-huron","Blue Water Area Transit (Port Huron)","Michigan","","","","","https://gtfs.remix.com/bwat_porthuron_mi_us.zip","agency-feed","","2026-09-29","unresolved","no fare found","Feed was inspected but did not contain a usable fare_attributes.txt or fare_products.txt record."
"ddot","DDOT (Detroit)","Michigan","2","USD","GTFS Fares V1 fare attribute","regular","https://www.detroitmi.gov/Portals/0/docs/deptoftransportation/pdfs/ddot_gtfs.zip","gtfs","20270207","2026-09-29","low","partially confirmed","Feed publishes multiple products; discounted, special, or non-core products were excluded where identifiable, then the lowest positive core candidate was retained."
"detroit-people-mover","Detroit People Mover","Michigan","","","","","https://storage.googleapis.com/storage/v1/b/mdb-latest/o/us-michigan-detroit-people-mover-gtfs-2281.zip?alt=media","agency-feed","","2026-09-29","unresolved","no fare found","Feed was inspected but did not contain a usable fare_attributes.txt or fare_products.txt record."
"qline","QLine (Detroit)","Michigan","","","","","https://storage.googleapis.com/storage/v1/b/mdb-latest/o/us-michigan-qline-detroit-gtfs-802.zip?alt=media","agency-feed","","2026-09-29","unresolved","no fare found","Feed was inspected but did not contain a usable fare_attributes.txt or fare_products.txt record."
"smart","SMART (Detroit suburbs)","Michigan","","","","","https://apps1.smartbus.org/gtfs/smart_gtfs.zip","agency-feed","","2026-09-29","unresolved","no fare found","Feed was inspected but did not contain a usable fare_attributes.txt or fare_products.txt record."
"theride","TheRide (Ann Arbor)","Michigan","","","","","https://www.theride.org/sites/default/files/google/google_transit.zip","agency-feed","","2026-09-29","unresolved","no fare found","Feed was inspected but did not contain a usable fare_attributes.txt or fare_products.txt record."
"gcrta","GCRTA (Cleveland)","Ohio","2.5","USD","GTFS Fares V2 base product","1-Ride Bus/Rapid/BRT","https://www.riderta.com/sites/default/files/gtfs/latest/google_transit.zip","gtfs","20260801","2026-09-29","medium","partially confirmed","Feed publishes multiple products; discounted, special, or non-core products were excluded where identifiable, then the lowest positive core candidate was retained."
"butler-county-rta","Butler County Regional Transit Authority","Ohio","","","","","https://www.buztrakr.com/gtfs","agency-feed","","2026-09-29","unresolved","no fare found","Feed was inspected but did not contain a usable fare_attributes.txt or fare_products.txt record."
"seat","South East Area Transit","Ohio","","","","","https://www.seatbus.org/media/SEAT-GTFS-Feed.zip","agency-feed","","2026-09-29","unresolved","no fare found","Feed was inspected but did not contain a usable fare_attributes.txt or fare_products.txt record."
"richland-county-oh","Richland County Transit","Ohio","","","","","https://s3.amazonaws.com/etatransit.gtfs/rctpublic.etaspot.net/gtfs.zip","agency-feed","","2026-09-29","unresolved","no fare found","Feed was inspected but did not contain a usable fare_attributes.txt or fare_products.txt record."
"tarta","TARTA (Toledo)","Ohio","","","","","https://s3.amazonaws.com/etatransit.gtfs/tarta.etaspot.net/gtfs.zip","agency-feed","","2026-09-29","unresolved","no fare found","Feed was inspected but did not contain a usable fare_attributes.txt or fare_products.txt record."
"rgrta","Rochester-Genesee Regional Transportation Authority","New York","1","USD","GTFS Fares V1 fare attribute","1","http://scheduledata.rgrta.com/google_transit.zip","gtfs","20270103","2026-09-29","low","confirmed","Fare extracted from the current locally available GTFS feed."
"cdta","Capital District Transportation Authority","New York","1.5","USD","GTFS Fares V1 fare attribute","base","https://www.cdta.org/schedules/google_transit.zip","gtfs","20261128","2026-09-29","low","partially confirmed","Feed publishes multiple products; discounted, special, or non-core products were excluded where identifiable, then the lowest positive core candidate was retained."
"centro","Centro (Syracuse)","New York","","","","","https://www.centro.org/CentroGTFS/CentroGTFS.zip","agency-feed","","2026-09-29","unresolved","no fare found","Feed was inspected but did not contain a usable fare_attributes.txt or fare_products.txt record."
"tcat","Tompkins Consolidated Area Transit","New York","1.5","USD","GTFS Fares V1 fare attribute","6","https://s3.amazonaws.com/tcat-gtfs/tcat-ny-us.zip","gtfs","20261219","2026-09-29","low","confirmed","Fare extracted from the current locally available GTFS feed."
"broome","Broome County Transit","New York","","","","","https://www.gobroomecounty.com/sites/default/files/dept/transit/BCT_GTFS.zip","agency-feed","","2026-09-29","unresolved","no fare found","Feed was inspected but did not contain a usable fare_attributes.txt or fare_products.txt record."
"emta","Erie Metropolitan Transit Authority","Pennsylvania","1.65","USD","GTFS Fares V1 fare attribute","1","https://emta.availtec.com/InfoPoint/gtfs-zip.ashx","gtfs","20270213","2026-09-29","low","confirmed","Fare extracted from the current locally available GTFS feed."
"akron","Akron Metro Regional Transit Authority","Ohio","1.25","USD","GTFS Fares V1 fare attribute","1","https://www.yourmetrobus.org/Data/Sites/2/gtfs-data/metro_rta_gtfs.zip","gtfs","20270116","2026-09-29","low","partially confirmed","Feed publishes multiple products; discounted, special, or non-core products were excluded where identifiable, then the lowest positive core candidate was retained."
"sarta","Stark Area Regional Transit Authority","Ohio","1.5","USD","GTFS Fares V1 fare attribute","1","https://rapid.nationalrtap.org/GTFSFileManagement/UserUploadFiles/11346/gtfs.zip","gtfs","20261107","2026-09-29","low","partially confirmed","Feed publishes multiple products; discounted, special, or non-core products were excluded where identifiable, then the lowest positive core candidate was retained."
"laketran","Laketran (Lake County, OH)","Ohio","","","","","http://data.trilliumtransit.com/gtfs/lakecounty-oh-us/lakecounty-oh-us.zip","agency-feed","","2026-09-29","unresolved","no fare found","Feed was inspected but did not contain a usable fare_attributes.txt or fare_products.txt record."
"mta-flint","Mass Transportation Authority (Flint)","Michigan","","","","","https://rapid.nationalrtap.org/GTFSFileManagement/UserUploadFiles/5191/google_transit.zip","agency-feed","","2026-09-29","unresolved","no fare found","Feed was inspected but did not contain a usable fare_attributes.txt or fare_products.txt record."
"cata-lansing","Capital Area Transportation Authority","Michigan","","","","","http://developers.cata.org/gtfsdownload.ashx?key=5b4690ed-0a69-4320-897b-7d92def4b96f&data=base","agency-feed","","2026-09-29","unresolved","no fare found","Feed was inspected but did not contain a usable fare_attributes.txt or fare_products.txt record."
"the-rapid","The Rapid (Grand Rapids)","Michigan","1.75","USD","GTFS Fares V1 fare attribute","7","http://connect.ridetherapid.org/InfoPoint/gtfs-zip.ashx","gtfs","20261231","2026-09-29","low","confirmed","Fare extracted from the current locally available GTFS feed."
"mbta","Massachusetts Bay Transportation Authority","Massachusetts","","","","","https://cdn.mbta.com/MBTA_GTFS.zip","agency-feed","","2026-09-29","unresolved","no fare found","Feed was inspected but did not contain a usable fare_attributes.txt or fare_products.txt record."
"pvta","Pioneer Valley Transit Authority","Massachusetts","0","USD","free service","","https://www.pvta.com/faresPasses.php","official-fare-source","","2026-09-29","high","confirmed","Existing Atlas override retained as research evidence."
"wrta","Worcester Regional Transit Authority","Massachusetts","","","","","https://gtfs.wrta.cadavl.com/WRTA/GTFS/GTFS_WRTA.zip","agency-feed","","2026-09-29","unresolved","no fare found","Feed was inspected but did not contain a usable fare_attributes.txt or fare_products.txt record."
"cttransit","CTtransit","Connecticut","","","","","https://www.cttransit.com/sites/default/files/gtfs/googlect_transit.zip","agency-feed","","2026-09-29","unresolved","inaccessible","Feed download failed: fetch failed"
"red-deer","Red Deer Transit","Alberta","","","","","https://data.reddeer.ca/datasets/gtfsdatafeed/download/zip","agency-feed","","2026-09-29","unresolved","no fare found","Feed was inspected but did not contain a usable fare_attributes.txt or fare_products.txt record."
"lethbridge","Lethbridge Transit","Alberta","","","","","https://gis.lethbridge.ca/OpenData/DataSets/GTFS_Transit_Data.zip","agency-feed","","2026-09-29","unresolved","no fare found","Feed was inspected but did not contain a usable fare_attributes.txt or fare_products.txt record."
"moose-jaw","Moose Jaw Transit","Saskatchewan","","","","","https://moosejaw.ca/wp-content/uploads/2023/11/moosejaw-GTFS.zip","agency-feed","","2026-09-29","unresolved","inaccessible","Feed download failed: HTTP 403"
"prince-albert","Prince Albert Transit","Saskatchewan","","","","","https://www.citypa.ca/media/gnsfaref/2025-01-20-google-transit-gtfs.zip","agency-feed","","2026-09-29","unresolved","no fare found","Feed was inspected but did not contain a usable fare_attributes.txt or fare_products.txt record."
"kamloops","BC Transit (Kamloops)","British Columbia","","","","","https://bct.tmix.se/Tmix.Cap.TdExport.WebApi/gtfs/?operatorIds=46","agency-feed","","2026-09-29","unresolved","no fare found","Feed was inspected but did not contain a usable fare_attributes.txt or fare_products.txt record."
"south-okanagan","BC Transit (South Okanagan-Similkameen)","British Columbia","","","","","https://bct.tmix.se/Tmix.Cap.TdExport.WebApi/gtfs/?operatorIds=15","agency-feed","","2026-09-29","unresolved","no fare found","Feed was inspected but did not contain a usable fare_attributes.txt or fare_products.txt record."
"nanaimo","BC Transit (Nanaimo)","British Columbia","","","","","https://bct.tmix.se/Tmix.Cap.TdExport.WebApi/gtfs/?operatorIds=41","agency-feed","","2026-09-29","unresolved","no fare found","Feed was inspected but did not contain a usable fare_attributes.txt or fare_products.txt record."
"cowichan","BC Transit (Cowichan Valley)","British Columbia","","","","","https://bct.tmix.se/Tmix.Cap.TdExport.WebApi/gtfs/?operatorIds=10","agency-feed","","2026-09-29","unresolved","no fare found","Feed was inspected but did not contain a usable fare_attributes.txt or fare_products.txt record."
"comox-valley","BC Transit (Comox Valley)","British Columbia","","","","","https://bct.tmix.se/Tmix.Cap.TdExport.WebApi/gtfs/?operatorIds=45","agency-feed","","2026-09-29","unresolved","no fare found","Feed was inspected but did not contain a usable fare_attributes.txt or fare_products.txt record."
"campbell-river","BC Transit (Campbell River)","British Columbia","","","","","https://bct.tmix.se/Tmix.Cap.TdExport.WebApi/gtfs/?operatorIds=12","agency-feed","","2026-09-29","unresolved","no fare found","Feed was inspected but did not contain a usable fare_attributes.txt or fare_products.txt record."
"squamish","BC Transit (Squamish)","British Columbia","","","","","https://bct.tmix.se/Tmix.Cap.TdExport.WebApi/gtfs/?operatorIds=43","agency-feed","","2026-09-29","unresolved","no fare found","Feed was inspected but did not contain a usable fare_attributes.txt or fare_products.txt record."
"pemberton","BC Transit (Pemberton Valley)","British Columbia","","","","","https://bct.tmix.se/Tmix.Cap.TdExport.WebApi/gtfs/?operatorIds=50","agency-feed","","2026-09-29","unresolved","no fare found","Feed was inspected but did not contain a usable fare_attributes.txt or fare_products.txt record."
"whistler","BC Transit (Whistler)","British Columbia","","","","","https://bct.tmix.se/Tmix.Cap.TdExport.WebApi/gtfs/?operatorIds=44","agency-feed","","2026-09-29","unresolved","no fare found","Feed was inspected but did not contain a usable fare_attributes.txt or fare_products.txt record."
"kingcountymetro","King County Metro (Seattle)","Washington","1","USD","GTFS Fares V2 base product","Single Ride","https://metro.kingcounty.gov/gtfs/google_transit.zip","gtfs","20270326","2026-09-29","medium","partially confirmed","Feed publishes multiple products; discounted, special, or non-core products were excluded where identifiable, then the lowest positive core candidate was retained."
"soundtransit","Sound Transit (Seattle)","Washington","1","USD","GTFS Fares V2 base product","ORCA Lift","https://gtfs.sound.obaweb.org/prod/40_gtfs.zip","gtfs","20260828","2026-09-29","medium","partially confirmed","Feed publishes multiple products; discounted, special, or non-core products were excluded where identifiable, then the lowest positive core candidate was retained."
"piercetransit","Pierce Transit","Washington","2","USD","GTFS Fares V1 fare attribute","1","https://gtfs.sound.obaweb.org/prod/3_gtfs.zip","gtfs","20261212","2026-09-29","low","partially confirmed","Feed publishes multiple products; discounted, special, or non-core products were excluded where identifiable, then the lowest positive core candidate was retained."
"communitytransit","Community Transit (Everett)","Washington","","","","","https://www.communitytransit.org/docs/default-source/open-data/gtfs/current.zip","agency-feed","","2026-09-29","unresolved","no fare found","Feed was inspected but did not contain a usable fare_attributes.txt or fare_products.txt record."
"everetttransit","Everett Transit","Washington","","","","","https://gtfs.sound.obaweb.org/prod/97_gtfs.zip","agency-feed","","2026-09-29","unresolved","no fare found","Feed was inspected but did not contain a usable fare_attributes.txt or fare_products.txt record."
"kitsaptransit","Kitsap Transit","Washington","2","USD","GTFS Fares V1 fare attribute","1","http://pride.kitsaptransit.com/gtfs/google_transit.zip","gtfs","20261205","2026-09-29","low","partially confirmed","Feed publishes multiple products; discounted, special, or non-core products were excluded where identifiable, then the lowest positive core candidate was retained."
"intercitytransit","Intercity Transit (Olympia)","Washington","","","","","https://gtfs.sound.obaweb.org/prod/19_gtfs.zip","agency-feed","","2026-09-29","unresolved","no fare found","Feed was inspected but did not contain a usable fare_attributes.txt or fare_products.txt record."
"skagittransit","Skagit Transit","Washington","","","","","https://strweb.skagittransit.org/GTFS/google_transit.zip","agency-feed","","2026-09-29","unresolved","no fare found","Feed was inspected but did not contain a usable fare_attributes.txt or fare_products.txt record."
"whatcomtransit","Whatcom Transportation Authority","Washington","1","USD","GTFS Fares V1 fare attribute","1","https://storage.googleapis.com/storage/v1/b/mdb-latest/o/us-washington-whatcom-transportation-authority-gtfs-284.zip?alt=media","gtfs","20260919","2026-09-29","low","partially confirmed","Feed publishes multiple products; discounted, special, or non-core products were excluded where identifiable, then the lowest positive core candidate was retained."
"islandtransit","Island Transit (Whidbey Island)","Washington","","USD","GTFS zero-fare candidate","","https://storage.googleapis.com/storage/v1/b/mdb-latest/o/us-washington-island-transit-gtfs-280.zip?alt=media","gtfs","20261001","2026-09-29","unresolved","unresolved","GTFS publishes only zero-value legacy fare attributes; this may be a placeholder and was not treated as proof of free service."
"jeffersontransit","Jefferson Transit","Washington","","USD","GTFS zero-fare candidate","","https://storage.googleapis.com/storage/v1/b/mdb-latest/o/us-washington-jefferson-transit-authority-gtfs-838.zip?alt=media","gtfs","20270501","2026-09-29","unresolved","unresolved","GTFS publishes only zero-value legacy fare attributes; this may be a placeholder and was not treated as proof of free service."
"clallamtransit","Clallam Transit System","Washington","1","USD","GTFS Fares V1 fare attribute","Hurricane Ridge","https://storage.googleapis.com/storage/v1/b/mdb-latest/o/us-washington-clallam-transit-system-gtfs-279.zip?alt=media","gtfs","20270522","2026-09-29","low","partially confirmed","Feed publishes multiple products; discounted, special, or non-core products were excluded where identifiable, then the lowest positive core candidate was retained."
"portlandme","Greater Portland Metro","Maine","3.75","CAD","GTFS Fares V1 fare attribute","Régulier","https://gtfs.gptd.cadavl.com/GPTD/GTFS/GTFS_GPTD.zip","gtfs","20261101","2026-09-29","low","partially confirmed","Feed publishes multiple products; discounted, special, or non-core products were excluded where identifiable, then the lowest positive core candidate was retained."
"southportlandme","South Portland Bus Service","Maine","3.75","CAD","GTFS Fares V1 fare attribute","Régulier","https://gtfs.gptd.cadavl.com/GPTD/GTFS/GTFS_GPTD.zip","gtfs","20261101","2026-09-29","low","partially confirmed","Feed publishes multiple products; discounted, special, or non-core products were excluded where identifiable, then the lowest positive core candidate was retained."
"hocts","HOCTS (Utica-Rome)","New York","","","","","https://storage.googleapis.com/storage/v1/b/mdb-latest/o/us-new-york-herkimer-oneida-counties-transportation-study-hocts-gtfs-588.zip?alt=media","agency-feed","","2026-09-29","unresolved","no fare found","Feed was inspected but did not contain a usable fare_attributes.txt or fare_products.txt record."
"glensfallstransit","Greater Glens Falls Transit","New York","","","","","https://storage.googleapis.com/storage/v1/b/mdb-latest/o/us-new-york-greater-glens-falls-transit-gtfs-542.zip?alt=media","agency-feed","","2026-09-29","unresolved","no fare found","Feed was inspected but did not contain a usable fare_attributes.txt or fare_products.txt record."
"watertowncitibus","Watertown Citibus","New York","","","","","https://passio3.com/watertown/passioTransit/gtfs/google_transit.zip","agency-feed","","2026-09-29","unresolved","no fare found","Feed was inspected but did not contain a usable fare_attributes.txt or fare_products.txt record."
"hudsonlink","Hudson Link","New York","","","","","https://storage.googleapis.com/storage/v1/b/mdb-latest/o/us-new-york-hudson-link-gtfs-2312.zip?alt=media","agency-feed","","2026-09-29","unresolved","no fare found","Feed was inspected but did not contain a usable fare_attributes.txt or fare_products.txt record."
"wsf","Washington State Ferries","Washington","4.25","USD","GTFS Fares V1 fare attribute","PTCR","https://gtfs.sound.obaweb.org/prod/95_gtfs.zip","gtfs","","2026-09-29","low","partially confirmed","Feed publishes multiple products; discounted, special, or non-core products were excluded where identifiable, then the lowest positive core candidate was retained."
"bc-ferries","BC Ferries","British Columbia","","","","","https://files.mobilitydatabase.org/mdb-690/latest.zip","agency-feed","","2026-09-29","unresolved","no fare found","Feed was inspected but did not contain a usable fare_attributes.txt or fare_products.txt record."
"pierce-county-ferries","Pierce County Ferries","Washington","7.5","USD","GTFS Fares V1 fare attribute","4371","https://files.mobilitydatabase.org/tld-2289/latest.zip","gtfs","20261231","2026-09-29","low","confirmed","Fare extracted from the current locally available GTFS feed."
"sherbrooke","Société de transport de Sherbrooke","Quebec","4","CAD","GTFS Fares V1 fare attribute","Comptant","https://gtfs.sts.qc.ca:8443/gtfs/client/GTFS_clients.zip","gtfs","","2026-09-29","low","confirmed","Fare extracted from the current locally available GTFS feed."
"trimet","TriMet (Portland, OR)","Oregon","0.4","USD","GTFS Fares V2 base product","Honored Citizen transfer from Portland Streetcar to TriMet","http://developer.trimet.org/schedule/gtfs.zip","gtfs","20261128","2026-09-29","medium","partially confirmed","Feed publishes multiple products; discounted, special, or non-core products were excluded where identifiable, then the lowest positive core candidate was retained."
"ctran","C-TRAN (Vancouver, WA)","Washington","","","","","https://www.c-tran.com/images/Google/GoogleTransitUpload.zip","agency-feed","","2026-09-29","unresolved","no fare found","Feed was inspected but did not contain a usable fare_attributes.txt or fare_products.txt record."
"spokane","Spokane Transit Authority","Washington","2","USD","GTFS Fares V2 base product","One Way Fare","https://www.spokanetransit.com/gtfs","gtfs","20270116","2026-09-29","medium","confirmed","Fare extracted from the current locally available GTFS feed."
"eugene-ltd","Lane Transit District","Oregon","1.75","USD","GTFS Fares V1 fare attribute","1","https://feed.ltd.org/TMGTFSRealTimeWebService/GTFS/google_transit.zip","gtfs","20270130","2026-09-29","low","partially confirmed","Feed publishes multiple products; discounted, special, or non-core products were excluded where identifiable, then the lowest positive core candidate was retained."
"cherriots","Cherriots (Salem, OR)","Oregon","","","","","https://cherriots.rideralerts.com/InfoPoint/gtfs-zip.ashx","agency-feed","","2026-09-29","unresolved","no fare found","Feed was inspected but did not contain a usable fare_attributes.txt or fare_products.txt record."
"corvallis","Corvallis Transit System","Oregon","","","","","http://www.corvallistransit.com/rtt/public/resource/gtfs.zip","agency-feed","","2026-09-29","unresolved","no fare found","Feed was inspected but did not contain a usable fare_attributes.txt or fare_products.txt record."
"grovelink","Ride Connection (GroveLink)","Oregon","","USD","GTFS zero-fare candidate","","https://files.mobilitydatabase.org/mdb-253/mdb-253-202607310135/mdb-253-202607310135.zip","gtfs","20270201","2026-09-29","unresolved","unresolved","GTFS publishes only zero-value legacy fare attributes; this may be a placeholder and was not treated as proof of free service."
"rivercities","RiverCities Transit","Washington","1","USD","GTFS Fares V1 fare attribute","948","https://files.mobilitydatabase.org/mdb-259/mdb-259-202605140126/mdb-259-202605140126.zip","gtfs","20261130","2026-09-29","low","confirmed","Fare extracted from the current locally available GTFS feed."
"tillamook","Tillamook County Transportation District","Oregon","1","USD","GTFS Fares V1 fare attribute","5168","https://files.mobilitydatabase.org/mdb-246/mdb-246-202602130110/mdb-246-202602130110.zip","gtfs","20260901","2026-09-29","low","partially confirmed","Feed publishes multiple products; discounted, special, or non-core products were excluded where identifiable, then the lowest positive core candidate was retained."
"columbia-area-transit","Columbia Area Transit","Oregon","1","USD","GTFS Fares V1 fare attribute","3620","https://files.mobilitydatabase.org/mdb-260/mdb-260-202605070116/mdb-260-202605070116.zip","gtfs","20270101","2026-09-29","low","partially confirmed","Feed publishes multiple products; discounted, special, or non-core products were excluded where identifiable, then the lowest positive core candidate was retained."
"mats","Mount Adams Transportation Service","Washington","1","USD","GTFS Fares V1 fare attribute","4478","https://files.mobilitydatabase.org/mdb-580/mdb-580-202607010136/mdb-580-202607010136.zip","gtfs","20270101","2026-09-29","low","confirmed","Fare extracted from the current locally available GTFS feed."
"setd","Sunset Empire Transportation District","Oregon","1","USD","GTFS Fares V1 fare attribute","4966","https://files.mobilitydatabase.org/tld-4211/tld-4211-202607280034/tld-4211-202607280034.zip","gtfs","20260930","2026-09-29","low","confirmed","Fare extracted from the current locally available GTFS feed."
"sfmta","San Francisco Municipal Transportation Agency (SFMTA - Muni)","California","","","","","https://muni-gtfs.apps.sfmta.com/data/muni_gtfs-current.zip","agency-feed","","2026-09-29","unresolved","no fare found","Feed was inspected but did not contain a usable fare_attributes.txt or fare_products.txt record."
"bart","Bay Area Rapid Transit (BART)","California","0.7","USD","GTFS Fares V1 fare attribute","14","http://www.bart.gov/dev/schedules/google_transit.zip","gtfs","20180630","2026-09-29","low","partially confirmed","Feed publishes multiple products; discounted, special, or non-core products were excluded where identifiable, then the lowest positive core candidate was retained."
"caltrain","Caltrain","California","4","USD","GTFS Fares V1 fare attribute","3525","http://data.trilliumtransit.com/gtfs/caltrain-ca-us/caltrain-ca-us.zip","gtfs","20270131","2026-09-29","low","partially confirmed","Feed publishes multiple products; discounted, special, or non-core products were excluded where identifiable, then the lowest positive core candidate was retained."
"actransit","Alameda-Contra Costa Transit District (AC Transit)","California","","","","","https://api.actransit.org/transit/gtfs/download","agency-feed","","2026-09-29","unresolved","inaccessible","Feed download failed: HTTP 401"
"vta","Santa Clara Valley Transportation Authority (VTA)","California","2.5","USD","GTFS Fares V1 fare attribute","1","https://gtfs.vta.org/gtfs_vta.zip","gtfs","20261025","2026-09-29","low","partially confirmed","Feed publishes multiple products; discounted, special, or non-core products were excluded where identifiable, then the lowest positive core candidate was retained."
"samtrans","San Mateo County Transit District (samTrans)","California","2.25","USD","GTFS Fares V1 fare attribute","OW_Adult_20160110","http://www.samtrans.com/Assets/GTFS/samtrans/ST-GTFS.zip","gtfs","20261114","2026-09-29","low","confirmed","Fare extracted from the current locally available GTFS feed."
"goldengate","Golden Gate Transit","California","4.4","CAD","GTFS Fares V1 fare attribute","111-111","https://realtime.goldengate.org/gtfsstatic/GTFSTransitData.zip","gtfs","20260904","2026-09-29","low","partially confirmed","Feed publishes multiple products; discounted, special, or non-core products were excluded where identifiable, then the lowest positive core candidate was retained."
"weta","San Francisco Bay Area Water Emergency Transportation Authority (WETA)","California","2.85","USD","GTFS Fares V1 fare attribute","5233","https://gtfs.sanfranciscobayferry.com/gtfs.zip","gtfs","20261101","2026-09-29","low","partially confirmed","Feed publishes multiple products; discounted, special, or non-core products were excluded where identifiable, then the lowest positive core candidate was retained."
"countyconnection","County Connection (CCCTA)","California","2.5","USD","GTFS Fares V1 fare attribute","1","https://countyconnection.com/GTFS/google_transit.zip","gtfs","","2026-09-29","low","partially confirmed","Feed publishes multiple products; discounted, special, or non-core products were excluded where identifiable, then the lowest positive core candidate was retained."
"westcat","WestCAT (Pinole)","California","1.75","USD","GTFS Fares V1 fare attribute","1381","http://data.trilliumtransit.com/gtfs/westcat-ca-us/westcat-ca-us.zip","gtfs","20270611","2026-09-29","low","partially confirmed","Feed publishes multiple products; discounted, special, or non-core products were excluded where identifiable, then the lowest positive core candidate was retained."
"soltrans","SolTrans (Vallejo)","California","2","USD","GTFS Fares V1 fare attribute","1","https://soltrans.connexionz.net/rtt/public/resource/gtfs.zip","gtfs","20271231","2026-09-29","low","partially confirmed","Feed publishes multiple products; discounted, special, or non-core products were excluded where identifiable, then the lowest positive core candidate was retained."
"marintransit","Marin Transit","California","2","USD","GTFS Fares V1 fare attribute","1","https://marintransit.gov/data/google_transit.zip","gtfs","20270109","2026-09-29","low","confirmed","Fare extracted from the current locally available GTFS feed."
"smart-ca","Sonoma-Marin Area Rail Transit (SMART)","California","1.5","USD","GTFS Fares V1 fare attribute","3704","http://data.trilliumtransit.com/gtfs/smart-ca-us/smart-ca-us.zip","gtfs","20270110","2026-09-29","low","partially confirmed","Feed publishes multiple products; discounted, special, or non-core products were excluded where identifiable, then the lowest positive core candidate was retained."
"sonoma-county","Sonoma County Transit (SCT)","California","","","","","http://data.trilliumtransit.com/gtfs/sonomacounty-ca-us/sonomacounty-ca-us.zip","agency-feed","","2026-09-29","unresolved","no fare found","Feed was inspected but did not contain a usable fare_attributes.txt or fare_products.txt record."
"vine","VINE Transit (Napa)","California","2","USD","GTFS Fares V1 fare attribute","3622","https://data.trilliumtransit.com/gtfs/vinetransit-ca-us/vinetransit-ca-us.zip","gtfs","20270109","2026-09-29","low","partially confirmed","Feed publishes multiple products; discounted, special, or non-core products were excluded where identifiable, then the lowest positive core candidate was retained."
"emerygoround","Emery Go-Round","California","4.4","CAD","GTFS Fares V1 fare attribute","111-111","https://emerygoround.com/data/emerygoround-ca-us.zip","gtfs","20260904","2026-09-29","low","partially confirmed","Feed publishes multiple products; discounted, special, or non-core products were excluded where identifiable, then the lowest positive core candidate was retained."
"stanford","Stanford Marguerite Shuttle (SMS)","California","","USD","GTFS zero-fare candidate","","https://transportation-forms.stanford.edu/google/google_transit.zip","gtfs","20270926","2026-09-29","unresolved","unresolved","GTFS publishes only zero-value legacy fare attributes; this may be a placeholder and was not treated as proof of free service."
"tridelta","Tri Delta Transit (Antioch)","California","","","","","http://api.511.org/transit/datafeeds?operator_id=3D","agency-feed","","2026-09-29","unresolved","inaccessible","Feed download failed: HTTP 401"
"lavta","Livermore Amador Valley Transit Authority","California","1.5","USD","GTFS Fares V2 base product","One Way Full Fare","http://webwatch.lavta.org/TMGTFSRealTimeWebService/GTFS-Static/google_transit.zip","gtfs","20270228","2026-09-29","medium","partially confirmed","Feed publishes multiple products; discounted, special, or non-core products were excluded where identifiable, then the lowest positive core candidate was retained."
"unioncity","Union City Transit","California","2","USD","GTFS Fares V1 fare attribute","4222","https://data.trilliumtransit.com/gtfs/unioncity-ca-us/unioncity-ca-us.zip","gtfs","20230927","2026-09-29","low","confirmed","Fare extracted from the current locally available GTFS feed."
"westberkeley","West Berkeley Shuttle","California","","","","","https://gtfs.calitp.org/production/WestBerkeleyShuttleGTFS.zip","agency-feed","","2026-09-29","unresolved","inaccessible","Cached feed could not be read: Can't find end of central directory : is this a zip file ? If it is, see https://stuk.github.io/jszip/documentation/howto/read_zip.html"
"petaluma","Petaluma Transit","California","","","","","http://api.511.org/transit/datafeeds?operator_id=PE","agency-feed","","2026-09-29","unresolved","inaccessible","Feed download failed: HTTP 401"
"santarosa","Santa Rosa CityBus","California","","","","","http://api.511.org/transit/datafeeds?operator_id=SR","agency-feed","","2026-09-29","unresolved","inaccessible","Feed download failed: HTTP 401"
"fast-ca","Fairfield and Suisun Transit (FAST Transit)","California","","","","","http://data.trilliumtransit.com/gtfs/fairfield-ca-us/fairfield-ca-us.zip","agency-feed","","2026-09-29","unresolved","no fare found","Feed was inspected but did not contain a usable fare_attributes.txt or fare_products.txt record."
"vacaville","City Coach (Vacaville)","California","","","","","http://data.trilliumtransit.com/gtfs/vacavillecitycoach-ca-us/vacavillecitycoach-ca-us.zip","agency-feed","","2026-09-29","unresolved","no fare found","Feed was inspected but did not contain a usable fare_attributes.txt or fare_products.txt record."
"riovista","Rio Vista Delta Breeze","California","2","USD","GTFS Fares V1 fare attribute","254","http://data.trilliumtransit.com/gtfs/riovista-ca-us/riovista-ca-us.zip","gtfs","20250131","2026-09-29","low","partially confirmed","Feed publishes multiple products; discounted, special, or non-core products were excluded where identifiable, then the lowest positive core candidate was retained."
"ace","Altamont Corridor Express","California","","","","","http://api.511.org/transit/datafeeds?operator_id=CE","agency-feed","","2026-09-29","unresolved","no fare found","Feed was inspected but did not contain a usable fare_attributes.txt or fare_products.txt record."
"rvtd","Rogue Valley Transportation District (RVTD)","Oregon","2","USD","GTFS Fares V1 fare attribute","3497","https://gtfs.rvtd.cadavl.com/RVTD/GTFS/GTFS_RVTD.zip","gtfs","20261122","2026-09-29","low","confirmed","Fare extracted from the current locally available GTFS feed."
"bts-or","Basin Transit Service (BTS)","Oregon","","","","","https://oregon-gtfs.trilliumtransit.com/gtfs_data/basin-or-us/basin-or-us.zip","agency-feed","","2026-09-29","unresolved","no fare found","Feed was inspected but did not contain a usable fare_attributes.txt or fare_products.txt record."
"rct","Redwood Coast Transit (RCT)","California","1.5","USD","GTFS Fares V1 fare attribute","223","https://gtfs.remix.com/redwoodcoast.zip","gtfs","20261231","2026-09-29","low","partially confirmed","Feed publishes multiple products; discounted, special, or non-core products were excluded where identifiable, then the lowest positive core candidate was retained."
"humboldt","Humboldt Transit Authority","California","2","USD","GTFS Fares V1 fare attribute","Cash Single Ride RTS","https://hta.optibus.co/public_api/v1/feeds/gtfs","gtfs","20270630","2026-09-29","low","confirmed","Fare extracted from the current locally available GTFS feed."
"mendocino","Mendocino Transit Authority","California","1.5","USD","GTFS Fares V1 fare attribute","610","http://data.trilliumtransit.com/gtfs/mendocino-ca-us/mendocino-ca-us.zip","gtfs","20270228","2026-09-29","low","partially confirmed","Feed publishes multiple products; discounted, special, or non-core products were excluded where identifiable, then the lowest positive core candidate was retained."
"raba","Redding Area Bus Authority","California","2","USD","GTFS Fares V1 fare attribute","General Fare","https://gtfs.remix.com/redding_area_bus_authority.zip","gtfs","20261231","2026-09-29","low","partially confirmed","Feed publishes multiple products; discounted, special, or non-core products were excluded where identifiable, then the lowest positive core candidate was retained."
"siskiyou","Siskiyou County","California","1.75","USD","GTFS Fares V1 fare attribute","35","http://data.trilliumtransit.com/gtfs/siskiyou-ca-us/siskiyou-ca-us.zip","gtfs","20300725","2026-09-29","low","partially confirmed","Feed publishes multiple products; discounted, special, or non-core products were excluded where identifiable, then the lowest positive core candidate was retained."
"trinity","Trinity Transit","California","2","USD","GTFS Fares V2 base product","Local Single Ride","https://gtfs.remix.com/trinity_county_ca.zip","gtfs","20260926","2026-09-29","medium","partially confirmed","Feed publishes multiple products; discounted, special, or non-core products were excluded where identifiable, then the lowest positive core candidate was retained."
"lassen","Lassen Rural Bus (LRB)","California","1","USD","GTFS Fares V1 fare attribute","293","http://data.trilliumtransit.com/gtfs/lassen-ca-us/lassen-ca-us.zip","gtfs","20270501","2026-09-29","low","partially confirmed","Feed publishes multiple products; discounted, special, or non-core products were excluded where identifiable, then the lowest positive core candidate was retained."
"sacrt","Sacramento Regional Transit (SacRT)","California","","","","","https://apps.sacrt.com/gtfs/srtd/google_transit.zip","agency-feed","","2026-09-29","unresolved","inaccessible","Feed download failed: fetch failed"
"yolobus","Yolo County Transportation District (Yolobus)","California","","","","","https://avl.yctd.org/RealTime/google_transit.zip","agency-feed","","2026-09-29","unresolved","no fare found","Feed was inspected but did not contain a usable fare_attributes.txt or fare_products.txt record."
"unitrans","Unitrans (Davis)","California","1.5","USD","GTFS Fares V2 base product","Single Ride","https://unitrans.ucdavis.edu/media/gtfs/Unitrans_GTFS.zip","gtfs","20261213","2026-09-29","medium","partially confirmed","Feed publishes multiple products; discounted, special, or non-core products were excluded where identifiable, then the lowest positive core candidate was retained."
"roseville","Roseville Transit","California","","","","","https://iportal.sacrt.com/gtfs/Roseville/google_transit.zip","agency-feed","","2026-09-29","unresolved","inaccessible","Feed download failed: fetch failed"
"smart-or","South Metro Area Regional Transit (SMART)","Oregon","","","","","https://mysmartbus.com/gtfs","agency-feed","","2026-09-29","unresolved","no fare found","Feed was inspected but did not contain a usable fare_attributes.txt or fare_products.txt record."
"sam","Sandy Area Metro (SAM)","Oregon","1","USD","GTFS Fares V1 fare attribute","817","https://oregon-gtfs.trilliumtransit.com/gtfs_data/sandy-or-us/sandy-or-us.zip","gtfs","20261201","2026-09-29","low","partially confirmed","Feed publishes multiple products; discounted, special, or non-core products were excluded where identifiable, then the lowest positive core candidate was retained."
"cat-or","Canby Area Transit (CAT)","Oregon","","","","","https://oregon-gtfs.trilliumtransit.com/gtfs_data/canbytransit-or-us/canbytransit-or-us.zip","agency-feed","","2026-09-29","unresolved","no fare found","Feed was inspected but did not contain a usable fare_attributes.txt or fare_products.txt record."
"yamhill","Yamhill County Transit Area","Oregon","1.25","USD","GTFS Fares V1 fare attribute","1","http://ycta.connexionz.net/rtt/public/resource/gtfs.zip","gtfs","20271231","2026-09-29","low","confirmed","Fare extracted from the current locally available GTFS feed."
"lacmta","Los Angeles County Metropolitan Transportation Authority (LA Metro)","California","1.75","USD","GTFS Fares V1 fare attribute","1","https://files.mobilitydatabase.org/mdb-29/mdb-29-202609090113/mdb-29-202609090113.zip","gtfs","20261212","2026-09-29","low","partially confirmed","Feed publishes multiple products; discounted, special, or non-core products were excluded where identifiable, then the lowest positive core candidate was retained."
"metrolink","Metrolink","California","1.5","USD","GTFS Fares V1 fare attribute","1","https://files.mobilitydatabase.org/mdb-96/mdb-96-202605230122/mdb-96-202605230122.zip","gtfs","20360501","2026-09-29","low","partially confirmed","Feed publishes multiple products; discounted, special, or non-core products were excluded where identifiable, then the lowest positive core candidate was retained."
"torrance-transit","Torrance Transit","","1","USD","GTFS Fares V1 fare attribute","1","https://transit.torranceca.gov/home/showpublisheddocument/16673/639196160075870000","gtfs","20261003","2026-09-29","low","partially confirmed","Feed publishes multiple products; discounted, special, or non-core products were excluded where identifiable, then the lowest positive core candidate was retained."
"beach-cities-transit","Beach Cities Transit (South Bay, CA)","","","","","","https://storage.googleapis.com/storage/v1/b/mdb-latest/o/us-california-beach-cities-transit-gtfs-1999.zip?alt=media","agency-feed","","2026-09-29","unresolved","no fare found","Feed was inspected but did not contain a usable fare_attributes.txt or fare_products.txt record."
"carson-circuit","Carson Circuit","","","","","","https://rapid.nationalrtap.org/GTFSFileManagement/UserUploadFiles/11488/CarsonGTFS.zip","agency-feed","","2026-09-29","unresolved","no fare found","Feed was inspected but did not contain a usable fare_attributes.txt or fare_products.txt record."
"gold-coast","Gold Coast Transit District (Oxnard)","","4.4","CAD","GTFS Fares V1 fare attribute","111-111","https://www.gctd.org/wp-content/uploads/2021/06/GCTD_GTFS.zip","gtfs","20260904","2026-09-29","low","partially confirmed","Feed publishes multiple products; discounted, special, or non-core products were excluded where identifiable, then the lowest positive core candidate was retained."
"bigbluebus","Big Blue Bus (Santa Monica)","California","1","USD","GTFS Fares V1 fare attribute","4","http://gtfs.bigbluebus.com/current.zip","gtfs","20261212","2026-09-29","low","partially confirmed","Feed publishes multiple products; discounted, special, or non-core products were excluded where identifiable, then the lowest positive core candidate was retained."
"longbeach","Long Beach Transit","California","1.25","USD","GTFS Fares V2 base product","Regular Single Ride","https://files.mobilitydatabase.org/mdb-1198/latest.zip","gtfs","20270206","2026-09-29","medium","partially confirmed","Feed publishes multiple products; discounted, special, or non-core products were excluded where identifiable, then the lowest positive core candidate was retained."
"octa","Orange County Transportation Authority (OCTA)","California","2","USD","GTFS Fares V1 fare attribute","4","https://www.octa.net/current/google_transit.zip","gtfs","","2026-09-29","low","confirmed","Fare extracted from the current locally available GTFS feed."
"foothill","Foothill Transit","California","","","","","https://files.mobilitydatabase.org/mdb-101/mdb-101-202607020124/mdb-101-202607020124.zip","agency-feed","","2026-09-29","unresolved","no fare found","Feed was inspected but did not contain a usable fare_attributes.txt or fare_products.txt record."
"avta","Antelope Valley Transit Authority (AVTA)","California","1.5","USD","GTFS Fares V2 base product","One Way Full Fare","https://www.avta.com/userfiles/files/AVTA_GTFS.zip","gtfs","20270228","2026-09-29","medium","partially confirmed","Feed publishes multiple products; discounted, special, or non-core products were excluded where identifiable, then the lowest positive core candidate was retained."
"sdmts","Metropolitan Transit System (San Diego MTS)","California","2.5","USD","GTFS Fares V2 base product","Single ride","https://files.mobilitydatabase.org/mdb-13/mdb-13-202605270056/mdb-13-202605270056.zip","gtfs","20260905","2026-09-29","medium","partially confirmed","Feed publishes multiple products; discounted, special, or non-core products were excluded where identifiable, then the lowest positive core candidate was retained."
"nctd","North County Transit District (NCTD)","California","1.25","USD","GTFS Fares V2 base product","Single Ride (SPRINTER)","https://lfportal.nctd.org/staticGTFS/google_transit.zip","gtfs","","2026-09-29","medium","partially confirmed","Feed publishes multiple products; discounted, special, or non-core products were excluded where identifiable, then the lowest positive core candidate was retained."
"riverside","Riverside Transit Agency","California","","","","","https://files.mobilitydatabase.org/mdb-98/mdb-98-202605110136/mdb-98-202605110136.zip","agency-feed","","2026-09-29","unresolved","no fare found","Feed was inspected but did not contain a usable fare_attributes.txt or fare_products.txt record."
"omnitrans","OmniTrans (San Bernardino)","California","0.9","USD","GTFS Fares V2 base product","Fixed-route single ride","http://www.omnitrans.org/google/google_transit.zip","gtfs","20270103","2026-09-29","medium","partially confirmed","Feed publishes multiple products; discounted, special, or non-core products were excluded where identifiable, then the lowest positive core candidate was retained."
"fax","Fresno Area Express (FAX)","California","","USD","GTFS zero-fare candidate","","https://gis4u.fresno.gov/downloads/fax_gtfs.zip","gtfs","20280930","2026-09-29","unresolved","unresolved","GTFS publishes only zero-value legacy fare attributes; this may be a placeholder and was not treated as proof of free service."
"get","Golden Empire Transit District (GET)","California","4.4","CAD","GTFS Fares V1 fare attribute","111-111","https://files.mobilitydatabase.org/mdb-46/mdb-46-202606130139/mdb-46-202606130139.zip","gtfs","20260904","2026-09-29","low","partially confirmed","Feed publishes multiple products; discounted, special, or non-core products were excluded where identifiable, then the lowest positive core candidate was retained."
"sjrtd","San Joaquin RTD","California","0.5","USD","GTFS Fares V2 base product","Van Go! Additional Mile Charge","http://sjrtd.com/RTD-GTFS/RTD-GTFS.zip","gtfs","20270123","2026-09-29","medium","partially confirmed","Feed publishes multiple products; discounted, special, or non-core products were excluded where identifiable, then the lowest positive core candidate was retained."
"merced","Merced County Transit (The Bus)","California","","","","","https://files.mobilitydatabase.org/mdb-3117/mdb-3117-202607030020/mdb-3117-202607030020.zip","agency-feed","","2026-09-29","unresolved","no fare found","Feed was inspected but did not contain a usable fare_attributes.txt or fare_products.txt record."
"start","Stanislaus Regional Transit (StaRT)","California","","","","","https://files.mobilitydatabase.org/mdb-2273/mdb-2273-202606030124/mdb-2273-202606030124.zip","agency-feed","","2026-09-29","unresolved","no fare found","Feed was inspected but did not contain a usable fare_attributes.txt or fare_products.txt record."
"mst","Monterey-Salinas Transit (MST)","California","2","USD","GTFS Fares V1 fare attribute","Regular","https://files.mobilitydatabase.org/mdb-56/mdb-56-202606240122/mdb-56-202606240122.zip","gtfs","20260828","2026-09-29","low","partially confirmed","Feed publishes multiple products; discounted, special, or non-core products were excluded where identifiable, then the lowest positive core candidate was retained."
"sbmtd","Santa Barbara Metropolitan Transit District (MTD)","California","0.5","USD","GTFS Fares V2 base product","Waterfront Shuttle One-way Cash Fare","https://files.mobilitydatabase.org/mdb-1246/latest.zip","gtfs","20261129","2026-09-29","medium","partially confirmed","Feed publishes multiple products; discounted, special, or non-core products were excluded where identifiable, then the lowest positive core candidate was retained."
"slotransit","City of San Luis Obispo Transit","California","0.5","USD","GTFS Fares V1 fare attribute","trolley","https://files.mobilitydatabase.org/mdb-44/mdb-44-202603280107/mdb-44-202603280107.zip","gtfs","20270101","2026-09-29","low","partially confirmed","Feed publishes multiple products; discounted, special, or non-core products were excluded where identifiable, then the lowest positive core candidate was retained."
"slorta","San Luis Obispo Regional Transit Authority (SLORTA)","California","1","USD","GTFS Fares V1 fare attribute","4","https://files.mobilitydatabase.org/mdb-43/mdb-43-202606120140/mdb-43-202606120140.zip","gtfs","20271231","2026-09-29","low","partially confirmed","Feed publishes multiple products; discounted, special, or non-core products were excluded where identifiable, then the lowest positive core candidate was retained."
"sunline","SunLine Transit Agency (Coachella Valley)","California","","","","","https://files.mobilitydatabase.org/tld-461/tld-461-202606060105/tld-461-202606060105.zip","agency-feed","","2026-09-29","unresolved","no fare found","Feed was inspected but did not contain a usable fare_attributes.txt or fare_products.txt record."
"rtcsnv","Regional Transportation Commission of Southern Nevada (RTC)","Nevada","","","","","https://files.mobilitydatabase.org/mdb-2351/latest.zip","agency-feed","","2026-09-29","unresolved","no fare found","Feed was inspected but did not contain a usable fare_attributes.txt or fare_products.txt record."
"rtcwashoe","Regional Transportation Commission of Washoe County (RTC Washoe)","Nevada","2","USD","GTFS Fares V1 fare attribute","1","https://files.mobilitydatabase.org/mdb-120/mdb-120-202605290123/mdb-120-202605290123.zip","gtfs","20260904","2026-09-29","low","partially confirmed","Feed publishes multiple products; discounted, special, or non-core products were excluded where identifiable, then the lowest positive core candidate was retained."
"smat","Santa Maria Area Transit","California","","","","","https://files.mobilitydatabase.org/mdb-2272/mdb-2272-202607030002/mdb-2272-202607030002.zip","agency-feed","","2026-09-29","unresolved","no fare found","Feed was inspected but did not contain a usable fare_attributes.txt or fare_products.txt record."
"valleymetro","Valley Metro (Phoenix)","Arizona","","","","","https://files.mobilitydatabase.org/mdb-147/mdb-147-202606300020/mdb-147-202606300020.zip","agency-feed","","2026-09-29","unresolved","no fare found","Feed was inspected but did not contain a usable fare_attributes.txt or fare_products.txt record."
"mountainline","Mountain Line (Flagstaff)","Arizona","","","","","https://files.mobilitydatabase.org/mdb-1979/mdb-1979-202607030141/mdb-1979-202607030141.zip","agency-feed","","2026-09-29","unresolved","no fare found","Feed was inspected but did not contain a usable fare_attributes.txt or fare_products.txt record."
"mountainmetro","Mountain Metropolitan Transit (Colorado Springs)","Colorado","","","","","https://coloradosprings.gov/document/googletransit.zip","agency-feed","","2026-09-29","unresolved","no fare found","Feed was inspected but did not contain a usable fare_attributes.txt or fare_products.txt record."
"rtd-denver","Regional Transportation District (RTD Denver)","Colorado","","","","","https://files.mobilitydatabase.org/mdb-178/latest.zip","agency-feed","","2026-09-29","unresolved","no fare found","Feed was inspected but did not contain a usable fare_attributes.txt or fare_products.txt record."
"bustang","Bustang (CDOT)","Colorado","1","USD","GTFS Fares V1 fare attribute","3763","https://files.mobilitydatabase.org/mdb-2280/latest.zip","gtfs","20270201","2026-09-29","low","partially confirmed","Feed publishes multiple products; discounted, special, or non-core products were excluded where identifiable, then the lowest positive core candidate was retained."
"abqride","ABQ RIDE (Albuquerque)","New Mexico","","USD","GTFS zero-fare candidate","","https://files.mobilitydatabase.org/mdb-166/mdb-166-202606060001/mdb-166-202606060001.zip","gtfs","20260904","2026-09-29","unresolved","unresolved","GTFS publishes only zero-value legacy fare attributes; this may be a placeholder and was not treated as proof of free service."
"santafetrails","Santa Fe Trails","New Mexico","","","","","https://passio3.com/santafenm/passioTransit/gtfs/google_transit.zip","agency-feed","","2026-09-29","unresolved","no fare found","Feed was inspected but did not contain a usable fare_attributes.txt or fare_products.txt record."
"capmetro","Capital Metro (Austin)","Texas","1.25","USD","GTFS Fares V1 fare attribute","a","https://files.mobilitydatabase.org/mdb-150/latest.zip","gtfs","20270109","2026-09-29","low","partially confirmed","Feed publishes multiple products; discounted, special, or non-core products were excluded where identifiable, then the lowest positive core candidate was retained."
"dart","Dallas Area Rapid Transit (DART)","Texas","1","USD","GTFS Fares V1 fare attribute","Adult Local Streetcar One-way","http://www.dart.org/transitdata/latest/google_transit.zip","gtfs","20260913","2026-09-29","low","partially confirmed","Feed publishes multiple products; discounted, special, or non-core products were excluded where identifiable, then the lowest positive core candidate was retained."
"trinitymetro","Trinity Metro (Fort Worth)","Texas","2","USD","GTFS Fares V2 base product","Local Single Ride","https://files.mobilitydatabase.org/mdb-2890/mdb-2890-202606170131/mdb-2890-202606170131.zip","gtfs","20260926","2026-09-29","medium","partially confirmed","Feed publishes multiple products; discounted, special, or non-core products were excluded where identifiable, then the lowest positive core candidate was retained."
"metrohouston","METRO Houston","Texas","1.25","USD","GTFS Fares V1 fare attribute","local","https://metro.resourcespace.com/pages/download.php?ref=4835&ext=zip","gtfs","20270123","2026-09-29","low","partially confirmed","Feed publishes multiple products; discounted, special, or non-core products were excluded where identifiable, then the lowest positive core candidate was retained."
"via","VIA Metropolitan Transit (San Antonio)","Texas","0.65","USD","GTFS Fares V1 fare attribute","3","https://files.mobilitydatabase.org/tld-217/latest.zip","gtfs","20270110","2026-09-29","low","partially confirmed","Feed publishes multiple products; discounted, special, or non-core products were excluded where identifiable, then the lowest positive core candidate was retained."
"embark","Embark (Oklahoma City)","Oklahoma","1","USD","GTFS Fares V2 base product","Adult single streetcar trip","https://files.mobilitydatabase.org/mdb-2062/mdb-2062-202607030109/mdb-2062-202607030109.zip","gtfs","20270702","2026-09-29","medium","partially confirmed","Feed publishes multiple products; discounted, special, or non-core products were excluded where identifiable, then the lowest positive core candidate was retained."
"rockregion","Rock Region Metro (Little Rock)","Arkansas","","","","","https://files.mobilitydatabase.org/mdb-2264/mdb-2264-202507280407/mdb-2264-202507280407.zip","agency-feed","","2026-09-29","unresolved","no fare found","Feed was inspected but did not contain a usable fare_attributes.txt or fare_products.txt record."
"nashvillemta","Nashville MTA WeGo Public Transit","Tennessee","1.65","USD","GTFS Fares V1 fare attribute","1","https://files.mobilitydatabase.org/mdb-360/mdb-360-202606200107/mdb-360-202606200107.zip","gtfs","20270213","2026-09-29","low","confirmed","Fare extracted from the current locally available GTFS feed."
"mata","Memphis Area Transit Authority","Tennessee","","","","","https://gtfs.mata.cadavl.com/MATA/GTFS/GTFS_MATA.zip","agency-feed","","2026-09-29","unresolved","no fare found","Feed was inspected but did not contain a usable fare_attributes.txt or fare_products.txt record."
"norta","New Orleans Regional Transit Authority (NORTA)","Louisiana","","","","","https://files.mobilitydatabase.org/ntd-60032/ntd-60032-202605140120/ntd-60032-202605140120.zip","agency-feed","","2026-09-29","unresolved","no fare found","Feed was inspected but did not contain a usable fare_attributes.txt or fare_products.txt record."
"cincinnatimetro","Cincinnati Metro (SORTA)","Ohio","2.2","USD","GTFS Fares V1 fare attribute","8","https://files.mobilitydatabase.org/mdb-307/latest.zip","gtfs","20261205","2026-09-29","low","partially confirmed","Feed publishes multiple products; discounted, special, or non-core products were excluded where identifiable, then the lowest positive core candidate was retained."
"tarc","Transit Authority of River City (Louisville)","Kentucky","","","","","https://tarc.rideralerts.com/InfoPoint/gtfs-zip.ashx","agency-feed","","2026-09-29","unresolved","no fare found","Feed was inspected but did not contain a usable fare_attributes.txt or fare_products.txt record."
"mcts","Milwaukee County Transit System (MCTS)","Wisconsin","2","USD","GTFS Fares V1 fare attribute","PREMIUM","https://files.mobilitydatabase.org/mdb-2127/latest.zip","gtfs","","2026-09-29","low","partially confirmed","Feed publishes multiple products; discounted, special, or non-core products were excluded where identifiable, then the lowest positive core candidate was retained."
"metrostlouis","Metro St. Louis","Missouri","","","","","https://files.mobilitydatabase.org/mdb-190/mdb-190-202605290001/mdb-190-202605290001.zip","agency-feed","","2026-09-29","unresolved","no fare found","Feed was inspected but did not contain a usable fare_attributes.txt or fare_products.txt record."
"kcata","Kansas City Area Transportation Authority (KCATA)","Missouri","","","","","http://www.kc-metro.com/gtf/google_transit.zip","agency-feed","","2026-09-29","unresolved","no fare found","Feed was inspected but did not contain a usable fare_attributes.txt or fare_products.txt record."
"omahametro","Omaha Metro","Nebraska","","","","","https://files.mobilitydatabase.org/mdb-2261/mdb-2261-202604230118/mdb-2261-202604230118.zip","agency-feed","","2026-09-29","unresolved","no fare found","Feed was inspected but did not contain a usable fare_attributes.txt or fare_products.txt record."
"ladot","Los Angeles Department of Transportation (LADOT/DASH)","California","","","","","https://files.mobilitydatabase.org/mdb-1210/mdb-1210-202607030056/mdb-1210-202607030056.zip","agency-feed","","2026-09-29","unresolved","no fare found","Feed was inspected but did not contain a usable fare_attributes.txt or fare_products.txt record."
"culvercitybus","Culver City Bus","California","0.35","USD","GTFS Fares V2 base product","Medicare Card Holder","https://web.culvercity.org/gtfs/gtfsexport.zip","gtfs","20260712","2026-09-29","medium","partially confirmed","Feed publishes multiple products; discounted, special, or non-core products were excluded where identifiable, then the lowest positive core candidate was retained."
"santaclarita","Santa Clarita Transit","California","1.25","USD","GTFS Fares V1 fare attribute","1","https://files.mobilitydatabase.org/tld-1256/tld-1256-202606250025/tld-1256-202606250025.zip","gtfs","20271231","2026-09-29","low","partially confirmed","Feed publishes multiple products; discounted, special, or non-core products were excluded where identifiable, then the lowest positive core candidate was retained."
"montebello","Montebello Bus Lines","California","","","","","https://files.mobilitydatabase.org/mdb-2201/mdb-2201-202606270133/mdb-2201-202606270133.zip","agency-feed","","2026-09-29","unresolved","no fare found","Feed was inspected but did not contain a usable fare_attributes.txt or fare_products.txt record."
"burbankbus","BurbankBus","California","","","","","https://files.mobilitydatabase.org/mdb-2149/mdb-2149-202607030052/mdb-2149-202607030052.zip","agency-feed","","2026-09-29","unresolved","no fare found","Feed was inspected but did not contain a usable fare_attributes.txt or fare_products.txt record."
"glendalebeeline","Glendale Beeline","California","","","","","https://files.mobilitydatabase.org/mdb-1280/mdb-1280-202402120036/mdb-1280-202402120036.zip","agency-feed","","2026-09-29","unresolved","no fare found","Feed was inspected but did not contain a usable fare_attributes.txt or fare_products.txt record."
"pasadenatransit","Pasadena Transit","California","0.75","USD","GTFS Fares V2 base product","Single Trip (Full Fare)","https://files.mobilitydatabase.org/mdb-41/mdb-41-202606270117/mdb-41-202606270117.zip","gtfs","20271231","2026-09-29","medium","partially confirmed","Feed publishes multiple products; discounted, special, or non-core products were excluded where identifiable, then the lowest positive core candidate was retained."
"norwalktransit","Norwalk Transit System","California","","","","","https://files.mobilitydatabase.org/tld-881/tld-881-202511280046/tld-881-202511280046.zip","agency-feed","","2026-09-29","unresolved","no fare found","Feed was inspected but did not contain a usable fare_attributes.txt or fare_products.txt record."
"pvpta","Palos Verdes Peninsula Transit Authority (PVPTA)","California","","","","","http://data.trilliumtransit.com/gtfs/pvpta-ca-us/pvpta-ca-us.zip","agency-feed","","2026-09-29","unresolved","no fare found","Feed was inspected but did not contain a usable fare_attributes.txt or fare_products.txt record."
"gtrans","GTrans (Gardena Municipal Bus Lines)","California","","","","","https://ridegtrans.com/gtfs.zip","agency-feed","","2026-09-29","unresolved","no fare found","Feed was inspected but did not contain a usable fare_attributes.txt or fare_products.txt record."
"vvta","Victor Valley Transit Authority (VVTA)","California","","","","","https://api.transloc.com/gtfs/vvta.zip","agency-feed","","2026-09-29","unresolved","no fare found","Feed was inspected but did not contain a usable fare_attributes.txt or fare_products.txt record."
"vctc","Ventura County Transportation Commission (VCTC Intercity)","California","0.8","USD","GTFS Fares V1 fare attribute","Reduced - Senior, ADA","https://www.goventura.org/wp-content/uploads/2026/02/20260213-GMV_Schedule.zip","gtfs","20301231","2026-09-29","low","partially confirmed","Feed publishes multiple products; discounted, special, or non-core products were excluded where identifiable, then the lowest positive core candidate was retained."
"elmonte","El Monte Transit","California","0.5","USD","GTFS Fares V1 fare attribute","GENFARE","https://rapid.nationalrtap.org/GTFSFileManagement/UserUploadFiles/11664/Google_Transit.zip","gtfs","20271125","2026-09-29","low","partially confirmed","Feed publishes multiple products; discounted, special, or non-core products were excluded where identifiable, then the lowest positive core candidate was retained."
"cta","Chicago Transit Authority (CTA)","Illinois","2","USD","GTFS Fares V1 fare attribute","1778","https://www.transitchicago.com/downloads/sch_data/google_transit.zip","gtfs","20270101","2026-09-29","low","confirmed","Fare extracted from the current locally available GTFS feed."
"metra","Metra (Chicago)","Illinois","","","","","https://files.mobilitydatabase.org/mdb-2854/mdb-2854-202606280011/mdb-2854-202606280011.zip","agency-feed","","2026-09-29","unresolved","no fare found","Feed was inspected but did not contain a usable fare_attributes.txt or fare_products.txt record."
"pace-bus","Pace Bus (Chicago suburbs)","Illinois","4.4","CAD","GTFS Fares V1 fare attribute","111-111","https://files.mobilitydatabase.org/mdb-2347/mdb-2347-202605290102/mdb-2347-202605290102.zip","gtfs","20260904","2026-09-29","low","partially confirmed","Feed publishes multiple products; discounted, special, or non-core products were excluded where identifiable, then the lowest positive core candidate was retained."
"marta","MARTA (Atlanta)","Georgia","","","","","https://www.itsmarta.com/google_transit_feed/google_transit.zip","agency-feed","","2026-09-29","unresolved","no fare found","Feed was inspected but did not contain a usable fare_attributes.txt or fare_products.txt record."
"cobblinc","CobbLinc (Marietta, GA)","Georgia","","","","","https://files.mobilitydatabase.org/mdb-3193/mdb-3193-202607020158/mdb-3193-202607020158.zip","agency-feed","","2026-09-29","unresolved","no fare found","Feed was inspected but did not contain a usable fare_attributes.txt or fare_products.txt record."
"gwinnett-transit","Gwinnett County Transit","Georgia","","","","","https://files.mobilitydatabase.org/mdb-2241/mdb-2241-202607030045/mdb-2241-202607030045.zip","agency-feed","","2026-09-29","unresolved","no fare found","Feed was inspected but did not contain a usable fare_attributes.txt or fare_products.txt record."
"miami-dade-transit","Miami-Dade Transit","Florida","","","","","https://files.mobilitydatabase.org/mdb-331/mdb-331-202608010003/mdb-331-202608010003.zip","agency-feed","","2026-09-29","unresolved","no fare found","Feed was inspected but did not contain a usable fare_attributes.txt or fare_products.txt record."
"broward-transit","Broward County Transit","Florida","","","","","https://files.mobilitydatabase.org/mdb-330/mdb-330-202606300003/mdb-330-202606300003.zip","agency-feed","","2026-09-29","unresolved","no fare found","Feed was inspected but did not contain a usable fare_attributes.txt or fare_products.txt record."
"transfort","Transfort (Fort Collins)","Colorado","","","","","https://ridetransfort.com/wp-content/uploads/transfort_gtfs.zip","agency-feed","","2026-09-29","unresolved","no fare found","Feed was inspected but did not contain a usable fare_attributes.txt or fare_products.txt record."
"septa","SEPTA (Philadelphia)","Pennsylvania","2.9","USD","GTFS Fares V2 base product","Bus and Metro Pay-Per-Ride Contactless","https://www3.septa.org/developer/google_bus.zip","gtfs","20260822","2026-09-29","medium","confirmed","Fare extracted from the current locally available GTFS feed."
"wmata","WMATA (Washington, DC)","Washington DC","","","","","https://files.mobilitydatabase.org/mdb-1846/latest.zip","agency-feed","","2026-09-29","unresolved","no fare found","Feed was inspected but did not contain a usable fare_attributes.txt or fare_products.txt record."
"vre","Virginia Railway Express (VRE)","Virginia","","","","","https://gtfs.vre.org/containercdngtfsupload/google_transit.zip","agency-feed","","2026-09-29","unresolved","no fare found","Feed was inspected but did not contain a usable fare_attributes.txt or fare_products.txt record."
"marc","MARC Train (MTA Maryland)","Maryland","","","","","https://feeds.mta.maryland.gov/gtfs/marc","agency-feed","","2026-09-29","unresolved","no fare found","Feed was inspected but did not contain a usable fare_attributes.txt or fare_products.txt record."
"rideon","Ride On (Montgomery County)","Maryland","","","","","https://mcg.montgomerycountymd.gov/DOT-Transit/Resources/Files/GTFS/RideOnGTFS.zip","agency-feed","","2026-09-29","unresolved","no fare found","Feed was inspected but did not contain a usable fare_attributes.txt or fare_products.txt record."
"fairfax","Fairfax Connector","Virginia","","USD","GTFS zero-fare candidate","","https://www.fairfaxcounty.gov/connector/sites/connector/files/assets/connector_gtfs.zip","gtfs","20280930","2026-09-29","unresolved","unresolved","GTFS publishes only zero-value legacy fare attributes; this may be a placeholder and was not treated as proof of free service."
"art","Arlington Transit (ART)","Virginia","0.7","USD","GTFS Fares V1 fare attribute","14","https://www.arlingtontransit.com/shared/content/gtfs/art/google_transit.zip","gtfs","20180630","2026-09-29","low","partially confirmed","Feed publishes multiple products; discounted, special, or non-core products were excluded where identifiable, then the lowest positive core candidate was retained."
"dash","DASH (Alexandria)","Virginia","","USD","GTFS zero-fare candidate","","https://www.dashbus.com/wp-content/gtfs/google_transit.zip","gtfs","20270731","2026-09-29","unresolved","unresolved","GTFS publishes only zero-value legacy fare attributes; this may be a placeholder and was not treated as proof of free service."
"nyct-subway","MTA NYCT Subway","New York","","","","","https://rrgtfsfeeds.s3.amazonaws.com/gtfs_subway.zip","agency-feed","","2026-09-29","unresolved","no fare found","Feed was inspected but did not contain a usable fare_attributes.txt or fare_products.txt record."
"nyct-bus-manhattan","MTA NYCT Bus (Manhattan)","New York","","","","","https://files.mobilitydatabase.org/mdb-513/latest.zip","agency-feed","","2026-09-29","unresolved","no fare found","Feed was inspected but did not contain a usable fare_attributes.txt or fare_products.txt record."
"nyct-bus-brooklyn","MTA NYCT Bus (Brooklyn)","New York","","","","","https://files.mobilitydatabase.org/mdb-512/latest.zip","agency-feed","","2026-09-29","unresolved","no fare found","Feed was inspected but did not contain a usable fare_attributes.txt or fare_products.txt record."
"nyct-bus-queens","MTA NYCT Bus (Queens)","New York","","","","","https://files.mobilitydatabase.org/mdb-520/latest.zip","agency-feed","","2026-09-29","unresolved","no fare found","Feed was inspected but did not contain a usable fare_attributes.txt or fare_products.txt record."
"nyct-bus-bronx","MTA NYCT Bus (Bronx)","New York","","","","","https://files.mobilitydatabase.org/mdb-528/latest.zip","agency-feed","","2026-09-29","unresolved","no fare found","Feed was inspected but did not contain a usable fare_attributes.txt or fare_products.txt record."
"nyct-bus-si","MTA NYCT Bus (Staten Island)","New York","","","","","https://files.mobilitydatabase.org/mdb-514/latest.zip","agency-feed","","2026-09-29","unresolved","no fare found","Feed was inspected but did not contain a usable fare_attributes.txt or fare_products.txt record."
"lirr","MTA Long Island Rail Road","New York","","","","","https://rrgtfsfeeds.s3.amazonaws.com/gtfslirr.zip","agency-feed","","2026-09-29","unresolved","no fare found","Feed was inspected but did not contain a usable fare_attributes.txt or fare_products.txt record."
"mnr","Metro-North Railroad (MNR)","New York","","","","","https://files.mobilitydatabase.org/mdb-524/mdb-524-202607030002/mdb-524-202607030002.zip","agency-feed","","2026-09-29","unresolved","no fare found","Feed was inspected but did not contain a usable fare_attributes.txt or fare_products.txt record."
"njt-rail","NJ Transit Rail","New Jersey","","","","","https://files.mobilitydatabase.org/mdb-509/mdb-509-202607010038/mdb-509-202607010038.zip","agency-feed","","2026-09-29","unresolved","no fare found","Feed was inspected but did not contain a usable fare_attributes.txt or fare_products.txt record."
"njt-bus","NJ Transit Bus","New Jersey","","","","","https://files.mobilitydatabase.org/mdb-508/mdb-508-202607010134/mdb-508-202607010134.zip","agency-feed","","2026-09-29","unresolved","no fare found","Feed was inspected but did not contain a usable fare_attributes.txt or fare_products.txt record."
"path","PATH (Port Authority Trans-Hudson)","New Jersey","3","USD","GTFS Fares V1 fare attribute","609","https://data.trilliumtransit.com/gtfs/path-nj-us/path-nj-us.zip","gtfs","20260601","2026-09-29","low","confirmed","Fare extracted from the current locally available GTFS feed."
"beeline","Westchester County Bee-Line System (BeeLine)","New York","","","","","https://westchester-gmv.itoworld.com/production/ito_westchester_county_gtfs.zip","agency-feed","","2026-09-29","unresolved","no fare found","Feed was inspected but did not contain a usable fare_attributes.txt or fare_products.txt record."
"nice","Nassau Inter-County Express (NICE Bus)","New York","","","","","https://files.mobilitydatabase.org/mdb-521/mdb-521-202606070009/mdb-521-202606070009.zip","agency-feed","","2026-09-29","unresolved","no fare found","Feed was inspected but did not contain a usable fare_attributes.txt or fare_products.txt record."
"tor","Transport of Rockland (TOR)","New York","","","","","https://s3.amazonaws.com/datatools-511ny/public/TOR_Transport_of_Rockland.zip","agency-feed","","2026-09-29","unresolved","no fare found","Feed was inspected but did not contain a usable fare_attributes.txt or fare_products.txt record."
"sct","Suffolk County Transit (SCT)","New York","","","","","https://tracksctbus.org/gtfs","agency-feed","","2026-09-29","unresolved","no fare found","Feed was inspected but did not contain a usable fare_attributes.txt or fare_products.txt record."
"part","Putnam Area Rapid Transit (PART)","New York","","","","","https://s3.amazonaws.com/datatools-511ny/public/PART_Putnam_Area_Rapid_Transit.zip","agency-feed","","2026-09-29","unresolved","no fare found","Feed was inspected but did not contain a usable fare_attributes.txt or fare_products.txt record."
"dutchess","Dutchess County Public Transit","New York","","","","","https://s3.amazonaws.com/datatools-511ny/public/Dutchess_County_Transit.zip","agency-feed","","2026-09-29","unresolved","no fare found","Feed was inspected but did not contain a usable fare_attributes.txt or fare_products.txt record."
"metro-transit","Metro Transit (Minneapolis)","Minnesota","","","","","https://files.mobilitydatabase.org/mdb-205/latest.zip","agency-feed","","2026-09-29","unresolved","no fare found","Feed was inspected but did not contain a usable fare_attributes.txt or fare_products.txt record."
"port-authority-pa","Pittsburgh Regional Transit","Pennsylvania","2.75","USD","GTFS Fares V1 fare attribute","Regular","https://files.mobilitydatabase.org/mdb-409/mdb-409-202606280112/mdb-409-202606280112.zip","gtfs","20261024","2026-09-29","low","confirmed","Fare extracted from the current locally available GTFS feed."
"ata","Area Transportation Authority (ATA)","Pennsylvania","","","","","https://rideata.rideralerts.com/InfoPoint/gtfs-zip.ashx","agency-feed","","2026-09-29","unresolved","no fare found","Feed was inspected but did not contain a usable fare_attributes.txt or fare_products.txt record."
"albemarle-county","Charlottesville Area Transit (CAT)","Virginia","","","","","https://apps.charlottesville.gov/publicfiles/GTFS.zip","agency-feed","","2026-09-29","unresolved","no fare found","Feed was inspected but did not contain a usable fare_attributes.txt or fare_products.txt record."
"chemung-county","Chemung County C-TRAN","New York","","","","","https://s3.amazonaws.com/datatools-511ny/public/Chemung_C_TRAN.zip","agency-feed","","2026-09-29","unresolved","no fare found","Feed was inspected but did not contain a usable fare_attributes.txt or fare_products.txt record."
"decatur","Decatur Public Transit System","Illinois","","","","","https://gtfs.remix.com/dpts_decatur_il_us.zip","agency-feed","","2026-09-29","unresolved","no fare found","Feed was inspected but did not contain a usable fare_attributes.txt or fare_products.txt record."
"essex-county","Cape Ann Transportation Authority (CATA)","Massachusetts","","USD","GTFS zero-fare candidate","","http://data.trilliumtransit.com/gtfs/capeann-ma-us/capeann-ma-us.zip","gtfs","20270301","2026-09-29","unresolved","unresolved","GTFS publishes only zero-value legacy fare attributes; this may be a placeholder and was not treated as proof of free service."
"fort-mcmurray","Regional Municipality of Wood Buffalo Transit","Alberta","","","","","https://rmwb-gtfsrt.civilia.ca/gtfs","agency-feed","","2026-09-29","unresolved","no fare found","Feed was inspected but did not contain a usable fare_attributes.txt or fare_products.txt record."
"fort-smith","City of Fort Smith","Arkansas","1.25","USD","GTFS Fares V1 fare attribute","Regular","https://rapid.nationalrtap.org/GTFSFileManagement/UserUploadFiles/11783/FST_GTFS.zip","gtfs","20270110","2026-09-29","low","partially confirmed","Feed publishes multiple products; discounted, special, or non-core products were excluded where identifiable, then the lowest positive core candidate was retained."
"janesville","Janesville Transit System","Wisconsin","1.5","USD","GTFS Fares V1 fare attribute","1207","http://data.trilliumtransit.com/gtfs/jts-wi-us/jts-wi-us.zip","gtfs","20261210","2026-09-29","low","partially confirmed","Feed publishes multiple products; discounted, special, or non-core products were excluded where identifiable, then the lowest positive core candidate was retained."
"kaua-i-county","The Kauai Bus","Hawaii","","","","","https://thekauaibus.com/gtfs","agency-feed","","2026-09-29","unresolved","no fare found","Feed was inspected but did not contain a usable fare_attributes.txt or fare_products.txt record."
"los-alamos-county","Atomic City Transit","New Mexico","","USD","GTFS zero-fare candidate","","https://gtfs.remix.com/act_los_alamos_nm_us.zip","gtfs","20261231","2026-09-29","unresolved","unresolved","GTFS publishes only zero-value legacy fare attributes; this may be a placeholder and was not treated as proof of free service."
"marathon-county","Metro Ride","Wisconsin","1.75","USD","GTFS Fares V1 fare attribute","4471","http://data.trilliumtransit.com/gtfs/wausau-wi-us/wausau-wi-us.zip","gtfs","20270101","2026-09-29","low","confirmed","Fare extracted from the current locally available GTFS feed."
"mason-city","Mason City Public Transit","Iowa","0.5","USD","GTFS Fares V1 fare attribute","General","http://data.trilliumtransit.com/gtfs/masoncity-ia-us/masoncity-ia-us.zip","gtfs","20270101","2026-09-29","low","confirmed","Fare extracted from the current locally available GTFS feed."
"maui-county","Maui County Transit","Hawaii","","","","","https://mauibus.org/gtfs","agency-feed","","2026-09-29","unresolved","no fare found","Feed was inspected but did not contain a usable fare_attributes.txt or fare_products.txt record."
"medicine-hat","Medicine Hat Transit","Alberta","","","","","https://medicinehat.tmix.se/Tmix.Cap.TdExport.WebApi/gtfs/","agency-feed","","2026-09-29","unresolved","no fare found","Feed was inspected but did not contain a usable fare_attributes.txt or fare_products.txt record."
"muscogee-county","METRA","Georgia","","","","","https://metracolumbus.com/gtfs","agency-feed","","2026-09-29","unresolved","no fare found","Feed was inspected but did not contain a usable fare_attributes.txt or fare_products.txt record."
"nash-county","Tar River Transit","North Carolina","1.25","USD","GTFS Fares V1 fare attribute","1717","http://data.trilliumtransit.com/gtfs/tarriver-nc-us/tarriver-nc-us.zip","gtfs","20270201","2026-09-29","low","confirmed","Fare extracted from the current locally available GTFS feed."
"rock-county","Beloit Transit System","Wisconsin","","","","","https://passio3.com/beloit/passioTransit/gtfs/google_transit.zip","agency-feed","","2026-09-29","unresolved","no fare found","Feed was inspected but did not contain a usable fare_attributes.txt or fare_products.txt record."
"sheboygan-county","Shoreline Metro","Wisconsin","2","USD","GTFS Fares V1 fare attribute","830","http://data.trilliumtransit.com/gtfs/sheboygan-wi-us/sheboygan-wi-us.zip","gtfs","20271231","2026-09-29","low","partially confirmed","Feed publishes multiple products; discounted, special, or non-core products were excluded where identifiable, then the lowest positive core candidate was retained."
"washington-county","Johnson City","Tennessee","","","","","https://www.johnsoncitytransit.org/google_transit.zip","agency-feed","","2026-09-29","unresolved","no fare found","Feed was inspected but did not contain a usable fare_attributes.txt or fare_products.txt record."
"whitman-county","City of Pullman","Washington","","","","","https://pullmanbusbeacon.com/gtfs","agency-feed","","2026-09-29","unresolved","no fare found","Feed was inspected but did not contain a usable fare_attributes.txt or fare_products.txt record."
"beaver-county","Beaver County Transit Authority","Pennsylvania","","","","","https://bcta.rideralerts.com/InfoPoint/gtfs-zip.ashx","agency-feed","","2026-09-29","unresolved","no fare found","Feed was inspected but did not contain a usable fare_attributes.txt or fare_products.txt record."
"butler-pa","Butler Transit Authority","Pennsylvania","","","","","https://butlerivl.availtec.com/InfoPoint/gtfs-zip.ashx","agency-feed","","2026-09-29","unresolved","no fare found","Feed was inspected but did not contain a usable fare_attributes.txt or fare_products.txt record."
"camtran","CamTran","Pennsylvania","1.75","USD","GTFS Fares V1 fare attribute","1","https://live.camtranbus.com/InfoPoint/gtfs-zip.ashx","gtfs","20290131","2026-09-29","low","confirmed","Fare extracted from the current locally available GTFS feed."
"fact","Fayette Area Coordinated Transportation","Pennsylvania","","","","","https://fact.rideralerts.com/InfoPoint/gtfs-zip.ashx","agency-feed","","2026-09-29","unresolved","no fare found","Feed was inspected but did not contain a usable fare_attributes.txt or fare_products.txt record."
"freedom-transit","Freedom Transit","Pennsylvania","","","","","https://freedom.rideralerts.com/InfoPoint/gtfs-zip.ashx","agency-feed","","2026-09-29","unresolved","no fare found","Feed was inspected but did not contain a usable fare_attributes.txt or fare_products.txt record."
"indigo","IndiGO","Pennsylvania","1.75","USD","GTFS Fares V1 fare attribute","133","https://indigobus.availtec.com/InfoPoint/gtfs-zip.ashx","gtfs","20270630","2026-09-29","low","confirmed","Fare extracted from the current locally available GTFS feed."
"mmvta","Mid Mon Valley Transit","Pennsylvania","","","","","https://mmvta.rideralerts.com/InfoPoint/gtfs-zip.ashx","agency-feed","","2026-09-29","unresolved","no fare found","Feed was inspected but did not contain a usable fare_attributes.txt or fare_products.txt record."
"new-castle","New Castle Area Transit Authority","Pennsylvania","","","","","https://ncata.rideralerts.com/InfoPoint/gtfs-zip.ashx","agency-feed","","2026-09-29","unresolved","no fare found","Feed was inspected but did not contain a usable fare_attributes.txt or fare_products.txt record."
"westmoreland","Westmoreland Transit","Pennsylvania","","","","","https://wcta.rideralerts.com/InfoPoint/gtfs-zip.ashx","agency-feed","","2026-09-29","unresolved","no fare found","Feed was inspected but did not contain a usable fare_attributes.txt or fare_products.txt record."
"uta","Utah Transit Authority (UTA)","Utah","","","","","https://files.mobilitydatabase.org/mdb-170/latest.zip","agency-feed","","2026-09-29","unresolved","no fare found","Feed was inspected but did not contain a usable fare_attributes.txt or fare_products.txt record."
"jta","Jacksonville Transportation Authority (JTA)","Florida","","","","","https://files.mobilitydatabase.org/tld-764/tld-764-202606200015/tld-764-202606200015.zip","agency-feed","","2026-09-29","unresolved","no fare found","Feed was inspected but did not contain a usable fare_attributes.txt or fare_products.txt record."
"cats","Charlotte Area Transit System (CATS)","North Carolina","","","","","https://files.mobilitydatabase.org/mdb-2265/mdb-2265-202606120001/mdb-2265-202606120001.zip","agency-feed","","2026-09-29","unresolved","no fare found","Feed was inspected but did not contain a usable fare_attributes.txt or fare_products.txt record."
"goraleigh","GoRaleigh (Capital Area Transit)","North Carolina","4.4","CAD","GTFS Fares V1 fare attribute","111-111","https://files.mobilitydatabase.org/mdb-2074/mdb-2074-202607010046/mdb-2074-202607010046.zip","gtfs","20260904","2026-09-29","low","partially confirmed","Feed publishes multiple products; discounted, special, or non-core products were excluded where identifiable, then the lowest positive core candidate was retained."
"gotriangle","GoTriangle (Raleigh-Durham)","North Carolina","4.4","CAD","GTFS Fares V1 fare attribute","111-111","http://gotriangle.org/gtfs","gtfs","20260904","2026-09-29","low","partially confirmed","Feed publishes multiple products; discounted, special, or non-core products were excluded where identifiable, then the lowest positive core candidate was retained."
"indygo","IndyGo (Indianapolis)","Indiana","4.4","CAD","GTFS Fares V1 fare attribute","111-111","https://realtime.indygo.net/InfoPoint/gtfs-zip.ashx","gtfs","20260904","2026-09-29","low","partially confirmed","Feed publishes multiple products; discounted, special, or non-core products were excluded where identifiable, then the lowest positive core candidate was retained."
"mta-maryland","Maryland Transit Administration (MTA Maryland)","Maryland","2","USD","GTFS Fares V2 base product","One Way Full Fare","https://files.mobilitydatabase.org/mdb-466/latest.zip","gtfs","20270206","2026-09-29","medium","partially confirmed","Feed publishes multiple products; discounted, special, or non-core products were excluded where identifiable, then the lowest positive core candidate was retained."
"hart","Hillsborough Area Regional Transit (HART)","Florida","","","","","https://files.mobilitydatabase.org/mdb-325/latest.zip","agency-feed","","2026-09-29","unresolved","no fare found","Feed was inspected but did not contain a usable fare_attributes.txt or fare_products.txt record."
"tampa-international-airport","Tampa International Airport","","1","USD","GTFS Fares V1 fare attribute","4","https://files.mobilitydatabase.org/mdb-325/latest.zip","gtfs","20270102","2026-09-29","low","partially confirmed","Feed publishes multiple products; discounted, special, or non-core products were excluded where identifiable, then the lowest positive core candidate was retained."
"lynx","LYNX (Central Florida)","Florida","2","USD","GTFS Fares V1 fare attribute","STD","http://gtfsrt.golynx.com/gtfsrt/google_transit.zip","gtfs","20261212","2026-09-29","low","partially confirmed","Feed publishes multiple products; discounted, special, or non-core products were excluded where identifiable, then the lowest positive core candidate was retained."
"thebus","TheBus (Honolulu)","Hawaii","","","","","https://files.mobilitydatabase.org/mdb-2350/latest.zip","agency-feed","","2026-09-29","unresolved","no fare found","Feed was inspected but did not contain a usable fare_attributes.txt or fare_products.txt record."
"ripta","Rhode Island Public Transit Authority (RIPTA)","Rhode Island","","","","","https://files.mobilitydatabase.org/mdb-624/mdb-624-202606210030/mdb-624-202606210030.zip","agency-feed","","2026-09-29","unresolved","no fare found","Feed was inspected but did not contain a usable fare_attributes.txt or fare_products.txt record."
"valley-regional-transit","Valley Regional Transit (Boise)","Idaho","","","","","https://files.mobilitydatabase.org/mdb-142/mdb-142-202606100102/mdb-142-202606100102.zip","agency-feed","","2026-09-29","unresolved","no fare found","Feed was inspected but did not contain a usable fare_attributes.txt or fare_products.txt record."
"psta","Pinellas Suncoast Transit Authority (PSTA)","Florida","","","","","https://www.ftis.org/PostFileDownload.aspx?id=1036A0","agency-feed","","2026-09-29","unresolved","no fare found","Feed was inspected but did not contain a usable fare_attributes.txt or fare_products.txt record."
"palm-tran","Palm Tran (West Palm Beach)","Florida","2","USD","GTFS Fares V1 fare attribute","6","https://files.mobilitydatabase.org/mdb-332/mdb-332-202605190002/mdb-332-202605190002.zip","gtfs","20260919","2026-09-29","low","confirmed","Fare extracted from the current locally available GTFS feed."
"sunrail","SunRail (Orlando)","Florida","2","USD","GTFS Fares V1 fare attribute","BASE ONE COUNTY","https://files.mobilitydatabase.org/mdb-626/mdb-626-202512170136/mdb-626-202512170136.zip","gtfs","","2026-09-29","low","partially confirmed","Feed publishes multiple products; discounted, special, or non-core products were excluded where identifiable, then the lowest positive core candidate was retained."
"votran","Votran (Volusia County)","Florida","2","USD","GTFS Fares V1 fare attribute","87","https://www.votran.org/file/6120/google_transit_June-2026.zip","gtfs","20270605","2026-09-29","low","confirmed","Fare extracted from the current locally available GTFS feed."
"chapel-hill-transit","Chapel Hill Transit","North Carolina","","","","","https://files.mobilitydatabase.org/tld-89/tld-89-202607040106/tld-89-202607040106.zip","agency-feed","","2026-09-29","unresolved","no fare found","Feed was inspected but did not contain a usable fare_attributes.txt or fare_products.txt record."
"mvta","Minnesota Valley Transit Authority (MVTA)","Minnesota","","","","","http://srv.mvta.com/InfoPoint/GTFS-Zip.ashx","agency-feed","","2026-09-29","unresolved","no fare found","Feed was inspected but did not contain a usable fare_attributes.txt or fare_products.txt record."
"xpress-ga","Xpress (Georgia Regional)","Georgia","3","USD","GTFS Fares V1 fare attribute","26","https://files.mobilitydatabase.org/mdb-2426/mdb-2426-202504011416/mdb-2426-202504011416.zip","gtfs","20250705","2026-09-29","low","partially confirmed","Feed publishes multiple products; discounted, special, or non-core products were excluded where identifiable, then the lowest positive core candidate was retained."
"omniride","OmniRide (PRTC)","Virginia","3.1","USD","GTFS Fares V1 fare attribute","1","http://omniride.com/omniride/assets/File/google_transit.zip","gtfs","20270130","2026-09-29","low","partially confirmed","Feed publishes multiple products; discounted, special, or non-core products were excluded where identifiable, then the lowest positive core candidate was retained."
"loudoun-transit","Loudoun County Transit","Virginia","","","","","https://files.mobilitydatabase.org/mdb-1053/mdb-1053-202604210103/mdb-1053-202604210103.zip","agency-feed","","2026-09-29","unresolved","no fare found","Feed was inspected but did not contain a usable fare_attributes.txt or fare_products.txt record."
"cue-bus","CUE Bus (Fairfax)","Virginia","","","","","https://files.mobilitydatabase.org/mdb-2885/mdb-2885-202511251947/mdb-2885-202511251947.zip","agency-feed","","2026-09-29","unresolved","no fare found","Feed was inspected but did not contain a usable fare_attributes.txt or fare_products.txt record."
"pgc-the-bus","Prince George's County (The Bus)","Maryland","","","","","https://files.mobilitydatabase.org/mdb-477/mdb-477-202605010139/mdb-477-202605010139.zip","agency-feed","","2026-09-29","unresolved","no fare found","Feed was inspected but did not contain a usable fare_attributes.txt or fare_products.txt record."
"dc-streetcar","DC Streetcar","Washington DC","","USD","GTFS zero-fare candidate","","https://files.mobilitydatabase.org/mdb-2223/mdb-2223-202411271818/mdb-2223-202411271818.zip","gtfs","20250630","2026-09-29","unresolved","unresolved","GTFS publishes only zero-value legacy fare attributes; this may be a placeholder and was not treated as proof of free service."
"fred-transit","Fredericksburg Regional Transit","Virginia","","","","","https://files.mobilitydatabase.org/mdb-2430/mdb-2430-202504011831/mdb-2430-202504011831.zip","agency-feed","","2026-09-29","unresolved","no fare found","Feed was inspected but did not contain a usable fare_attributes.txt or fare_products.txt record."
"hrt","Hampton Roads Transit","Virginia","2","USD","GTFS Fares V1 fare attribute","1","https://files.mobilitydatabase.org/mdb-473/latest.zip","gtfs","20261024","2026-09-29","low","partially confirmed","Feed publishes multiple products; discounted, special, or non-core products were excluded where identifiable, then the lowest positive core candidate was retained."
"bay-transit","Bay Transit","Virginia","","USD","GTFS zero-fare candidate","","https://files.mobilitydatabase.org/mdb-224/latest.zip","gtfs","20261101","2026-09-29","unresolved","unresolved","GTFS publishes only zero-value legacy fare attributes; this may be a placeholder and was not treated as proof of free service."
"wata","Williamsburg Area Transit Authority","Virginia","","","","","https://gtfs.wata.cadavl.com/WATA/GTFS/GTFS_WATA.zip","agency-feed","","2026-09-29","unresolved","no fare found","Feed was inspected but did not contain a usable fare_attributes.txt or fare_products.txt record."
"dart-first-state","DART First State (Wilmington, DE)","Delaware","1","USD","GTFS Fares V1 fare attribute","Adult Local Streetcar One-way","https://files.mobilitydatabase.org/mdb-1235/latest.zip","gtfs","20260913","2026-09-29","low","partially confirmed","Feed publishes multiple products; discounted, special, or non-core products were excluded where identifiable, then the lowest positive core candidate was retained."
"starmetro","StarMetro (Tallahassee)","Florida","0.6","USD","GTFS Fares V1 fare attribute","1","https://www.talgov.com/Uploads/Public/documents/starmetro/GTFS.zip","gtfs","20270101","2026-09-29","low","partially confirmed","Feed publishes multiple products; discounted, special, or non-core products were excluded where identifiable, then the lowest positive core candidate was retained."
"max-transit","MAX Transit (Birmingham)","Alabama","","","","","https://files.mobilitydatabase.org/mdb-2263/latest.zip","agency-feed","","2026-09-29","unresolved","no fare found","Feed was inspected but did not contain a usable fare_attributes.txt or fare_products.txt record."
"montgomery-transit","Montgomery Transit (The M)","Alabama","4.4","CAD","GTFS Fares V1 fare attribute","111-111","https://data.trilliumtransit.com/gtfs/montgomerytransit-al-us/montgomerytransit-al-us.zip","gtfs","20260904","2026-09-29","low","partially confirmed","Feed publishes multiple products; discounted, special, or non-core products were excluded where identifiable, then the lowest positive core candidate was retained."
"carta","Charleston Area Regional Transportation Authority (CARTA)","South Carolina","","","","","https://files.mobilitydatabase.org/mdb-352/latest.zip","agency-feed","","2026-09-29","unresolved","no fare found","Feed was inspected but did not contain a usable fare_attributes.txt or fare_products.txt record."
"cat-savannah","Chatham Area Transit (CAT)","Georgia","1.5","USD","GTFS Fares V1 fare attribute","Default Fare - 1.50","https://files.mobilitydatabase.org/mdb-2080/latest.zip","gtfs","20250727","2026-09-29","low","partially confirmed","Feed publishes multiple products; discounted, special, or non-core products were excluded where identifiable, then the lowest positive core candidate was retained."
"tulsa-transit","Tulsa Transit (MTTA)","Oklahoma","","USD","GTFS zero-fare candidate","","https://tulsa.rideralerts.com/InfoPoint/GTFS-Zip.ashx","gtfs","20261205","2026-09-29","unresolved","unresolved","GTFS publishes only zero-value legacy fare attributes; this may be a placeholder and was not treated as proof of free service."
"sun-tran","Sun Tran (Tucson)","Arizona","","","","","https://GTFS-RT.suntran.com/TMGTFSRealTimeWebService/Static/SunTranGTFS.zip","agency-feed","","2026-09-29","unresolved","no fare found","Feed was inspected but did not contain a usable fare_attributes.txt or fare_products.txt record."
"ycat","Yuma County Area Transit (YCAT)","Arizona","2","USD","GTFS Fares V1 fare attribute","only_fare","https://files.mobilitydatabase.org/mdb-17/latest.zip","gtfs","","2026-09-29","low","confirmed","Fare extracted from the current locally available GTFS feed."
"comet","The COMET (Columbia, SC)","South Carolina","","","","","https://files.mobilitydatabase.org/mdb-2209/latest.zip","agency-feed","","2026-09-29","unresolved","no fare found","Feed was inspected but did not contain a usable fare_attributes.txt or fare_products.txt record."
"greenlink","GreenLink (Greenville, SC)","South Carolina","","","","","https://files.mobilitydatabase.org/tld-490/latest.zip","agency-feed","","2026-09-29","unresolved","no fare found","Feed was inspected but did not contain a usable fare_attributes.txt or fare_products.txt record."
"carta-chattanooga","Chattanooga Area Regional Transportation Authority","Tennessee","1.5","USD","GTFS Fares V1 fare attribute","0","https://raw.githubusercontent.com/gocarta/gtfs/refs/heads/master/gtfs_current.zip","gtfs","20270509","2026-09-29","low","partially confirmed","Feed publishes multiple products; discounted, special, or non-core products were excluded where identifiable, then the lowest positive core candidate was retained."
"citilink-fw","Citilink (Fort Wayne, IN)","Indiana","1.5","USD","GTFS Fares V1 fare attribute","Ticket to Ride","https://files.mobilitydatabase.org/mdb-2266/latest.zip","gtfs","20261231","2026-09-29","low","partially confirmed","Feed publishes multiple products; discounted, special, or non-core products were excluded where identifiable, then the lowest positive core candidate was retained."
"gptc","Gary Public Transportation Corporation (Gary, IN)","Indiana","","","","","https://gptc-gtfs.s3.us-east-2.amazonaws.com/gptc_gtfs.zip","agency-feed","","2026-09-29","unresolved","no fare found","Feed was inspected but did not contain a usable fare_attributes.txt or fare_products.txt record."
"bata","Bay Area Transportation Authority (Traverse City, MI)","Michigan","","","","","https://batabustracker.com/gtfs","agency-feed","","2026-09-29","unresolved","no fare found","Feed was inspected but did not contain a usable fare_attributes.txt or fare_products.txt record."
"citylink-peoria","CityLink (Peoria, IL)","Illinois","","","","","https://files.mobilitydatabase.org/mdb-2208/latest.zip","agency-feed","","2026-09-29","unresolved","no fare found","Feed was inspected but did not contain a usable fare_attributes.txt or fare_products.txt record."
"cedar-rapids","Cedar Rapids Transit","Iowa","","","","","https://files.mobilitydatabase.org/mdb-198/latest.zip","agency-feed","","2026-09-29","unresolved","no fare found","Feed was inspected but did not contain a usable fare_attributes.txt or fare_products.txt record."
"matbus","MATBUS (Fargo, ND)","North Dakota","4.4","CAD","GTFS Fares V1 fare attribute","111-111","https://ridematbus.com/gtfs","gtfs","20260904","2026-09-29","low","partially confirmed","Feed publishes multiple products; discounted, special, or non-core products were excluded where identifiable, then the lowest positive core candidate was retained."
"duluth-transit","Duluth Transit Authority","Minnesota","","","","","https://files.mobilitydatabase.org/mdb-301/latest.zip","agency-feed","","2026-09-29","unresolved","no fare found","Feed was inspected but did not contain a usable fare_attributes.txt or fare_products.txt record."
"grtc","GRTC Transit (Richmond, VA)","Virginia","","","","","https://www.ridegrtc.com/wp-content/uploads/2025/02/gtfs.zip","agency-feed","","2026-09-29","unresolved","no fare found","Feed was inspected but did not contain a usable fare_attributes.txt or fare_products.txt record."
"valley-metro-roanoke","Valley Metro (Roanoke, VA)","Virginia","","","","","https://files.mobilitydatabase.org/mdb-2274/latest.zip","agency-feed","","2026-09-29","unresolved","no fare found","Feed was inspected but did not contain a usable fare_attributes.txt or fare_products.txt record."
"gltc","Greater Lynchburg Transit Company","Virginia","1","USD","GTFS Fares V1 fare attribute","5176","https://files.mobilitydatabase.org/mdb-381/latest.zip","gtfs","20261231","2026-09-29","low","partially confirmed","Feed publishes multiple products; discounted, special, or non-core products were excluded where identifiable, then the lowest positive core candidate was retained."
"dayton","Greater Dayton RTA","Ohio","2","USD","GTFS Fares V1 fare attribute","0","https://files.mobilitydatabase.org/mdb-403/latest.zip","gtfs","20270102","2026-09-29","low","confirmed","Fare extracted from the current locally available GTFS feed."
"youngstown-wrta","Western Reserve Transit Authority (Youngstown)","Ohio","","","","","https://myvalleystops.wrtaonline.com/InfoPoint/gtfs-zip.ashx","agency-feed","","2026-09-29","unresolved","no fare found","Feed was inspected but did not contain a usable fare_attributes.txt or fare_products.txt record."
"sun-metro","Sun Metro (El Paso)","Texas","0.5","USD","GTFS Fares V1 fare attribute","3","https://transit.sunmetro.net/google_transit/google_transit.zip","gtfs","20261212","2026-09-29","low","partially confirmed","Feed publishes multiple products; discounted, special, or non-core products were excluded where identifiable, then the lowest positive core candidate was retained."
"b-line","B-Line (Corpus Christi RTA)","Texas","","","","","https://files.mobilitydatabase.org/mdb-315/latest.zip","agency-feed","","2026-09-29","unresolved","no fare found","Feed was inspected but did not contain a usable fare_attributes.txt or fare_products.txt record."
"citibus","Citibus (Lubbock)","Texas","1","USD","GTFS Fares V1 fare attribute","450","http://data.trilliumtransit.com/gtfs/lubbock-tx-us/lubbock-tx-us.zip","gtfs","20261209","2026-09-29","low","partially confirmed","Feed publishes multiple products; discounted, special, or non-core products were excluded where identifiable, then the lowest positive core candidate was retained."
"amarillo","Amarillo City Transit","Texas","0.75","USD","GTFS Fares V1 fare attribute","A","https://files.mobilitydatabase.org/mdb-213/latest.zip","gtfs","20211231","2026-09-29","low","confirmed","Fare extracted from the current locally available GTFS feed."
"missoula","Mountain Line (Missoula)","Montana","","","","","https://files.mobilitydatabase.org/mdb-292/latest.zip","agency-feed","","2026-09-29","unresolved","no fare found","Feed was inspected but did not contain a usable fare_attributes.txt or fare_products.txt record."
"sportran","SporTran (Shreveport)","Louisiana","","","","","http://sportranbus.com/gtfs","agency-feed","","2026-09-29","unresolved","inaccessible","Cached feed could not be read: Can't find end of central directory : is this a zip file ? If it is, see https://stuk.github.io/jszip/documentation/howto/read_zip.html"
"billings","MET Transit (Billings)","Montana","","","","","https://passio3.com/billings/passioTransit/gtfs/google_transit.zip","agency-feed","","2026-09-29","unresolved","no fare found","Feed was inspected but did not contain a usable fare_attributes.txt or fare_products.txt record."
"ecat","ECAT (Escambia County)","Florida","","","","","https://files.mobilitydatabase.org/mdb-335/latest.zip","agency-feed","","2026-09-29","unresolved","no fare found","Feed was inspected but did not contain a usable fare_attributes.txt or fare_products.txt record."
"rts","RTS (Gainesville)","Florida","1.5","USD","GTFS Fares V1 fare attribute","Regular Fare","https://go-rts.com/wp-content/uploads/2026/08/RTSGTFS_Fall2026-1.zip","gtfs","20270502","2026-09-29","low","confirmed","Fare extracted from the current locally available GTFS feed."
"scat","SCAT (Sarasota County)","Florida","","","","","http://data.trilliumtransit.com/gtfs/spacecoast-fl-us/spacecoast-fl-us.zip","agency-feed","","2026-09-29","unresolved","no fare found","Feed was inspected but did not contain a usable fare_attributes.txt or fare_products.txt record."
"leetran","LeeTran (Fort Myers)","Florida","0.75","USD","GTFS Fares V1 fare attribute","2","https://files.mobilitydatabase.org/mdb-324/latest.zip","gtfs","20261118","2026-09-29","low","partially confirmed","Feed publishes multiple products; discounted, special, or non-core products were excluded where identifiable, then the lowest positive core candidate was retained."
"wave-mobile","Wave Transit (Mobile)","Alabama","","","","","https://files.mobilitydatabase.org/tld-6773/latest.zip","agency-feed","","2026-09-29","unresolved","no fare found","Feed was inspected but did not contain a usable fare_attributes.txt or fare_products.txt record."
"huntsville","Huntsville Shuttle","Alabama","","","","","https://files.mobilitydatabase.org/mdb-2081/latest.zip","agency-feed","","2026-09-29","unresolved","no fare found","Feed was inspected but did not contain a usable fare_attributes.txt or fare_products.txt record."
"bustang-outrider","Bustang Outrider","Colorado","1","USD","GTFS Fares V1 fare attribute","3763","https://files.mobilitydatabase.org/mdb-2330/latest.zip","gtfs","20270201","2026-09-29","low","partially confirmed","Feed publishes multiple products; discounted, special, or non-core products were excluded where identifiable, then the lowest positive core candidate was retained."
"rfta","Roaring Fork Transportation Authority (RFTA)","Colorado","2","USD","GTFS Fares V1 fare attribute","1884","https://files.mobilitydatabase.org/mdb-2278/latest.zip","gtfs","20261122","2026-09-29","low","partially confirmed","Feed publishes multiple products; discounted, special, or non-core products were excluded where identifiable, then the lowest positive core candidate was retained."
"durango-transit","Durango Transit","Colorado","4.4","CAD","GTFS Fares V1 fare attribute","111-111","https://files.mobilitydatabase.org/mdb-2290/latest.zip","gtfs","20260904","2026-09-29","low","partially confirmed","Feed publishes multiple products; discounted, special, or non-core products were excluded where identifiable, then the lowest positive core candidate was retained."
"pueblo-transit","Pueblo Transit","Colorado","1.25","USD","GTFS Fares V1 fare attribute","4977","https://files.mobilitydatabase.org/mdb-2232/latest.zip","gtfs","20270301","2026-09-29","low","confirmed","Fare extracted from the current locally available GTFS feed."
"eco-transit","Core Transit","Colorado","4","USD","GTFS Fares V1 fare attribute","Regular","https://evta.org/gtfs.zip","gtfs","20261121","2026-09-29","low","partially confirmed","Feed publishes multiple products; discounted, special, or non-core products were excluded where identifiable, then the lowest positive core candidate was retained."
"all-points-transit","All Points Transit (Montrose)","Colorado","1.5","USD","GTFS Fares V1 fare attribute","4372","https://files.mobilitydatabase.org/mdb-212/latest.zip","gtfs","20270201","2026-09-29","low","partially confirmed","Feed publishes multiple products; discounted, special, or non-core products were excluded where identifiable, then the lowest positive core candidate was retained."
"kart","Kings Area Rural Transit","California","","","","","https://files.mobilitydatabase.org/mdb-2204/latest.zip","agency-feed","","2026-09-29","unresolved","no fare found","Feed was inspected but did not contain a usable fare_attributes.txt or fare_products.txt record."
"tulare-county-transit","Tulare County Area Transit (TCAT)","California","1.5","USD","GTFS Fares V1 fare attribute","5194","https://files.mobilitydatabase.org/mdb-646/mdb-646-202602190016/mdb-646-202602190016.zip","gtfs","20261001","2026-09-29","low","partially confirmed","Feed publishes multiple products; discounted, special, or non-core products were excluded where identifiable, then the lowest positive core candidate was retained."
"madison-metro","Madison Metro Transit","Wisconsin","","","","","http://transitdata.cityofmadison.com/GTFS/mmt_gtfs.zip","agency-feed","","2026-09-29","unresolved","no fare found","Feed was inspected but did not contain a usable fare_attributes.txt or fare_products.txt record."
"waukesha-metro","Waukesha Metro Transit","Wisconsin","","","","","https://mywaukeshametro.com/gtfs","agency-feed","","2026-09-29","unresolved","no fare found","Feed was inspected but did not contain a usable fare_attributes.txt or fare_products.txt record."
"mountain-line","Mountain Line Transit Authority (Morgantown)","West Virginia","0.75","USD","GTFS Fares V1 fare attribute","1","https://files.mobilitydatabase.org/mdb-407/latest.zip","gtfs","20301231","2026-09-29","low","partially confirmed","Feed publishes multiple products; discounted, special, or non-core products were excluded where identifiable, then the lowest positive core candidate was retained."
"wvu-prt","West Virginia University PRT (Morgantown, WV)","West Virginia","","","","","https://files.mobilitydatabase.org/tld-7068_1/tld-7068_1-202601060114/tld-7068_1-202601060114.zip","agency-feed","","2026-09-29","unresolved","no fare found","Feed was inspected but did not contain a usable fare_attributes.txt or fare_products.txt record."
"visalia","Visalia Transit","California","1.75","USD","GTFS Fares V1 fare attribute","general_fare","https://files.mobilitydatabase.org/ntd-90091/ntd-90091-202501060017/ntd-90091-202501060017.zip","gtfs","20270103","2026-09-29","low","partially confirmed","Feed publishes multiple products; discounted, special, or non-core products were excluded where identifiable, then the lowest positive core candidate was retained."
"green-bay","Green Bay Metro","Wisconsin","","","","","https://files.mobilitydatabase.org/mdb-917/mdb-917-202406071503/mdb-917-202406071503.zip","agency-feed","","2026-09-29","unresolved","no fare found","Feed was inspected but did not contain a usable fare_attributes.txt or fare_products.txt record."
"cota","Central Ohio Transit Authority (COTA)","Ohio","2","USD","GTFS Fares V1 fare attribute","1","https://www.cota.com/data/cota.gtfs.zip","gtfs","20270103","2026-09-29","low","confirmed","Fare extracted from the current locally available GTFS feed."
"des-moines","Des Moines Area Regional Transit Authority (DART)","Iowa","1","USD","GTFS Fares V1 fare attribute","Adult Local Streetcar One-way","https://files.mobilitydatabase.org/mdb-193/latest.zip","gtfs","20260913","2026-09-29","low","partially confirmed","Feed publishes multiple products; discounted, special, or non-core products were excluded where identifiable, then the lowest positive core candidate was retained."
"wichita","Wichita Transit","Kansas","","","","","https://bus.wichitatransit.org/InfoPoint/gtfs-zip.ashx","agency-feed","","2026-09-29","unresolved","no fare found","Feed was inspected but did not contain a usable fare_attributes.txt or fare_products.txt record."
"appleton","Valley Transit (Appleton/Fox Cities)","Wisconsin","","","","","https://files.mobilitydatabase.org/mdb-2069/mdb-2069-202607060127/mdb-2069-202607060127.zip","agency-feed","","2026-09-29","unresolved","no fare found","Feed was inspected but did not contain a usable fare_attributes.txt or fare_products.txt record."
"modesto","Modesto Area Express","California","","","","","https://stanrta.rideralerts.com/InfoPoint/gtfs-zip.ashx","agency-feed","","2026-09-29","unresolved","no fare found","Feed was inspected but did not contain a usable fare_attributes.txt or fare_products.txt record."
"cats-baton","Capital Area Transit System (Baton Rouge)","Louisiana","","","","","https://cats.rideralerts.com/InfoPoint/gtfs-zip.ashx","agency-feed","","2026-09-29","unresolved","no fare found","Feed was inspected but did not contain a usable fare_attributes.txt or fare_products.txt record."
"knoxville","Knoxville Area Transit","Tennessee","","","","","http://www.knoxvilletn.gov/UserFiles/Servers/Server_109478/File/KAT/gtfs-kat.zip","agency-feed","","2026-09-29","unresolved","inaccessible","Feed download failed: HTTP 404"
"mcallen","Metro McAllen","Texas","","","","","https://mcallen.net/metro/assets/resources/GTFS%20-%20TransLoc.zip","agency-feed","","2026-09-29","unresolved","no fare found","Feed was inspected but did not contain a usable fare_attributes.txt or fare_products.txt record."
"augusta","Augusta Transit","Georgia","","","","","https://github.com/transitland/gtfs-archives-not-hosted-elsewhere/raw/master/augusta-ga-us.zip","agency-feed","","2026-09-29","unresolved","inaccessible","Feed download failed: HTTP 404"
"lincoln","StarTran (Lincoln)","Nebraska","","","","","https://startran.connexionz.net/rtt/public/resource/gtfs.zip","agency-feed","","2026-09-29","unresolved","no fare found","Feed was inspected but did not contain a usable fare_attributes.txt or fare_products.txt record."
"south-bend","South Bend Transpo","Indiana","","","","","https://passio3.com/transpo/passioTransit/gtfs/google_transit.zip","agency-feed","","2026-09-29","unresolved","no fare found","Feed was inspected but did not contain a usable fare_attributes.txt or fare_products.txt record."
"rockford","Rockford Mass Transit District","Illinois","","","","","https://rmtd.org/rmtdgtfs/GTFS_FILES.zip","agency-feed","","2026-09-29","unresolved","no fare found","Feed was inspected but did not contain a usable fare_attributes.txt or fare_products.txt record."
"racine","Ryde Racine","Wisconsin","","","","","https://racine.connexionz.net/rtt/public/utility/gtfs.aspx","agency-feed","","2026-09-29","unresolved","no fare found","Feed was inspected but did not contain a usable fare_attributes.txt or fare_products.txt record."
"sudbury","Greater Sudbury Transit","Ontario","","","","","https://www.greatersudbury.ca/image/opendata/gtfs.zip","agency-feed","","2026-09-29","unresolved","no fare found","Feed was inspected but did not contain a usable fare_attributes.txt or fare_products.txt record."
"anchorage","Anchorage People Mover","Alaska","2","USD","GTFS Fares V1 fare attribute","adult","http://gtfs.muni.org/People_Mover.gtfs.zip","gtfs","20270425","2026-09-29","low","confirmed","Fare extracted from the current locally available GTFS feed."
"lexington","Lextran (Lexington, KY)","Kentucky","1","USD","GTFS Fares V1 fare attribute","6","https://mystop.lextran.com/InfoPoint/gtfs-zip.ashx","gtfs","20261219","2026-09-29","low","confirmed","Fare extracted from the current locally available GTFS feed."
"mtd-champaign","Champaign-Urbana MTD","Illinois","1","USD","GTFS Fares V2 base product","Single Ride (Cash)","https://developer.mtd.org/gtfs/google_transit.zip","gtfs","20261219","2026-09-29","medium","partially confirmed","Feed publishes multiple products; discounted, special, or non-core products were excluded where identifiable, then the lowest positive core candidate was retained."
"kalamazoo","Kalamazoo Metro Transit","Michigan","","","","","https://trackmybus.kmetro.org/InfoPoint/GTFS-Zip.ashx","agency-feed","","2026-09-29","unresolved","no fare found","Feed was inspected but did not contain a usable fare_attributes.txt or fare_products.txt record."
"laredo","El Metro (Laredo)","Texas","2","USD","GTFS Fares V1 fare attribute","Adult Fare","https://gtfs.remix.com/el_metro_laredo_transit_us.zip","gtfs","20261231","2026-09-29","low","confirmed","Fare extracted from the current locally available GTFS feed."
"thunder-bay","Thunder Bay Transit","Ontario","","","","","http://api.nextlift.ca/gtfs.zip","agency-feed","","2026-09-29","unresolved","no fare found","Feed was inspected but did not contain a usable fare_attributes.txt or fare_products.txt record."
"greensboro","Greensboro Transit Authority","North Carolina","","","","","https://trackmygta.com/gtfs","agency-feed","","2026-09-29","unresolved","no fare found","Feed was inspected but did not contain a usable fare_attributes.txt or fare_products.txt record."
"lanta","Lehigh and Northampton Transportation Authority (LANTA)","Pennsylvania","","","","","https://realtimelanta.availtec.com/InfoPoint/gtfs-zip.ashx","agency-feed","","2026-09-29","unresolved","no fare found","Feed was inspected but did not contain a usable fare_attributes.txt or fare_products.txt record."
"winston-salem","Winston-Salem Transit Authority (WSTA)","North Carolina","","","","","https://ridewsta.com/gtfs","agency-feed","","2026-09-29","unresolved","no fare found","Feed was inspected but did not contain a usable fare_attributes.txt or fare_products.txt record."
"cat-harrisburg","Capital Area Transit (Harrisburg)","Pennsylvania","","","","","https://cat.rideralerts.com/InfoPoint/gtfs-zip.ashx","agency-feed","","2026-09-29","unresolved","no fare found","Feed was inspected but did not contain a usable fare_attributes.txt or fare_products.txt record."
"jackson-ms","City of Jackson (JTRAN)","Mississippi","","","","","https://passio3.com/jtran/passioTransit/gtfs/google_transit.zip","agency-feed","","2026-09-29","unresolved","no fare found","Feed was inspected but did not contain a usable fare_attributes.txt or fare_products.txt record."
"lancaster","Red Rose Transit Authority (Lancaster, PA)","Pennsylvania","","","","","https://busfinder.redrosetransit.com/Infopoint/gtfs-zip.ashx","agency-feed","","2026-09-29","unresolved","no fare found","Feed was inspected but did not contain a usable fare_attributes.txt or fare_products.txt record."
"colts","County of Lackawanna Transit System (COLTS)","Pennsylvania","1.75","USD","GTFS Fares V1 fare attribute","6","https://coltsivl.availtec.com/InfoPoint/gtfs-zip.ashx","gtfs","20261231","2026-09-29","low","confirmed","Fare extracted from the current locally available GTFS feed."
"lcta","Luzerne County Transportation Authority","Pennsylvania","","","","","https://realtimelctabus.availtec.com/InfoPoint/gtfs-zip.ashx","agency-feed","","2026-09-29","unresolved","no fare found","Feed was inspected but did not contain a usable fare_attributes.txt or fare_products.txt record."
"patco","PATCO Speedline (Philadelphia-Camden)","New Jersey","1.4","USD","GTFS Fares V1 fare attribute","5","https://rapid.nationalrtap.org/GTFSFileManagement/UserUploadFiles/13562/PATCO_GTFS.zip","gtfs","20261231","2026-09-29","low","partially confirmed","Feed publishes multiple products; discounted, special, or non-core products were excluded where identifiable, then the lowest positive core candidate was retained."
"cascades-east","Cascades East Transit (Bend, OR)","Oregon","","","","","https://passio3.com/cet/passioTransit/gtfs/google_transit.zip","agency-feed","","2026-09-29","unresolved","no fare found","Feed was inspected but did not contain a usable fare_attributes.txt or fare_products.txt record."
"mountain-transit-ca","Mountain Transit (Big Bear Lake)","California","1.5","USD","GTFS Fares V1 fare attribute","923","https://files.mobilitydatabase.org/mdb-107/mdb-107-202606300014/mdb-107-202606300014.zip","gtfs","20270101","2026-09-29","low","partially confirmed","Feed publishes multiple products; discounted, special, or non-core products were excluded where identifiable, then the lowest positive core candidate was retained."
"las-cruces","RoadRUNNER Transit (Las Cruces)","New Mexico","","","","","https://passio3.com/roadrunner/passioTransit/gtfs/google_transit.zip","agency-feed","","2026-09-29","unresolved","no fare found","Feed was inspected but did not contain a usable fare_attributes.txt or fare_products.txt record."
"ez-rider","EZ Rider (Midland/Odessa)","Texas","","","","","https://files.mobilitydatabase.org/mdb-2634/mdb-2634-202505211819/mdb-2634-202505211819.zip","agency-feed","","2026-09-29","unresolved","no fare found","Feed was inspected but did not contain a usable fare_attributes.txt or fare_products.txt record."
"san-angelo","Concho Valley Transit (San Angelo)","Texas","","","","","https://passio3.com/conchovt/passioTransit/gtfs/google_transit.zip","agency-feed","","2026-09-29","unresolved","no fare found","Feed was inspected but did not contain a usable fare_attributes.txt or fare_products.txt record."
"brownsville","Brownsville Metro","Texas","","","","","https://files.mobilitydatabase.org/tld-7927/latest.zip","agency-feed","","2026-09-29","unresolved","no fare found","Feed was inspected but did not contain a usable fare_attributes.txt or fare_products.txt record."
"roswell","Roswell Transit","New Mexico","","","","","https://files.mobilitydatabase.org/ntd-60167/ntd-60167-202412090027/ntd-60167-202412090027.zip","agency-feed","","2026-09-29","unresolved","no fare found","Feed was inspected but did not contain a usable fare_attributes.txt or fare_products.txt record."
"hobbs","City of Hobbs Transit","New Mexico","1","USD","GTFS Fares V1 fare attribute","one","https://files.mobilitydatabase.org/ntd-60190/ntd-60190-202601240120/ntd-60190-202601240120.zip","gtfs","20270331","2026-09-29","low","confirmed","Fare extracted from the current locally available GTFS feed."
"longview","City of Longview Transit","Texas","","","","","https://files.mobilitydatabase.org/ntd-60081/latest.zip","agency-feed","","2026-09-29","unresolved","no fare found","Feed was inspected but did not contain a usable fare_attributes.txt or fare_products.txt record."
"texarkana","Texarkana T-Line","Texas","","","","","https://files.mobilitydatabase.org/ntd-60093/latest.zip","agency-feed","","2026-09-29","unresolved","no fare found","Feed was inspected but did not contain a usable fare_attributes.txt or fare_products.txt record."
"fort-bend","Fort Bend County Transit","Texas","1","USD","GTFS Fares V1 fare attribute","P&R to WB","https://files.mobilitydatabase.org/ntd-60103/latest.zip","gtfs","20281230","2026-09-29","low","partially confirmed","Feed publishes multiple products; discounted, special, or non-core products were excluded where identifiable, then the lowest positive core candidate was retained."
"lake-charles","Lake Charles Transit","Louisiana","","","","","https://files.mobilitydatabase.org/ntd-60023/latest.zip","agency-feed","","2026-09-29","unresolved","no fare found","Feed was inspected but did not contain a usable fare_attributes.txt or fare_products.txt record."
"terrebonne-parish","Good Earth Transit (Houma)","Louisiana","4.4","CAD","GTFS Fares V1 fare attribute","111-111","https://files.mobilitydatabase.org/ntd-60080/latest.zip","gtfs","20260904","2026-09-29","low","partially confirmed","Feed publishes multiple products; discounted, special, or non-core products were excluded where identifiable, then the lowest positive core candidate was retained."
"tangipahoa-parish","Tangipahoa Transit (Hammond)","Louisiana","0.5","USD","GTFS Fares V1 fare attribute","50","https://files.mobilitydatabase.org/ntd-60196/latest.zip","gtfs","20270201","2026-09-29","low","confirmed","Fare extracted from the current locally available GTFS feed."
"space-coast","Space Coast Area Transit","Florida","","","","","https://files.mobilitydatabase.org/ntd-40063/latest.zip","agency-feed","","2026-09-29","unresolved","no fare found","Feed was inspected but did not contain a usable fare_attributes.txt or fare_products.txt record."
"martin-county","Martin County Public Transit","Florida","","","","","https://files.mobilitydatabase.org/tld-4506/latest.zip","agency-feed","","2026-09-29","unresolved","no fare found","Feed was inspected but did not contain a usable fare_attributes.txt or fare_products.txt record."
"indian-river","Indian River Transit","Florida","","","","","https://files.mobilitydatabase.org/ntd-40104/latest.zip","agency-feed","","2026-09-29","unresolved","no fare found","Feed was inspected but did not contain a usable fare_attributes.txt or fare_products.txt record."
"collier","Collier Area Transit (Naples)","Florida","","","","","https://files.mobilitydatabase.org/mdb-2259/latest.zip","agency-feed","","2026-09-29","unresolved","no fare found","Feed was inspected but did not contain a usable fare_attributes.txt or fare_products.txt record."
"springfield-mo","City Utilities Transit (Springfield)","Missouri","","","","","https://webapp.cityutilities.net/GTPM/google_transit.zip","agency-feed","","2026-09-29","unresolved","no fare found","Feed was inspected but did not contain a usable fare_attributes.txt or fare_products.txt record."
"evansville","METS (Evansville)","Indiana","0.75","USD","GTFS Fares V1 fare attribute","75 cents","https://files.mobilitydatabase.org/ntd-50043/latest.zip","gtfs","20250115","2026-09-29","low","confirmed","Fare extracted from the current locally available GTFS feed."
"kenosha","Kenosha Area Transit","Wisconsin","2","USD","GTFS Fares V1 fare attribute","4340","https://kenoshatransit.com/gtfs","gtfs","20240901","2026-09-29","low","confirmed","Fare extracted from the current locally available GTFS feed."
"ben-franklin","Ben Franklin Transit (Tri-Cities, WA)","Washington","","","","","https://files.mobilitydatabase.org/mdb-2122/latest.zip","agency-feed","","2026-09-29","unresolved","no fare found","Feed was inspected but did not contain a usable fare_attributes.txt or fare_products.txt record."
"asheville","Asheville Rides Transit","North Carolina","1","USD","GTFS Fares V1 fare attribute","826","https://files.mobilitydatabase.org/mdb-903/latest.zip","gtfs","20261231","2026-09-29","low","confirmed","Fare extracted from the current locally available GTFS feed."
"bloomington","Bloomington Transit","Indiana","1","USD","GTFS Fares V1 fare attribute","Cash","https://files.mobilitydatabase.org/mdb-2066/latest.zip","gtfs","20270923","2026-09-29","low","confirmed","Fare extracted from the current locally available GTFS feed."
"athens-acc","Athens Clarke County Transit","Georgia","","USD","GTFS zero-fare candidate","","https://files.mobilitydatabase.org/tld-4777/latest.zip","gtfs","20261231","2026-09-29","unresolved","unresolved","GTFS publishes only zero-value legacy fare attributes; this may be a placeholder and was not treated as proof of free service."
"uga","UGA Campus Transit","Georgia","","","","","https://files.mobilitydatabase.org/tld-2276/latest.zip","agency-feed","","2026-09-29","unresolved","no fare found","Feed was inspected but did not contain a usable fare_attributes.txt or fare_products.txt record."
"blacksburg","Blacksburg Transit","Virginia","","","","","https://www.bt4uclassic.org/gtfs/google_transit.zip","agency-feed","","2026-09-29","unresolved","no fare found","Feed was inspected but did not contain a usable fare_attributes.txt or fare_products.txt record."
"cata-state-college","CATA (State College)","Pennsylvania","","","","","https://files.mobilitydatabase.org/ntd-30054/latest.zip","agency-feed","","2026-09-29","unresolved","no fare found","Feed was inspected but did not contain a usable fare_attributes.txt or fare_products.txt record."
"cyride","CyRide (Ames)","Iowa","1","USD","GTFS Fares V1 fare attribute","REGULAR","https://files.mobilitydatabase.org/mdb-923/latest.zip","gtfs","20270514","2026-09-29","low","partially confirmed","Feed publishes multiple products; discounted, special, or non-core products were excluded where identifiable, then the lowest positive core candidate was retained."
"iowa-city","Iowa City Transit","Iowa","","","","","https://files.mobilitydatabase.org/mdb-559/latest.zip","agency-feed","","2026-09-29","unresolved","no fare found","Feed was inspected but did not contain a usable fare_attributes.txt or fare_products.txt record."
"coralville","Coralville Transit","Iowa","","","","","https://files.mobilitydatabase.org/mdb-196/latest.zip","agency-feed","","2026-09-29","unresolved","no fare found","Feed was inspected but did not contain a usable fare_attributes.txt or fare_products.txt record."
"cambus","CAMBUS (University of Iowa)","Iowa","","","","","https://files.mobilitydatabase.org/mdb-197/latest.zip","agency-feed","","2026-09-29","unresolved","no fare found","Feed was inspected but did not contain a usable fare_attributes.txt or fare_products.txt record."
"lawrence-ku","Lawrence Transit / KU on Wheels","Kansas","","","","","https://files.mobilitydatabase.org/mdb-2063/latest.zip","agency-feed","","2026-09-29","unresolved","no fare found","Feed was inspected but did not contain a usable fare_attributes.txt or fare_products.txt record."
"springfield-il","SMTD (Springfield IL)","Illinois","1","USD","GTFS Fares V1 fare attribute","ua_fare","https://files.mobilitydatabase.org/mdb-3187/latest.zip","gtfs","20270102","2026-09-29","low","partially confirmed","Feed publishes multiple products; discounted, special, or non-core products were excluded where identifiable, then the lowest positive core candidate was retained."
"topeka","Topeka Metro","Kansas","2","USD","GTFS Fares V1 fare attribute","Full Cash Fare","https://files.mobilitydatabase.org/tld-1660_1/latest.zip","gtfs","20261231","2026-09-29","low","confirmed","Fare extracted from the current locally available GTFS feed."
"barta","BARTA (Reading)","Pennsylvania","0.7","USD","GTFS Fares V1 fare attribute","14","https://files.mobilitydatabase.org/mdb-2064/latest.zip","gtfs","20180630","2026-09-29","low","partially confirmed","Feed publishes multiple products; discounted, special, or non-core products were excluded where identifiable, then the lowest positive core candidate was retained."
"coast-nh","COAST (Seacoast NH)","New Hampshire","","","","","https://files.mobilitydatabase.org/tld-4668/latest.zip","agency-feed","","2026-09-29","unresolved","no fare found","Feed was inspected but did not contain a usable fare_attributes.txt or fare_products.txt record."
"advance-transit","Advance Transit (Lebanon, NH)","New Hampshire","","USD","GTFS zero-fare candidate","","https://files.mobilitydatabase.org/mdb-631/latest.zip","gtfs","20270101","2026-09-29","unresolved","unresolved","GTFS publishes only zero-value legacy fare attributes; this may be a placeholder and was not treated as proof of free service."
"ccta","CCTA / Green Mountain Transit (Burlington, VT)","Vermont","2","USD","GTFS Fares V1 fare attribute","1778","https://files.mobilitydatabase.org/mdb-629/latest.zip","gtfs","20270101","2026-09-29","low","confirmed","Fare extracted from the current locally available GTFS feed."
"marble-valley","Marble Valley Transit (Rutland)","Vermont","1","USD","GTFS Fares V1 fare attribute","963","https://files.mobilitydatabase.org/mdb-430/latest.zip","gtfs","20261130","2026-09-29","low","partially confirmed","Feed publishes multiple products; discounted, special, or non-core products were excluded where identifiable, then the lowest positive core candidate was retained."
"bis-man","Bis-Man Transit (Bismarck-Mandan)","North Dakota","","","","","https://files.mobilitydatabase.org/tld-6095/latest.zip","agency-feed","","2026-09-29","unresolved","no fare found","Feed was inspected but did not contain a usable fare_attributes.txt or fare_products.txt record."
"bangor","Bangor Community Connector","Maine","","","","","https://files.mobilitydatabase.org/tld-7824/latest.zip","agency-feed","","2026-09-29","unresolved","no fare found","Feed was inspected but did not contain a usable fare_attributes.txt or fare_products.txt record."
"brandon","Brandon Transit","Manitoba","","","","","https://files.mobilitydatabase.org/tld-4820/latest.zip","agency-feed","","2026-09-29","unresolved","no fare found","Feed was inspected but did not contain a usable fare_attributes.txt or fare_products.txt record."
"juneau","Capital Transit (Juneau)","Alaska","2","USD","GTFS Fares V1 fare attribute","1532","https://files.mobilitydatabase.org/mdb-294/latest.zip","gtfs","20261004","2026-09-29","low","partially confirmed","Feed publishes multiple products; discounted, special, or non-core products were excluded where identifiable, then the lowest positive core candidate was retained."
"annapolis","Annapolis Transit","Maryland","","","","","https://files.mobilitydatabase.org/mdb-2285/latest.zip","agency-feed","","2026-09-29","unresolved","no fare found","Feed was inspected but did not contain a usable fare_attributes.txt or fare_products.txt record."
"yellowknife","Yellowknife Transit","Northwest Territories","","","","","https://files.mobilitydatabase.org/tld-4708/latest.zip","agency-feed","","2026-09-29","unresolved","no fare found","Feed was inspected but did not contain a usable fare_attributes.txt or fare_products.txt record."
"whitehorse","Whitehorse Transit","Yukon","","","","","https://files.mobilitydatabase.org/mdb-689/latest.zip","agency-feed","","2026-09-29","unresolved","no fare found","Feed was inspected but did not contain a usable fare_attributes.txt or fare_products.txt record."
"santa-cruz-metro","Santa Cruz METRO","","1","USD","GTFS Fares V2 base product","Cash/1-Ride Pass (Local Service in Santa Cruz County)","https://developer.scmetro.org/gtfs.zip","gtfs","20261216","2026-09-29","medium","partially confirmed","Feed publishes multiple products; discounted, special, or non-core products were excluded where identifiable, then the lowest positive core candidate was retained."
"sioux-falls","Sioux Area Metro (SAM)","South Dakota","1.5","USD","GTFS Fares V1 fare attribute","882","https://s3.amazonaws.com/etatransit.gtfs/siouxareametro.etaspot.net/gtfs.zip","gtfs","20240401","2026-09-29","low","confirmed","Fare extracted from the current locally available GTFS feed."
"yakima","Yakima Transit","Washington","","","","","https://yakimatransit.org/gtfs/yakima_gtfs.zip","agency-feed","","2026-09-29","unresolved","no fare found","Feed was inspected but did not contain a usable fare_attributes.txt or fare_products.txt record."
"grand-forks","Cities Area Transit (Grand Forks)","North Dakota","","","","","https://data.trilliumtransit.com/gtfs/cityofgrandforks-nd-us/cityofgrandforks-nd-us.zip","agency-feed","","2026-09-29","unresolved","no fare found","Feed was inspected but did not contain a usable fare_attributes.txt or fare_products.txt record."
"greeley","Greeley-Evans Transit (GET)","Colorado","1.5","USD","GTFS Fares V1 fare attribute","Standard","https://data.trilliumtransit.com/gtfs/greeleyevans-co-us/greeleyevans-co-us.zip","gtfs","20270113","2026-09-29","low","confirmed","Fare extracted from the current locally available GTFS feed."
"bridgeport-gbt","Greater Bridgeport Transit","Connecticut","1.75","USD","GTFS Fares V1 fare attribute","1996","http://data.trilliumtransit.com/gtfs/gbt-ct-us/gbt-ct-us.zip","gtfs","20261227","2026-09-29","low","confirmed","Fare extracted from the current locally available GTFS feed."
"davenport","Davenport CitiBus","Iowa","1","USD","GTFS Fares V1 fare attribute","5101","https://s3.amazonaws.com/etatransit.gtfs/citibuspublic.etaspot.net/gtfs.zip","gtfs","20270914","2026-09-29","low","confirmed","Fare extracted from the current locally available GTFS feed."
"bettendorf","Bettendorf Transit","Iowa","","","","","https://data.trilliumtransit.com/gtfs/bettendorf-ia-us/bettendorf-ia-us.zip","agency-feed","","2026-09-29","unresolved","no fare found","Feed was inspected but did not contain a usable fare_attributes.txt or fare_products.txt record."
"dubuque","The Jule (Dubuque)","Iowa","","","","","https://myride.cityofdubuque.org/gtfs/google_transit.zip","agency-feed","","2026-09-29","unresolved","no fare found","Feed was inspected but did not contain a usable fare_attributes.txt or fare_products.txt record."
"pocatello","Pocatello Regional Transit","Idaho","0.5","USD","GTFS Fares V1 fare attribute","Student","https://pocatellotransit.com/gtfs/pocatello-regional-transit-gtfs.zip?v=current","gtfs","20261231","2026-09-29","low","partially confirmed","Feed publishes multiple products; discounted, special, or non-core products were excluded where identifiable, then the lowest positive core candidate was retained."
"albany-ga","Albany Transit System","Georgia","1.7","USD","GTFS Fares V1 fare attribute","Regular Bus Fare","https://rapid.nationalrtap.org/GTFSFileManagement/UserUploadFiles/11834/ats_albany_ga_us(2).zip","gtfs","20240630","2026-09-29","low","confirmed","Fare extracted from the current locally available GTFS feed."
"wilmington-nc","Wave Transit (Wilmington)","North Carolina","","","","","https://files.mobilitydatabase.org/mdb-1110/latest.zip","agency-feed","","2026-09-29","unresolved","no fare found","Feed was inspected but did not contain a usable fare_attributes.txt or fare_products.txt record."
"st-george","SunTran (St. George)","Utah","","","","","https://files.mobilitydatabase.org/mdb-111/latest.zip","agency-feed","","2026-09-29","unresolved","no fare found","Feed was inspected but did not contain a usable fare_attributes.txt or fare_products.txt record."
"grand-junction","Grand Valley Transit","Colorado","3","USD","GTFS Fares V1 fare attribute","4918","https://data.trilliumtransit.com/gtfs/grandvalleytransit-co-us/grandvalleytransit-co-us--flex-v2.zip","gtfs","20270201","2026-09-29","low","confirmed","Fare extracted from the current locally available GTFS feed."
"um-transit","University of Michigan Transit Services (Ann Arbor)","Michigan","","USD","GTFS zero-fare candidate","","https://webapps.fo.umich.edu/transit_uploads/google_transit.zip","gtfs","20270102","2026-09-29","unresolved","unresolved","GTFS publishes only zero-value legacy fare attributes; this may be a placeholder and was not treated as proof of free service."
"ncsu-wolfline","NCSU Wolfline","North Carolina","","","","","https://passio3.com/ncstateuni/passioTransit/gtfs/google_transit.zip","agency-feed","","2026-09-29","unresolved","no fare found","Feed was inspected but did not contain a usable fare_attributes.txt or fare_products.txt record."
"clemson-cat","Clemson Area Transit (CATbus)","South Carolina","","USD","GTFS zero-fare candidate","","https://catbus.ridesystems.net/Secure/Admin/Reports/GTFSDownload.aspx","gtfs","20191213","2026-09-29","unresolved","unresolved","GTFS publishes only zero-value legacy fare attributes; this may be a placeholder and was not treated as proof of free service."
"citybus-lafayette","CityBus of Greater Lafayette","Indiana","","","","","https://bus.gocitybus.com/GTFSRT/citybus-lafayette-in-us.zip","agency-feed","","2026-09-29","unresolved","no fare found","Feed was inspected but did not contain a usable fare_attributes.txt or fare_products.txt record."
"duke","Duke University Transit","North Carolina","","","","","https://duke.transloc.com/Secure/Admin/Reports/GTFSDownload.aspx","agency-feed","","2026-09-29","unresolved","no fare found","Feed was inspected but did not contain a usable fare_attributes.txt or fare_products.txt record."
"streamline","Streamline (Bozeman)","Montana","","USD","GTFS zero-fare candidate","","http://data.trilliumtransit.com/gtfs/streamlinetransit-mt-us/streamlinetransit-mt-us.zip","gtfs","20281231","2026-09-29","unresolved","unresolved","GTFS publishes only zero-value legacy fare attributes; this may be a placeholder and was not treated as proof of free service."
"athens-oh","Athens Public Transit","Ohio","","","","","https://passio3.com/athenstransit/passioTransit/gtfs/google_transit.zip","agency-feed","","2026-09-29","unresolved","no fare found","Feed was inspected but did not contain a usable fare_attributes.txt or fare_products.txt record."
"connect-transit","Connect Transit (Bloomington-Normal)","Illinois","","","","","https://rideconnecttransit.com/gtfs","agency-feed","","2026-09-29","unresolved","no fare found","Feed was inspected but did not contain a usable fare_attributes.txt or fare_products.txt record."
"dekalb","DeKalb Public Transit","Illinois","0.25","USD","GTFS Fares V1 fare attribute","5166","http://data.trilliumtransit.com/gtfs/cityofdekalb-il-us/cityofdekalb-il-us.zip","gtfs","20261231","2026-09-29","low","partially confirmed","Feed publishes multiple products; discounted, special, or non-core products were excluded where identifiable, then the lowest positive core candidate was retained."
"radford","Radford Transit","Virginia","","","","","https://data.trilliumtransit.com/gtfs/radford-va-us/radford-va-us.zip","agency-feed","","2026-09-29","unresolved","no fare found","Feed was inspected but did not contain a usable fare_attributes.txt or fare_products.txt record."
"jfk-airtrain","JFK AirTrain","New York","8.75","USD","GTFS Fares V1 fare attribute","Jamaica/HowardBeach","https://s3.amazonaws.com/datatools-511ny/public/AirTrain_JFK.zip","gtfs","20261231","2026-09-29","low","confirmed","Fare extracted from the current locally available GTFS feed."
"staten-island-ferry","Staten Island Ferry","New York","","","","","https://files.mobilitydatabase.org/mdb-518/latest.zip","agency-feed","","2026-09-29","unresolved","no fare found","Feed was inspected but did not contain a usable fare_attributes.txt or fare_products.txt record."
"nyc-ferry","NYC Ferry","New York","4.5","USD","GTFS Fares V1 fare attribute","1","https://files.mobilitydatabase.org/mdb-515/latest.zip","gtfs","20271231","2026-09-29","low","confirmed","Fare extracted from the current locally available GTFS feed."
"rioc-tram","Roosevelt Island Tramway","New York","1.25","USD","GTFS Fares V1 fare attribute","2358","https://data.trilliumtransit.com/gtfs/rooseveltisland-ny-us/rooseveltisland-ny-us.zip","gtfs","20270201","2026-09-29","low","partially confirmed","Feed publishes multiple products; discounted, special, or non-core products were excluded where identifiable, then the lowest positive core candidate was retained."
"guadalajara","Mi Transporte (Guadalajara)","Jalisco","9.5","MXN","GTFS Fares V1 fare attribute","MM_1","https://files.mobilitydatabase.org/mdb-2366/latest.zip","gtfs","","2026-09-29","low","confirmed","Fare extracted from the current locally available GTFS feed."
"cheyenne","Cheyenne Transit Program","Wyoming","","","","","https://rapid.nationalrtap.org/GTFSFileManagement/UserUploadFiles/5226/CTP_gtfs.zip","agency-feed","","2026-09-29","unresolved","no fare found","Feed was inspected but did not contain a usable fare_attributes.txt or fare_products.txt record."
"rapid-city","Rapid Transit System (Rapid City, SD)","South Dakota","1.5","USD","GTFS Fares V1 fare attribute","adult","https://rapid.nationalrtap.org/GTFSFileManagement/UserUploadFiles/13102/rts_corc_gtfs.zip","gtfs","20280331","2026-09-29","low","confirmed","Fare extracted from the current locally available GTFS feed."
"sioux-city","Sioux City Transit","Iowa","1.8","USD","GTFS Fares V1 fare attribute","2335","https://files.mobilitydatabase.org/mdb-191/latest.zip","gtfs","20270101","2026-09-29","low","confirmed","Fare extracted from the current locally available GTFS feed."
"imperial-valley","Imperial Valley Transit","California","","","","","https://schedule.ivtransit.com/gtfs/data.zip","agency-feed","","2026-09-29","unresolved","no fare found","Feed was inspected but did not contain a usable fare_attributes.txt or fare_products.txt record."
"kern-transit","Kern Transit","California","2","USD","GTFS Fares V1 fare attribute","1744","https://files.mobilitydatabase.org/mdb-47/mdb-47-202607160119/mdb-47-202607160119.zip","gtfs","20270130","2026-09-29","low","partially confirmed","Feed publishes multiple products; discounted, special, or non-core products were excluded where identifiable, then the lowest positive core candidate was retained."
"banning","Banning Connect","California","1.25","USD","GTFS Fares V1 fare attribute","241","https://files.mobilitydatabase.org/mdb-220/mdb-220-202607110120/mdb-220-202607110120.zip","gtfs","20270201","2026-09-29","low","partially confirmed","Feed publishes multiple products; discounted, special, or non-core products were excluded where identifiable, then the lowest positive core candidate was retained."
"beaumont-ca","Beaumont Transit","California","1.5","USD","GTFS Fares V1 fare attribute","917","https://data.trilliumtransit.com/gtfs/beaumont-ca-us/beaumont-ca-us.zip","gtfs","20270101","2026-09-29","low","partially confirmed","Feed publishes multiple products; discounted, special, or non-core products were excluded where identifiable, then the lowest positive core candidate was retained."
"corona","Corona Cruiser","California","1.5","USD","GTFS Fares V1 fare attribute","114","https://data.trilliumtransit.com/gtfs/corona-ca-us/corona-ca-us.zip","gtfs","20270228","2026-09-29","low","confirmed","Fare extracted from the current locally available GTFS feed."
"thousand-oaks","Thousand Oaks Transit","California","2","USD","GTFS Fares V1 fare attribute","1662","https://data.trilliumtransit.com/gtfs/thousandoaks-ca-us/thousandoaks-ca-us.zip","gtfs","20270101","2026-09-29","low","confirmed","Fare extracted from the current locally available GTFS feed."
"simi-valley","Simi Valley Transit","California","0.75","USD","GTFS Fares V2 base product","One-Way Fare Persons with Disabilities (Cash)","http://data.trilliumtransit.com/gtfs/simivalley-ca-us/simivalley-ca-us.zip","gtfs","20230601","2026-09-29","medium","partially confirmed","Feed publishes multiple products; discounted, special, or non-core products were excluded where identifiable, then the lowest positive core candidate was retained."
"camarillo","Camarillo Area Transit","California","1","USD","GTFS Fares V1 fare attribute","4231","https://data.trilliumtransit.com/gtfs/camarillo-ca-us/camarillo-ca-us.zip","gtfs","20270201","2026-09-29","low","confirmed","Fare extracted from the current locally available GTFS feed."
"basin-transit","Basin Transit","California","1.25","USD","GTFS Fares V1 fare attribute","247","https://data.trilliumtransit.com/gtfs/morongobasin-ca-us/morongobasin-ca-us.zip","gtfs","20270101","2026-09-29","low","partially confirmed","Feed publishes multiple products; discounted, special, or non-core products were excluded where identifiable, then the lowest positive core candidate was retained."
"needles","Needles Area Transit","California","1.35","USD","GTFS Fares V1 fare attribute","124","https://data.trilliumtransit.com/gtfs/needles-ca-us/needles-ca-us.zip","gtfs","20270701","2026-09-29","low","confirmed","Fare extracted from the current locally available GTFS feed."
"arvin","Arvin Transit","California","1.5","USD","GTFS Fares V1 fare attribute","ArvinLocal","https://gtfs.remix.com/arvin.zip","gtfs","20270228","2026-09-29","low","partially confirmed","Feed publishes multiple products; discounted, special, or non-core products were excluded where identifiable, then the lowest positive core candidate was retained."
"moorpark","Moorpark City Transit","California","1","USD","GTFS Fares V1 fare attribute","2488","https://data.trilliumtransit.com/gtfs/moorparkcitytransit-ca-us/moorparkcitytransit-ca-us.zip","gtfs","20270301","2026-09-29","low","confirmed","Fare extracted from the current locally available GTFS feed."
"valley-express","Valley Express","California","","","","","https://www.valleyexpressbus.org/wp-content/uploads/2026/04/Spring-2026-Valley-Express-GTFS.zip","agency-feed","","2026-09-29","unresolved","no fare found","Feed was inspected but did not contain a usable fare_attributes.txt or fare_products.txt record."
"laguna-beach","Laguna Beach Transit","California","","","","","https://data.trilliumtransit.com/gtfs/lagunabeach-ca-us/lagunabeach-ca-us.zip","agency-feed","","2026-09-29","unresolved","no fare found","Feed was inspected but did not contain a usable fare_attributes.txt or fare_products.txt record."
"taft","Taft Area Transit","California","2","USD","GTFS Fares V1 fare attribute","4321","https://data.trilliumtransit.com/gtfs/taft-ca-us/taft-ca-us.zip","gtfs","20211231","2026-09-29","low","confirmed","Fare extracted from the current locally available GTFS feed."
"seattle-monorail","Seattle Center Monorail","Washington","2","USD","GTFS Fares V1 fare attribute","Senior","https://github.com/Seattle-Monorail-Services/gtfs/raw/refs/heads/main/96_gtfs.zip","gtfs","20261130","2026-09-29","low","partially confirmed","Feed publishes multiple products; discounted, special, or non-core products were excluded where identifiable, then the lowest positive core candidate was retained."
"snoqualmie-valley","Snoqualmie Valley Transportation","Washington","1","USD","GTFS Fares V1 fare attribute","4932","https://data.trilliumtransit.com/gtfs/snoqualmie-wa-us/snoqualmie-wa-us.zip","gtfs","20270319","2026-09-29","low","confirmed","Fare extracted from the current locally available GTFS feed."
"seattle-streetcar","Seattle Streetcar","Washington","1","USD","GTFS Fares V2 base product","Single Ride","https://metro.kingcounty.gov/GTFS/google_transit.zip","gtfs","20270326","2026-09-29","medium","partially confirmed","Feed publishes multiple products; discounted, special, or non-core products were excluded where identifiable, then the lowest positive core candidate was retained."
"metz","Le Met' (Metz)","Grand Est","","","","","https://data.lemet.fr/documents/LEMET-gtfs.zip","agency-feed","","2026-09-29","unresolved","no fare found","Feed was inspected but did not contain a usable fare_attributes.txt or fare_products.txt record."
"nancy","Réseau Stan (Nancy)","Grand Est","","","","","https://transport.data.gouv.fr/resources/83710/download","agency-feed","","2026-09-29","unresolved","no fare found","Feed was inspected but did not contain a usable fare_attributes.txt or fare_products.txt record."
"rennes","STAR (Rennes)","Bretagne","1.7","EUR","GTFS Fares V1 fare attribute","2050","https://eu.ftp.opendatasoft.com/star/gtfs/GTFS_STAR_BUS_METRO_EN_COURS.zip","gtfs","20260830","2026-09-29","low","confirmed","Fare extracted from the current locally available GTFS feed."
"tours","Fil Bleu (Tours)","Centre-Val de Loire","","","","","https://www.data.gouv.fr/api/1/datasets/r/198b7602-5e74-4d88-b6bc-483af85a2430","agency-feed","","2026-09-29","unresolved","no fare found","Feed was inspected but did not contain a usable fare_attributes.txt or fare_products.txt record."
"bordeaux","TBM (Bordeaux)","Nouvelle-Aquitaine","1.9","EUR","GTFS Fares V2 base product","BSC - 1 VOYAGE","https://bdx.mecatran.com/utw/ws/gtfsfeed/static/bordeaux?apiKey=opendata-bordeaux-metropole-flux-gtfs-rt","gtfs","20260830","2026-09-29","medium","partially confirmed","Feed publishes multiple products; discounted, special, or non-core products were excluded where identifiable, then the lowest positive core candidate was retained."
"grenoble","TAG (Grenoble)","Auvergne-Rhône-Alpes","2","EUR","GTFS Fares V1 fare attribute","SEM1","https://data.mobilites-m.fr/api/gtfs/SEM","gtfs","","2026-09-29","low","confirmed","Fare extracted from the current locally available GTFS feed."
"dijon","Divia (Dijon)","Bourgogne-Franche-Comté","","","","","https://www.data.gouv.fr/api/1/datasets/r/e0dbd217-15cd-4e28-9459-211a27511a34","agency-feed","","2026-09-29","unresolved","no fare found","Feed was inspected but did not contain a usable fare_attributes.txt or fare_products.txt record."
"angers","Irigo (Angers)","Pays de la Loire","","","","","https://chouette.enroute.mobi/api/v1/datas/Irigo/gtfs.zip","agency-feed","","2026-09-29","unresolved","no fare found","Feed was inspected but did not contain a usable fare_attributes.txt or fare_products.txt record."
"chambery","Synchro (Chambéry)","Auvergne-Rhône-Alpes","","","","","https://mwe.mecatran.com/utw/ws/gtfsfeed/static/chambery?apiKey=223f2f102c1242570d3f0231326a271940774f72&type=gtfs_urbain","agency-feed","","2026-09-29","unresolved","no fare found","Feed was inspected but did not contain a usable fare_attributes.txt or fare_products.txt record."
"nantes","Naolib (Nantes)","Pays de la Loire","1.8","EUR","GTFS Fares V1 fare attribute","FR_NAOLIB:Fare:TICKET_UNITE","https://data.nantesmetropole.fr/explore/dataset/244400404_transports_commun_naolib_nantes_metropole_gtfs/files/0cc0469a72de54ee045cb66d1a21de9e/download/","gtfs","","2026-09-29","low","partially confirmed","Feed publishes multiple products; discounted, special, or non-core products were excluded where identifiable, then the lowest positive core candidate was retained."
"le-mans","SETRAM (Le Mans)","Pays de la Loire","","","","","https://static.data.gouv.fr/resources/gtfs-du-reseau-des-transports-bus-et-tramway-setram-circulant-sur-le-territoire-le-mans-metropole/20260706-090730/gtfssetramlmm.zip","agency-feed","","2026-09-29","unresolved","no fare found","Feed was inspected but did not contain a usable fare_attributes.txt or fare_products.txt record."
"besancon","Ginko (Besançon)","Bourgogne-Franche-Comté","","","","","https://api.ginko.voyage/gtfs-ginko.zip","agency-feed","","2026-09-29","unresolved","no fare found","Feed was inspected but did not contain a usable fare_attributes.txt or fare_products.txt record."
"annecy","Sibra (Annecy)","Auvergne-Rhône-Alpes","","","","","https://static.data.gouv.fr/resources/offre-de-transports-sibra-a-annecy-gtfs/20260706-091802/gtfs-sibra-1-.zip","agency-feed","","2026-09-29","unresolved","no fare found","Feed was inspected but did not contain a usable fare_attributes.txt or fare_products.txt record."
"amiens","Ametis (Amiens)","Hauts-de-France","","","","","https://static.data.gouv.fr/resources/ametis/20260703-135019/gtfs-ametis-du-04-07-2026-au-30-08-2026.zip","agency-feed","","2026-09-29","unresolved","no fare found","Feed was inspected but did not contain a usable fare_attributes.txt or fare_products.txt record."
"annemasse","TAC (Annemasse)","Auvergne-Rhône-Alpes","","","","","https://s3.eu-west-1.amazonaws.com/files.orchestra.ratpdev.com/networks/tp2a/exports/medias.zip","agency-feed","","2026-09-29","unresolved","no fare found","Feed was inspected but did not contain a usable fare_attributes.txt or fare_products.txt record."
"avignon","Orizo (Avignon)","Provence-Alpes-Côte d'Azur","","","","","https://api.maas-fr.cityway.fr/dataflow/offre-tc/download?provider=ORIZO&dataFormat=GTFS&dataProfil=OPENDATA","agency-feed","","2026-09-29","unresolved","no fare found","Feed was inspected but did not contain a usable fare_attributes.txt or fare_products.txt record."
"bayonne","Txik Txak","Nouvelle-Aquitaine","","","","","https://app.mecatran.com/utw/ws/gtfsfeed/static/txiktxak?apiKey=0f64273f070b7d4621002040646e180d374e5373","agency-feed","","2026-09-29","unresolved","no fare found","Feed was inspected but did not contain a usable fare_attributes.txt or fare_products.txt record."
"beziers","beeMob (Béziers)","Occitanie","","","","","https://s3.eu-west-1.amazonaws.com/files.orchestra.ratpdev.com/networks/rdbm/exports/gtfs-pour-le-pan.zip","agency-feed","","2026-09-29","unresolved","no fare found","Feed was inspected but did not contain a usable fare_attributes.txt or fare_products.txt record."
"bourges","AggloBus (Bourges)","Centre-Val de Loire","","","","","https://fr.ftp.opendatasoft.com/centrevaldeloire/OKINAGTFS/GTFS_AO/BOURGES-GTFS.zip","agency-feed","","2026-09-29","unresolved","no fare found","Feed was inspected but did not contain a usable fare_attributes.txt or fare_products.txt record."
"brest","Bibus (Brest)","Bretagne","","","","","https://s3.eu-west-1.amazonaws.com/files.orchestra.ratpdev.com/networks/bibus/exports/medias.zip","agency-feed","","2026-09-29","unresolved","no fare found","Feed was inspected but did not contain a usable fare_attributes.txt or fare_products.txt record."
"caen","Twisto (Caen)","Normandie","","","","","https://data.twisto.fr/api/v2/catalog/datasets/fichier-gtfs-du-reseau-twisto/alternative_exports/gtfs_twisto_zip","agency-feed","","2026-09-29","unresolved","no fare found","Feed was inspected but did not contain a usable fare_attributes.txt or fare_products.txt record."
"chartres","Filibus (Chartres)","Centre-Val de Loire","","","","","https://static.data.gouv.fr/resources/filibus-urbain/20260716-101744/gtfs-filibus-20260720-20270702.zip","agency-feed","","2026-09-29","unresolved","no fare found","Feed was inspected but did not contain a usable fare_attributes.txt or fare_products.txt record."
"cholet","Choletbus","Pays de la Loire","","","","","https://static.data.gouv.fr/resources/horaires-theoriques-reseau-choletbus/20260717-113054/gtfs.zip","agency-feed","","2026-09-29","unresolved","no fare found","Feed was inspected but did not contain a usable fare_attributes.txt or fare_products.txt record."
"clermont","T2C (Clermont-Ferrand)","Auvergne-Rhône-Alpes","","","","","https://opendata.clermontmetropole.eu/api/v2/catalog/datasets/gtfs-smtc/alternative_exports/gtfs","agency-feed","","2026-09-29","unresolved","no fare found","Feed was inspected but did not contain a usable fare_attributes.txt or fare_products.txt record."
"dunkirk","DK'Bus (Dunkerque)","Hauts-de-France","","","","","https://static.data.gouv.fr/resources/offre-de-transports-reseau-dk-bus-de-la-communaute-urbaine-de-dunkerque-gtfs/20260706-085929/gtfs-20260624-110758-dkbus.zip","agency-feed","","2026-09-29","unresolved","no fare found","Feed was inspected but did not contain a usable fare_attributes.txt or fare_products.txt record."
"la-rochelle","Yélo (La Rochelle)","Nouvelle-Aquitaine","","","","","https://www.pigma.org/public/opendata/nouvelle_aquitaine_mobilites/publication/ca_la_rochelle-aggregated-gtfs.zip","agency-feed","","2026-09-29","unresolved","no fare found","Feed was inspected but did not contain a usable fare_attributes.txt or fare_products.txt record."
"laval","TUL (Laval)","Pays de la Loire","","","","","https://s3.eu-west-1.amazonaws.com/files.orchestra.ratpdev.com/networks/rd-laval/exports/pan.zip","agency-feed","","2026-09-29","unresolved","no fare found","Feed was inspected but did not contain a usable fare_attributes.txt or fare_products.txt record."
"le-havre","LiA (Le Havre)","Normandie","","","","","https://gtfs.bus-tracker.fr/lia.zip","agency-feed","","2026-09-29","unresolved","no fare found","Feed was inspected but did not contain a usable fare_attributes.txt or fare_products.txt record."
"lorient","Izilo (Lorient)","Bretagne","","","","","https://s3.eu-west-1.amazonaws.com/files.orchestra.ratpdev.com/networks/rdla-lorient/exports/medias.zip","agency-feed","","2026-09-29","unresolved","no fare found","Feed was inspected but did not contain a usable fare_attributes.txt or fare_products.txt record."
"lyon","TCL (Lyon)","Auvergne-Rhône-Alpes","2.1","EUR","GTFS Fares V1 fare attribute","1_1895382540","https://gtech-transit-prod.apigee.net/v1/google/gtfs/odbl/lyon_tcl.zip?apikey=BasyG6OFZXgXnzWdQLTwJFGcGmeOs204&secret=gNo6F5PhQpsGRBCK","gtfs","20270830","2026-09-29","low","partially confirmed","Feed publishes multiple products; discounted, special, or non-core products were excluded where identifiable, then the lowest positive core candidate was retained."
"marseille","RTM (Marseille)","Provence-Alpes-Côte d'Azur","","","","","https://app.mecatran.com/utw/ws/gtfsfeed/static/mamp-rtm?apiKey=16421b08630a7d065c6d250051780f484b673659","agency-feed","","2026-09-29","unresolved","no fare found","Feed was inspected but did not contain a usable fare_attributes.txt or fare_products.txt record."
"mulhouse","Soléa (Mulhouse)","Grand Est","","","","","https://eu.ftp.opendatasoft.com/mulhouse/TRANSPORT_GTFS/SOLEA.GTFS_current.zip","agency-feed","","2026-09-29","unresolved","no fare found","Feed was inspected but did not contain a usable fare_attributes.txt or fare_products.txt record."
"nice-fr","Lignes d'Azur (Nice)","Provence-Alpes-Côte d'Azur","1.7","EUR","GTFS Fares V1 fare attribute","solo","https://chouette.enroute.mobi/api/v1/datas/OpendataRLA/gtfs.zip","gtfs","20260827","2026-09-29","low","partially confirmed","Feed publishes multiple products; discounted, special, or non-core products were excluded where identifiable, then the lowest positive core candidate was retained."
"nimes","Tango (Nîmes)","Occitanie","","","","","https://static.data.gouv.fr/resources/offre-de-transport-du-reseau-tango-de-nimes-metropole-gtfs-gtfs-rt/20260612-082001/gtfs-production.zip","agency-feed","","2026-09-29","unresolved","no fare found","Feed was inspected but did not contain a usable fare_attributes.txt or fare_products.txt record."
"orleans","TAO (Orléans)","Centre-Val de Loire","","","","","https://chouette.enroute.mobi/api/v1/datas/keolis_orleans/gtfs.zip","agency-feed","","2026-09-29","unresolved","no fare found","Feed was inspected but did not contain a usable fare_attributes.txt or fare_products.txt record."
"pau","Idelis (Pau)","Nouvelle-Aquitaine","1.2","EUR","GTFS Fares V1 fare attribute","1dep","https://opendata.idelis.fr/?file=GTFS_MultiRoutes/Data.GTFS.zip","gtfs","","2026-09-29","low","partially confirmed","Feed publishes multiple products; discounted, special, or non-core products were excluded where identifiable, then the lowest positive core candidate was retained."
"perpignan","Sankéo (Perpignan)","Occitanie","","","","","https://eur.mecatran.com/utw/ws/gtfsfeed/static/perpignan?apiKey=612f606b5e3b0a3e6e1f441a2c4a050f6a345b55","agency-feed","","2026-09-29","unresolved","no fare found","Feed was inspected but did not contain a usable fare_attributes.txt or fare_products.txt record."
"poitiers","Vitalis (Poitiers)","Nouvelle-Aquitaine","","","","","https://data.grandpoitiers.fr/data-fair/api/v1/datasets/offre-de-transport-du-reseau-vitalis/metadata-attachments/gtfs.zip","agency-feed","","2026-09-29","unresolved","no fare found","Feed was inspected but did not contain a usable fare_attributes.txt or fare_products.txt record."
"quimper","Qub (Quimper)","Bretagne","","","","","https://s3.eu-west-1.amazonaws.com/files.orchestra.ratpdev.com/networks/qbo/exports/medias.zip","agency-feed","","2026-09-29","unresolved","no fare found","Feed was inspected but did not contain a usable fare_attributes.txt or fare_products.txt record."
"reims","Grand Reims Mobilités","Grand Est","","","","","https://api.grandest2.cityway.fr/exs/GTFS?Key=OPENDATA&OperatorCode=REI","agency-feed","","2026-09-29","unresolved","no fare found","Feed was inspected but did not contain a usable fare_attributes.txt or fare_products.txt record."
"rouen","Astuce (Rouen)","Normandie","","","","","https://api.mrn.cityway.fr/dataflow/offre-tc/download?provider=ASTUCE&dataFormat=gtfs&dataProfil=ASTUCE","agency-feed","","2026-09-29","unresolved","no fare found","Feed was inspected but did not contain a usable fare_attributes.txt or fare_products.txt record."
"saint-etienne","STAS (Saint-Étienne)","Auvergne-Rhône-Alpes","","","","","https://api.saint-etienne-metropole.fr/stas/api/horraires_tc/GTFS.aspx","agency-feed","","2026-09-29","unresolved","no fare found","Feed was inspected but did not contain a usable fare_attributes.txt or fare_products.txt record."
"saint-nazaire","Ycéo (Saint-Nazaire)","Pays de la Loire","","EUR","GTFS zero-fare candidate","","https://app.mecatran.com/utw/ws/gtfsfeed/static/stran-merge?apiKey=2e6071036d276153761f0c090b4a45420e047612","gtfs","20270702","2026-09-29","unresolved","unresolved","GTFS publishes only zero-value legacy fare attributes; this may be a placeholder and was not treated as proof of free service."
"toulon","Mistral (Toulon)","Provence-Alpes-Côte d'Azur","","","","","https://s3.eu-west-1.amazonaws.com/files.orchestra.ratpdev.com/networks/rd-toulon/exports/gtfs-complet.zip","agency-feed","","2026-09-29","unresolved","no fare found","Feed was inspected but did not contain a usable fare_attributes.txt or fare_products.txt record."
"toulouse","Tisséo (Toulouse)","Occitanie","1.8","EUR","GTFS Fares V1 fare attribute","2","https://data.toulouse-metropole.fr/explore/dataset/tisseo-gtfs/files/fc1dda89077cf37e4f7521760e0ef4e9/download/","gtfs","","2026-09-29","low","partially confirmed","Feed publishes multiple products; discounted, special, or non-core products were excluded where identifiable, then the lowest positive core candidate was retained."
"troyes","TCAT (Troyes)","Grand Est","","","","","https://static.data.gouv.fr/resources/donnees-tcat-troyes-champagne-metropole-1/20260520-141045/gtfs.zip","agency-feed","","2026-09-29","unresolved","no fare found","Feed was inspected but did not contain a usable fare_attributes.txt or fare_products.txt record."
"valence","Citéa (Valence Romans)","Auvergne-Rhône-Alpes","","","","","https://static.data.gouv.fr/resources/ce-jeu-de-donnees-contient-la-liste-des-arrets-des-horaires-et-des-parcours-theoriques-du-reseau-de-transport-urbain-et-interurbain-de-vrm/20260518-071358/gtfs-citea-20260517-20260628.zip","agency-feed","","2026-09-29","unresolved","no fare found","Feed was inspected but did not contain a usable fare_attributes.txt or fare_products.txt record."
"vannes","Kicéo (Vannes)","Bretagne","1.5","EUR","GTFS Fares V1 fare attribute","Kicéo","https://static.data.gouv.fr/resources/reseau-urbain-kiceo/20260626-142417/gtfs-20260626-161300-kiceo.zip","gtfs","20261116","2026-09-29","low","confirmed","Fare extracted from the current locally available GTFS feed."
"aix-en-provence","Aixenbus","Provence-Alpes-Côte d'Azur","","","","","https://app.mecatran.com/utw/ws/gtfsfeed/static/mamp-aix?apiKey=020c7c326b6c5e750b168064336e344c61213521","agency-feed","","2026-09-29","unresolved","no fare found","Feed was inspected but did not contain a usable fare_attributes.txt or fare_products.txt record."
"arles","Envia (Arles)","Provence-Alpes-Côte d'Azur","","","","","https://static.data.gouv.fr/resources/donnees-statiques-et-temps-reels-reseau-envia/20260713-080242/gtfs-envia-20260711.zip","agency-feed","","2026-09-29","unresolved","no fare found","Feed was inspected but did not contain a usable fare_attributes.txt or fare_products.txt record."
"beauvais","Corolis (Beauvais)","Hauts-de-France","","","","","https://api.oisemob.cityway.fr/dataflow/offre-tc/download?provider=COROLIS_URB&dataFormat=GTFS&dataProfil=OPENDATA","agency-feed","","2026-09-29","unresolved","no fare found","Feed was inspected but did not contain a usable fare_attributes.txt or fare_products.txt record."
"belfort","Optymo (Belfort)","Bourgogne-Franche-Comté","","","","","https://static.data.gouv.fr/resources/arrets-circuits-et-horaires-du-reseau-optymo-de-belfort/20260707-090040/gtfs.zip","agency-feed","","2026-09-29","unresolved","no fare found","Feed was inspected but did not contain a usable fare_attributes.txt or fare_products.txt record."
"bergerac","TUB (Bergerac)","Nouvelle-Aquitaine","","","","","https://www.pigma.org/public/opendata/nouvelle_aquitaine_mobilites/publication/ca_bergeracoise-aggregated-gtfs.zip","agency-feed","","2026-09-29","unresolved","no fare found","Feed was inspected but did not contain a usable fare_attributes.txt or fare_products.txt record."
"blois","Azalys (Blois)","Centre-Val de Loire","","","","","https://fr.ftp.opendatasoft.com/centrevaldeloire/OKINAGTFS/GTFS_AO/BLOIS.zip","agency-feed","","2026-09-29","unresolved","no fare found","Feed was inspected but did not contain a usable fare_attributes.txt or fare_products.txt record."
"boulogne-sur-mer","Marinéo (Boulogne)","Hauts-de-France","","","","","https://s3.eu-west-1.amazonaws.com/files.orchestra.ratpdev.com/networks/boulogne/exports/medias.zip","agency-feed","","2026-09-29","unresolved","no fare found","Feed was inspected but did not contain a usable fare_attributes.txt or fare_products.txt record."
"bourgoin","Ruban (Bourgoin-Jallieu)","Auvergne-Rhône-Alpes","","","","","https://api.pysae.com/api/v4/groups/keolis-9cc4/gtfs/6a5504d0f9fc74c03997b2dd","agency-feed","","2026-09-29","unresolved","no fare found","Feed was inspected but did not contain a usable fare_attributes.txt or fare_products.txt record."
"brive","Libéo (Brive)","Nouvelle-Aquitaine","","","","","https://www.pigma.org/public/opendata/nouvelle_aquitaine_mobilites/publication/ca_bassin_de_brive-aggregated-gtfs.zip","agency-feed","","2026-09-29","unresolved","no fare found","Feed was inspected but did not contain a usable fare_attributes.txt or fare_products.txt record."
"cahors","Cahors urbain","Occitanie","","EUR","GTFS zero-fare candidate","","https://static.data.gouv.fr/resources/donnees-gtfs-du-reseau-de-transports-public-du-grand-cahors/20250903-064002/gtfs-.zip","gtfs","20261031","2026-09-29","unresolved","unresolved","GTFS publishes only zero-value legacy fare attributes; this may be a placeholder and was not treated as proof of free service."
"cannes","Palm Bus (Cannes)","Provence-Alpes-Côte d'Azur","0.9","EUR","GTFS Fares V1 fare attribute","city_price","https://static.data.gouv.fr/resources/horaires-theoriques-et-temps-reel-gtfs-gtfs-rt-du-reseau-palmbus-cannes-pays-de-lerins/20260710-114430/palmbus-cannes-fr.zip","gtfs","20270103","2026-09-29","low","partially confirmed","Feed publishes multiple products; discounted, special, or non-core products were excluded where identifiable, then the lowest positive core candidate was retained."
"carcassonne","RTCA (Carcassonne)","Occitanie","","","","","https://static.data.gouv.fr/resources/reseau-rtca/20260324-093822/gtfs.zip","agency-feed","","2026-09-29","unresolved","no fare found","Feed was inspected but did not contain a usable fare_attributes.txt or fare_products.txt record."
"castres","Libellus (Castres)","Occitanie","","","","","https://static.data.gouv.fr/resources/offre-de-transport-du-reseau-libellus-gtfs/20260108-095309/08012026.zip","agency-feed","","2026-09-29","unresolved","no fare found","Feed was inspected but did not contain a usable fare_attributes.txt or fare_products.txt record."
"charleville","TAC (Charleville)","Grand Est","","","","","https://api.grandest2.cityway.fr/exs/GTFS?Key=OPENDATA&OperatorCode=CHM","agency-feed","","2026-09-29","unresolved","no fare found","Feed was inspected but did not contain a usable fare_attributes.txt or fare_products.txt record."
"chateauroux","Horizon (Châteauroux)","Centre-Val de Loire","","","","","https://data.chateauroux-metropole.fr/api/v2/catalog/datasets/reseau-de-bus-urbain_horizon/alternative_exports/gtfs_20260105_zip","agency-feed","","2026-09-29","unresolved","no fare found","Feed was inspected but did not contain a usable fare_attributes.txt or fare_products.txt record."
"colmar","Trace (Colmar)","Grand Est","","","","","https://api.grandest2.cityway.fr/exs/GTFS?Key=OPENDATA&OperatorCode=CAC","agency-feed","","2026-09-29","unresolved","no fare found","Feed was inspected but did not contain a usable fare_attributes.txt or fare_products.txt record."
"compiegne","TIC (Compiègne)","Hauts-de-France","","","","","https://api.oisemob.cityway.fr/dataflow/offre-tc/download?provider=TIC_INT&dataFormat=GTFS&dataProfil=OPENDATA","agency-feed","","2026-09-29","unresolved","no fare found","Feed was inspected but did not contain a usable fare_attributes.txt or fare_products.txt record."
"concarneau","Coralie (Concarneau)","Bretagne","","","","","https://www.korrigo.bzh/ftp/OPENDATA/CORALIE.gtfs.zip","agency-feed","","2026-09-29","unresolved","no fare found","Feed was inspected but did not contain a usable fare_attributes.txt or fare_products.txt record."
"creil","TCR (Creil)","Hauts-de-France","","","","","https://api.oisemob.cityway.fr/dataflow/offre-tc/download?provider=AXO&dataFormat=GTFS&dataProfil=OPENDATA","agency-feed","","2026-09-29","unresolved","no fare found","Feed was inspected but did not contain a usable fare_attributes.txt or fare_products.txt record."
"dieppe","Stradibus (Dieppe)","Normandie","","","","","https://static.data.gouv.fr/resources/deepmob-dieppe-maritime/20260717-132010/pt-th-offer-deepmob-gtfs-20260713-784-opendata.zip","agency-feed","","2026-09-29","unresolved","no fare found","Feed was inspected but did not contain a usable fare_attributes.txt or fare_products.txt record."
"douai","Évasion (Douai)","Hauts-de-France","","EUR","GTFS zero-fare candidate","","https://static.data.gouv.fr/resources/eveole-douai-reseau-bus-du-syndicat-mixte-des-transports-du-douaisis-smtd/20260707-151337/gtfs-du-060726-au-030127.zip","gtfs","20270103","2026-09-29","unresolved","unresolved","GTFS publishes only zero-value legacy fare attributes; this may be a placeholder and was not treated as proof of free service."
"epinal","Imagine (Épinal)","Grand Est","","","","","https://api.grandest2.cityway.fr/exs/GTFS?Key=OPENDATA&OperatorCode=IMAGINE","agency-feed","","2026-09-29","unresolved","no fare found","Feed was inspected but did not contain a usable fare_attributes.txt or fare_products.txt record."
"evreux","Transurbain (Évreux)","Normandie","","","","","https://static.data.gouv.fr/resources/transurbain-evreux-portes-de-normandie/20260622-071336/pt-th-offer-transurbain-gtfs-20260609-304-opendata.zip","agency-feed","","2026-09-29","unresolved","no fare found","Feed was inspected but did not contain a usable fare_attributes.txt or fare_products.txt record."
"fougeres","Surfline (Fougères)","Bretagne","1.1","EUR","GTFS Fares V1 fare attribute","1","https://static.data.gouv.fr/resources/reseau-urbain-surf/20250926-080752/gtfs-20250926-100314-surf.zip","gtfs","20260831","2026-09-29","low","confirmed","Fare extracted from the current locally available GTFS feed."
"grasse","Sillages (Grasse)","Provence-Alpes-Côte d'Azur","","","","","https://static.data.gouv.fr/resources/lignes-regulieres-de-transports-sillages-en-pays-de-grasse-urbain-et-scolaire/20251119-082733/gtfs-urbain-sillages-20251119.zip","agency-feed","","2026-09-29","unresolved","no fare found","Feed was inspected but did not contain a usable fare_attributes.txt or fare_products.txt record."
"laon","Laon urbain","Hauts-de-France","","","","","https://s3.eu-west-1.amazonaws.com/files.orchestra.ratpdev.com/networks/tul-gares/exports/medias.zip","agency-feed","","2026-09-29","unresolved","no fare found","Feed was inspected but did not contain a usable fare_attributes.txt or fare_products.txt record."
"lens","Tadao (Lens-Liévin)","Hauts-de-France","","","","","https://chouette.enroute.mobi/api/v1/datas/opendata/gtfs.zip","agency-feed","","2026-09-29","unresolved","no fare found","Feed was inspected but did not contain a usable fare_attributes.txt or fare_products.txt record."
"limoges","STCL (Limoges)","Nouvelle-Aquitaine","","","","","https://www.pigma.org/public/opendata/nouvelle_aquitaine_mobilites/publication/ca_limoges_metropole-aggregated-gtfs.zip","agency-feed","","2026-09-29","unresolved","no fare found","Feed was inspected but did not contain a usable fare_attributes.txt or fare_products.txt record."
"menton","Zest (Menton)","Provence-Alpes-Côte d'Azur","","","","","https://static.data.gouv.fr/resources/horaires-reseau-zest/20260710-140010/gtfs-10072026-0806.zip","agency-feed","","2026-09-29","unresolved","no fare found","Feed was inspected but did not contain a usable fare_attributes.txt or fare_products.txt record."
"mont-de-marsan","TMA (Mont-de-Marsan)","Nouvelle-Aquitaine","","","","","https://www.pigma.org/public/opendata/nouvelle_aquitaine_mobilites/publication/ca_du_marsan-aggregated-gtfs.zip","agency-feed","","2026-09-29","unresolved","no fare found","Feed was inspected but did not contain a usable fare_attributes.txt or fare_products.txt record."
"montbeliard","Evolity (Montbéliard)","Bourgogne-Franche-Comté","","","","","https://static.data.gouv.fr/resources/evolity-horaires-theoriques-de-transport-public/20260709-133238/2026-07-13-au-2027-06-11-gtfs-mpm-rs-v2.zip","agency-feed","","2026-09-29","unresolved","no fare found","Feed was inspected but did not contain a usable fare_attributes.txt or fare_products.txt record."
"morlaix","Linéotim (Morlaix)","Bretagne","","","","","https://www.korrigo.bzh/ftp/OPENDATA/LINEOTIM_Complet.gtfs.zip","agency-feed","","2026-09-29","unresolved","no fare found","Feed was inspected but did not contain a usable fare_attributes.txt or fare_products.txt record."
"nevers","Taneo (Nevers)","Bourgogne-Franche-Comté","","","","","https://static.data.gouv.fr/resources/versions-des-horaires-theoriques-des-lignes-du-reseau-de-bus-au-format-gtfs/20260717-055745/gtfs-2026-ete.zip","agency-feed","","2026-09-29","unresolved","no fare found","Feed was inspected but did not contain a usable fare_attributes.txt or fare_products.txt record."
"niort","TanLib (Niort)","Nouvelle-Aquitaine","","","","","https://www.pigma.org/public/opendata/nouvelle_aquitaine_mobilites/publication/ca_du_niortais-aggregated-gtfs.zip","agency-feed","","2026-09-29","unresolved","no fare found","Feed was inspected but did not contain a usable fare_attributes.txt or fare_products.txt record."
"quimperle","TBK (Quimperlé)","Bretagne","","","","","https://s3.eu-west-1.amazonaws.com/files.orchestra.ratpdev.com/networks/tbk/exports/export-pan.zip","agency-feed","","2026-09-29","unresolved","no fare found","Feed was inspected but did not contain a usable fare_attributes.txt or fare_products.txt record."
"romans","Citéa Romans","Auvergne-Rhône-Alpes","","","","","https://static.data.gouv.fr/resources/ce-jeu-de-donnees-contient-la-liste-des-arrets-des-horaires-et-des-parcours-theoriques-du-reseau-de-transport-urbain-et-interurbain-de-vrm/20260518-071358/gtfs-citea-20260517-20260628.zip","agency-feed","","2026-09-29","unresolved","no fare found","Feed was inspected but did not contain a usable fare_attributes.txt or fare_products.txt record."
"saint-brieuc","TUB (Saint-Brieuc)","Bretagne","","","","","https://static.data.gouv.fr/resources/gtfs-du-reseau-de-transports-publics-de-saint-brieuc-armor-agglomeration/20260522-153134/gtfs.zip","agency-feed","","2026-09-29","unresolved","no fare found","Feed was inspected but did not contain a usable fare_attributes.txt or fare_products.txt record."
"saint-malo","MAT (Saint-Malo)","Bretagne","1.7","EUR","GTFS Fares V1 fare attribute","2050","https://eu.ftp.opendatasoft.com/star/gtfs/GTFS_STAR_BUS_METRO_EN_COURS.zip","gtfs","20260830","2026-09-29","low","confirmed","Fare extracted from the current locally available GTFS feed."
"saint-omer","MouvO (Saint-Omer)","Hauts-de-France","","","","","https://static.data.gouv.fr/resources/transports-en-commun-audomarois-1/20260430-132927/mouveo.zip","agency-feed","","2026-09-29","unresolved","no fare found","Feed was inspected but did not contain a usable fare_attributes.txt or fare_products.txt record."
"saintes","Buséau (Saintes)","Nouvelle-Aquitaine","","","","","https://zenbus.net/gtfs/static/download.zip?dataset=buss-cdasaintes","agency-feed","","2026-09-29","unresolved","no fare found","Feed was inspected but did not contain a usable fare_attributes.txt or fare_products.txt record."
"tarbes","TLP Mobilités (Tarbes)","Occitanie","","","","","https://static.data.gouv.fr/resources/horaires-theoriques-du-reseau-tarbes-lourdes-tlp-mobilites-gtfs/20260709-103323/ktlp-gtfs-gvs-030826-090826.zip","agency-feed","","2026-09-29","unresolved","no fare found","Feed was inspected but did not contain a usable fare_attributes.txt or fare_products.txt record."
"valenciennes","Transvilles (Valenciennes)","Hauts-de-France","","","","","https://static.data.gouv.fr/resources/horaires-du-reseau-transvilles-au-format-gtfs/20260123-101905/google-transit.zip","agency-feed","","2026-09-29","unresolved","no fare found","Feed was inspected but did not contain a usable fare_attributes.txt or fare_products.txt record."
"vierzon","Le Vib (Vierzon)","Centre-Val de Loire","1","EUR","GTFS Fares V1 fare attribute","LEVIBTU","https://static.data.gouv.fr/resources/reseau-urbain-le-vib/20260519-052037/gtfs-20260507-172329-levib-hb-pan-du-01-05-26-au-31-08-26.zip","gtfs","20260831","2026-09-29","low","confirmed","Fare extracted from the current locally available GTFS feed."
"albi","LibéA (Albi)","Occitanie","","","","","https://static.data.gouv.fr/resources/offre-de-transports-du-grand-albigeois-gtfs/20260623-112718/libea-reseau-urbain.zip","agency-feed","","2026-09-29","unresolved","no fare found","Feed was inspected but did not contain a usable fare_attributes.txt or fare_products.txt record."
"ales","Ales'y (Alès)","Occitanie","","","","","https://static.data.gouv.fr/resources/horaires-theoriques-des-lignes-urbaines-et-interurbaines-sur-le-reseau-alesy-gtfs/20260622-132552/gtfs-is-20260704.zip","agency-feed","","2026-09-29","unresolved","no fare found","Feed was inspected but did not contain a usable fare_attributes.txt or fare_products.txt record."
"angouleme","Möbius (Angoulême)","Nouvelle-Aquitaine","","","","","https://static.data.gouv.fr/resources/horaires-theoriques-et-temps-reel-reseau-mobius/20251008-085244/gtfs-mobius-saison25-26-20250930-tad.zip","agency-feed","","2026-09-29","unresolved","no fare found","Feed was inspected but did not contain a usable fare_attributes.txt or fare_products.txt record."
"arcachon","Baïa (Bassin d'Arcachon)","Nouvelle-Aquitaine","","","","","https://www.pigma.org/public/opendata/nouvelle_aquitaine_mobilites/publication/cobas-aggregated-gtfs.zip","agency-feed","","2026-09-29","unresolved","no fare found","Feed was inspected but did not contain a usable fare_attributes.txt or fare_products.txt record."
"argentan","Argentan Bus","Normandie","","","","","https://static.data.gouv.fr/resources/argentanbus-argentan-intercom/20260710-125655/pt-th-offer-argentanbus-gtfs-20260707-611-opendata-1-.zip","agency-feed","","2026-09-29","unresolved","no fare found","Feed was inspected but did not contain a usable fare_attributes.txt or fare_products.txt record."
"auch","Alliance (Auch)","Occitanie","","","","","https://zenbus.net/gtfs/static/download.zip?dataset=auch-alliance","agency-feed","","2026-09-29","unresolved","no fare found","Feed was inspected but did not contain a usable fare_attributes.txt or fare_products.txt record."
"beaune","Côte&Bus (Beaune)","Bourgogne-Franche-Comté","","","","","https://static.data.gouv.fr/resources/offre-de-transport-de-la-c-a-beaune-cote-sud-gtfs/20251230-134445/gtfs-30-12-2025-04-15.zip","agency-feed","","2026-09-29","unresolved","no fare found","Feed was inspected but did not contain a usable fare_attributes.txt or fare_products.txt record."
"cavaillon","Cmonbus (Cavaillon)","Provence-Alpes-Côte d'Azur","","","","","https://app.pysae.com/api/v2/groups/cavaillon/gtfs/pub","agency-feed","","2026-09-29","unresolved","no fare found","Feed was inspected but did not contain a usable fare_attributes.txt or fare_products.txt record."
"chamonix","Chamonix Mobilités","Auvergne-Rhône-Alpes","","","","","https://static.data.gouv.fr/resources/gtfs-reseau-chamonix-mobilite/20260703-083917/gtfs-chamonix-mobilite-20263006.zip","agency-feed","","2026-09-29","unresolved","no fare found","Feed was inspected but did not contain a usable fare_attributes.txt or fare_products.txt record."
"cherbourg","Cap Cotentin (Cherbourg)","Normandie","","","","","https://static.data.gouv.fr/resources/horaires-theoriques-et-en-temps-reel-des-bus-et-autocars-circulant-sur-le-reseau-cap-cotentin/20260701-123050/gtfs-capcotentin-010726-au-30082026.zip","agency-feed","","2026-09-29","unresolved","no fare found","Feed was inspected but did not contain a usable fare_attributes.txt or fare_products.txt record."
"coutances","Cosibus (Coutances)","Normandie","","","","","https://static.data.gouv.fr/resources/cosibus-coutances-mer-et-bocage/20260520-065200/cosibus.zip","agency-feed","","2026-09-29","unresolved","no fare found","Feed was inspected but did not contain a usable fare_attributes.txt or fare_products.txt record."
"dinan","Dinamo (Dinan)","Bretagne","","EUR","GTFS zero-fare candidate","","https://static.data.gouv.fr/resources/reseau-urbain-dinamo/20260629-151052/gtfs-20260629-162332-dinamo.zip","gtfs","20260831","2026-09-29","unresolved","unresolved","GTFS publishes only zero-value legacy fare attributes; this may be a placeholder and was not treated as proof of free service."
"gap","Trotibus (Gap)","Provence-Alpes-Côte d'Azur","","","","","https://gtfs-rt.infra-hubup.fr/cagtd/current/gtfs","agency-feed","","2026-09-29","unresolved","no fare found","Feed was inspected but did not contain a usable fare_attributes.txt or fare_products.txt record."
"guingamp","Guingamp-Paimpol Mobilité","Bretagne","1","EUR","GTFS Fares V1 fare attribute","1","https://static.data.gouv.fr/resources/reseau-urbain-scolaire-guingamp-paimpol-mobilite/20260121-175558/reseau-urbain-et-scolaire-guingamppaimpol-mobilite.zip","gtfs","20251231","2026-09-29","low","confirmed","Fare extracted from the current locally available GTFS feed."
"libourne","Calibus (Libourne)","Nouvelle-Aquitaine","","","","","https://www.pigma.org/public/opendata/nouvelle_aquitaine_mobilites/publication/ca_du_libournais-aggregated-gtfs.zip","agency-feed","","2026-09-29","unresolved","no fare found","Feed was inspected but did not contain a usable fare_attributes.txt or fare_products.txt record."
"louviers","SEMO (Louviers)","Normandie","","","","","https://static.data.gouv.fr/resources/semo-val-de-reuil-louviers-seine-eure-agglo/20251218-104416/pt-th-offer-semo-gtfs-20251216-761-opendata.zip","agency-feed","","2026-09-29","unresolved","no fare found","Feed was inspected but did not contain a usable fare_attributes.txt or fare_products.txt record."
"montauban","TM (Montauban)","Occitanie","","","","","https://static.data.gouv.fr/resources/gtfs-de-la-societe-de-transport-urbain-du-grand-montauban-semtm/20251215-085859/gtfs-dec25-v3.zip","agency-feed","","2026-09-29","unresolved","no fare found","Feed was inspected but did not contain a usable fare_attributes.txt or fare_products.txt record."
"moulins","Aléo (Moulins)","Auvergne-Rhône-Alpes","","","","","https://api.pysae.com/api/v4/groups/moulins/gtfs/pub","agency-feed","","2026-09-29","unresolved","no fare found","Feed was inspected but did not contain a usable fare_attributes.txt or fare_products.txt record."
"oyonnax","Duobus (Oyonnax)","Auvergne-Rhône-Alpes","","","","","https://api.oura3.cityway.fr/dataflow/offre-tc/download?provider=OYONNAX&dataFormat=GTFS&dataProfil=OPENDATA","agency-feed","","2026-09-29","unresolved","no fare found","Feed was inspected but did not contain a usable fare_attributes.txt or fare_products.txt record."
"porto-vecchio","A Citadina (Porto-Vecchio)","Corse","","","","","https://pysae.com/api/v2/groups/porto-vecchio/gtfs/pub","agency-feed","","2026-09-29","unresolved","no fare found","Feed was inspected but did not contain a usable fare_attributes.txt or fare_products.txt record."
"privas","T'CAP (Privas)","Auvergne-Rhône-Alpes","","","","","https://static.data.gouv.fr/resources/reseau-urbain-interurbain-et-scolaire-de-la-communaute-dagglomeration-privas-centre-ardeche/20250917-112833/gtfs-dsp-tcap-17-09-25.zip","agency-feed","","2026-09-29","unresolved","no fare found","Feed was inspected but did not contain a usable fare_attributes.txt or fare_products.txt record."
"saint-quentin","TUC (Saint-Quentin)","Hauts-de-France","","","","","https://static.data.gouv.fr/resources/donnees-gtfs-reseau-tuc-communaute-dagglomeration-de-cambrai/20260324-131607/rhdf-gtfs-cac-tuc-24-03-26.zip","agency-feed","","2026-09-29","unresolved","no fare found","Feed was inspected but did not contain a usable fare_attributes.txt or fare_products.txt record."
"selestat","ELSA (Sélestat)","Grand Est","","","","","https://api.grandest2.cityway.fr/exs/GTFS?Key=OPENDATA&OperatorCode=CCSelestat","agency-feed","","2026-09-29","unresolved","no fare found","Feed was inspected but did not contain a usable fare_attributes.txt or fare_products.txt record."
"vichy","MobiVie (Vichy)","Auvergne-Rhône-Alpes","","","","","https://static.data.gouv.fr/resources/mobivie-reseau-urbain-vichy-communaute/20250813-081437/gtfs-01092025-31072026.zip","agency-feed","","2026-09-29","unresolved","no fare found","Feed was inspected but did not contain a usable fare_attributes.txt or fare_products.txt record."
"villeneuve-sur-lot","Elios (Villeneuve-sur-Lot)","Nouvelle-Aquitaine","","","","","https://static.data.gouv.fr/resources/elios-transports-urbains-du-grand-villeneuvois/20250902-085502/gtfs-elios-grand-villeneuvois-septembre-2025.zip","agency-feed","","2026-09-29","unresolved","no fare found","Feed was inspected but did not contain a usable fare_attributes.txt or fare_products.txt record."
"aix-les-bains","Aix-les-Bains","Auvergne-Rhône-Alpes","","","","","https://s3.eu-west-1.amazonaws.com/files.orchestra.ratpdev.com/networks/ctlb-aix-les-bains/exports/pan.zip","agency-feed","","2026-09-29","unresolved","no fare found","Feed was inspected but did not contain a usable fare_attributes.txt or fare_products.txt record."
"amberieu","Ambérieu","Auvergne-Rhône-Alpes","","","","","https://api.oura3.cityway.fr/dataflow/offre-tc/download?provider=TAM&dataFormat=GTFS&dataProfil=OPENDATA","agency-feed","","2026-09-29","unresolved","no fare found","Feed was inspected but did not contain a usable fare_attributes.txt or fare_products.txt record."
"chalons","SITAC (Châlons)","Grand Est","","","","","https://api.grandest2.cityway.fr/exs/GTFS?Key=OPENDATA&OperatorCode=CEC","agency-feed","","2026-09-29","unresolved","no fare found","Feed was inspected but did not contain a usable fare_attributes.txt or fare_products.txt record."
"cosne","Cosne-Cours-sur-Loire","Bourgogne-Franche-Comté","","","","","https://api.pysae.com/api/v4/groups/coeur-de-loire/gtfs/pub","agency-feed","","2026-09-29","unresolved","no fare found","Feed was inspected but did not contain a usable fare_attributes.txt or fare_products.txt record."
"dole","Dole","Bourgogne-Franche-Comté","","","","","https://static.data.gouv.fr/resources/reseau-de-transport-du-grand-dole/20260219-150623/gtfs-dole.zip","agency-feed","","2026-09-29","unresolved","no fare found","Feed was inspected but did not contain a usable fare_attributes.txt or fare_products.txt record."
"draguignan","TedBus (Draguignan)","Provence-Alpes-Côte d'Azur","","","","","https://www.datasud.fr/fr/dataset/datasets/1760/resource/2210/download/","agency-feed","","2026-09-29","unresolved","no fare found","Feed was inspected but did not contain a usable fare_attributes.txt or fare_products.txt record."
"dreux","Dreux","Centre-Val de Loire","","","","","https://fr.ftp.opendatasoft.com/centrevaldeloire/OKINAGTFS/GTFS_AO/DREUX.zip","agency-feed","","2026-09-29","unresolved","no fare found","Feed was inspected but did not contain a usable fare_attributes.txt or fare_products.txt record."
"fecamp","Fécamp","Normandie","","","","","https://static.data.gouv.fr/resources/ficibus-fecamp-caux-littoral/20260128-093227/ficibus.zip","agency-feed","","2026-09-29","unresolved","no fare found","Feed was inspected but did not contain a usable fare_attributes.txt or fare_products.txt record."
"figeac","Figeac","Occitanie","","","","","https://zenbus.net/gtfs/static/download.zip?dataset=figeac","agency-feed","","2026-09-29","unresolved","no fare found","Feed was inspected but did not contain a usable fare_attributes.txt or fare_products.txt record."
"flers","Flers","Normandie","","","","","https://static.data.gouv.fr/resources/donnees-theoriques-du-reseau-urbain-de-flers-agglo-au-format-gtfs/20260414-121512/nemus-gtfs-du-01-01-26-au-31-12-26.zip","agency-feed","","2026-09-29","unresolved","no fare found","Feed was inspected but did not contain a usable fare_attributes.txt or fare_products.txt record."
"haguenau","Haguenau","Grand Est","","","","","https://zenbus.net/gtfs/static/download.zip?dataset=haguenau","agency-feed","","2026-09-29","unresolved","no fare found","Feed was inspected but did not contain a usable fare_attributes.txt or fare_products.txt record."
"la-roche-sur-yon","Impulsyon (La Roche-sur-Yon)","Pays de la Loire","","","","","https://s3.eu-west-1.amazonaws.com/files.orchestra.ratpdev.com/networks/impulsyon/exports/medias.zip","agency-feed","","2026-09-29","unresolved","no fare found","Feed was inspected but did not contain a usable fare_attributes.txt or fare_products.txt record."
"lannion","TILT (Lannion)","Bretagne","","","","","https://www.korrigo.bzh/ftp/OPENDATA/TILT.gtfs.zip","agency-feed","","2026-09-29","unresolved","no fare found","Feed was inspected but did not contain a usable fare_attributes.txt or fare_products.txt record."
"manosque","TransAgglo (Manosque)","Provence-Alpes-Côte d'Azur","","","","","https://static.data.gouv.fr/resources/reseau-de-transport-en-commun-trans-agglo-de-dlva/20260107-075252/gtfs-695e0e00e75be-0701.zip","agency-feed","","2026-09-29","unresolved","no fare found","Feed was inspected but did not contain a usable fare_attributes.txt or fare_products.txt record."
"mende","Mende","Occitanie","","","","","https://zenbus.net/gtfs/static/download.zip?dataset=tum","agency-feed","","2026-09-29","unresolved","no fare found","Feed was inspected but did not contain a usable fare_attributes.txt or fare_products.txt record."
"narbonne","Citibus (Narbonne)","Occitanie","","","","","https://s3.eu-west-1.amazonaws.com/files.orchestra.ratpdev.com/networks/narbonne/exports/scolaires-sans-tad.zip","agency-feed","","2026-09-29","unresolved","no fare found","Feed was inspected but did not contain a usable fare_attributes.txt or fare_products.txt record."
"oloron","Oloron-Sainte-Marie","Nouvelle-Aquitaine","","","","","https://zenbus.net/gtfs/static/download.zip?dataset=oloron","agency-feed","","2026-09-29","unresolved","no fare found","Feed was inspected but did not contain a usable fare_attributes.txt or fare_products.txt record."
"pont-audemer","Pont-Audemer","Normandie","","","","","https://static.data.gouv.fr/resources/le-bus-pont-audemer-val-de-risle/20250819-074312/pt-th-offer-lebus-gtfs-20250812-817-opendata.zip","agency-feed","","2026-09-29","unresolved","no fare found","Feed was inspected but did not contain a usable fare_attributes.txt or fare_products.txt record."
"redon","Redon","Bretagne","","","","","https://static.data.gouv.fr/resources/reseau-urbain-de-redon-agglomeration/20251017-090411/518-20251014.zip","agency-feed","","2026-09-29","unresolved","no fare found","Feed was inspected but did not contain a usable fare_attributes.txt or fare_products.txt record."
"rumilly","Rumilly","Auvergne-Rhône-Alpes","","","","","https://static.data.gouv.fr/resources/offre-de-transports-jybus-a-rumilly/20260615-154800/gtfs-jybus.zip","agency-feed","","2026-09-29","unresolved","no fare found","Feed was inspected but did not contain a usable fare_attributes.txt or fare_products.txt record."
"sarlat","Sarlat","Nouvelle-Aquitaine","","","","","https://zenbus.net/gtfs/static/download.zip?dataset=Sarlat","agency-feed","","2026-09-29","unresolved","no fare found","Feed was inspected but did not contain a usable fare_attributes.txt or fare_products.txt record."
"saumur","Saumur Agglobus","Pays de la Loire","","","","","https://mobi-iti-pdl.okina.fr/static/mobiiti_saumur_val_de_loire/gtfs_imported-id_saumur.zip","agency-feed","","2026-09-29","unresolved","no fare found","Feed was inspected but did not contain a usable fare_attributes.txt or fare_products.txt record."
"sete","Sète","Occitanie","1.3","EUR","GTFS Fares V2 base product","Ticket 1h","https://drive.google.com/uc?export=download&id=1PUISUlg0tpVFTdr7NOzJ2w9KthNXpQNn","gtfs","20270404","2026-09-29","medium","partially confirmed","Feed publishes multiple products; discounted, special, or non-core products were excluded where identifiable, then the lowest positive core candidate was retained."
"thiers","Thiers","Auvergne-Rhône-Alpes","","","","","https://api.oura3.cityway.fr/dataflow/offre-tc/download?provider=THIERS&dataFormat=GTFS&dataProfil=OPENDATA","agency-feed","","2026-09-29","unresolved","no fare found","Feed was inspected but did not contain a usable fare_attributes.txt or fare_products.txt record."
"vendome","Vendôme","Centre-Val de Loire","","","","","https://app.pysae.com/api/v2/groups/vendome/gtfs/676e649e1b7a2efbadbbe403","agency-feed","","2026-09-29","unresolved","no fare found","Feed was inspected but did not contain a usable fare_attributes.txt or fare_products.txt record."
"vesoul","Vesoul","Bourgogne-Franche-Comté","","","","","https://static.data.gouv.fr/resources/horaires-theoriques-du-reseau-moova-communaute-dagglomeration-de-vesoul-gtfs/20260326-155123/gtfs-vesoul.zip","agency-feed","","2026-09-29","unresolved","no fare found","Feed was inspected but did not contain a usable fare_attributes.txt or fare_products.txt record."
"godurham","GoDurham","North Carolina","4.4","CAD","GTFS Fares V1 fare attribute","111-111","https://godurham.rideralerts.com/InfoPoint/GTFS-Zip.ashx","gtfs","20260904","2026-09-29","low","partially confirmed","Feed publishes multiple products; discounted, special, or non-core products were excluded where identifiable, then the lowest positive core candidate was retained."
"jacksonville-nc","Jacksonville Transit","North Carolina","","","","","https://passio3.com/jacksonville/passioTransit/gtfs/google_transit.zip","agency-feed","","2026-09-29","unresolved","no fare found","Feed was inspected but did not contain a usable fare_attributes.txt or fare_products.txt record."
"fast-nc","Fayetteville Area System of Transit","North Carolina","","","","","https://fast.transloc.com/Secure/Admin/Reports/GTFSDownload.aspx","agency-feed","","2026-09-29","unresolved","no fare found","Feed was inspected but did not contain a usable fare_attributes.txt or fare_products.txt record."
"greenway","Greenway Public Transportation","North Carolina","","","","","https://gtfs.transitportal.org/CurrentGTFS/Western%20Piedmont%20Regional%20Transportation%20Association_3/WPRTA.zip","agency-feed","","2026-09-29","unresolved","no fare found","Feed was inspected but did not contain a usable fare_attributes.txt or fare_products.txt record."
"concord-kannapolis","Rider Transit","North Carolina","","","","","https://gtfs.transitportal.org/CurrentGTFS/Concord%20Kannapolis_209/CKRider.zip","agency-feed","","2026-09-29","unresolved","no fare found","Feed was inspected but did not contain a usable fare_attributes.txt or fare_products.txt record."
"gaston-county","Gaston County Transit","North Carolina","","","","","https://gtfs.transitportal.org/CurrentGTFS/Gaston%20County_71/Gaston.zip","agency-feed","","2026-09-29","unresolved","no fare found","Feed was inspected but did not contain a usable fare_attributes.txt or fare_products.txt record."
"coast-rta","Coast RTA","South Carolina","","","","","https://coastrta.transloc.com/Secure/Admin/Reports/GTFSDownload.aspx","agency-feed","","2026-09-29","unresolved","no fare found","Feed was inspected but did not contain a usable fare_attributes.txt or fare_products.txt record."
"sunshine-bus","Sunshine Bus Company","Florida","4","USD","GTFS Fares V1 fare attribute","1403","https://www.ftis.org/PostFileDownload.aspx?id=1011A0","gtfs","20301031","2026-09-29","low","confirmed","Fare extracted from the current locally available GTFS feed."
"key-west-transit","Key West Transit","Florida","","","","","https://www.ftis.org/PostFileDownload.aspx?id=962A0","agency-feed","","2026-09-29","unresolved","no fare found","Feed was inspected but did not contain a usable fare_attributes.txt or fare_products.txt record."
"citylink-north","Kootenai County Citylink North","Idaho","","","","","https://passio3.com/kootenai/passioTransit/gtfs/google_transit.zip","agency-feed","","2026-09-29","unresolved","no fare found","Feed was inspected but did not contain a usable fare_attributes.txt or fare_products.txt record."
"dcta","Denton County Transportation Authority (DCTA)","Texas","0.75","USD","GTFS Fares V1 fare attribute","Reduced Local AM/PM","https://gtfs.remix.com/dcta_denton_tx_us.zip","gtfs","20270110","2026-09-29","low","partially confirmed","Feed publishes multiple products; discounted, special, or non-core products were excluded where identifiable, then the lowest positive core candidate was retained."
"waco","Waco Transit System","Texas","","","","","https://wacotransit.ridesystems.net/Secure/Admin/Reports/GTFSDownload.aspx","agency-feed","","2026-09-29","unresolved","no fare found","Feed was inspected but did not contain a usable fare_attributes.txt or fare_products.txt record."
"brazos","Brazos Transit District","Texas","","","","","https://www.btd.org/2025btdgtfs/","agency-feed","","2026-09-29","unresolved","no fare found","Feed was inspected but did not contain a usable fare_attributes.txt or fare_products.txt record."
"lafayette-la","Lafayette Transit System","Louisiana","","","","","https://lts.syncromatics.com/gtfs","agency-feed","","2026-09-29","unresolved","no fare found","Feed was inspected but did not contain a usable fare_attributes.txt or fare_products.txt record."
"coast-transit-ms","Coast Transit Authority","Mississippi","","","","","https://coasttransit.com/wp-content/uploads/2026/03/CTA_MS_GTFS-1.zip","agency-feed","","2026-09-29","unresolved","no fare found","Feed was inspected but did not contain a usable fare_attributes.txt or fare_products.txt record."
"hub-city-transit","Hub City Transit","Mississippi","","","","","https://api.transloc.com/gtfs/hct.zip","agency-feed","","2026-09-29","unresolved","no fare found","Feed was inspected but did not contain a usable fare_attributes.txt or fare_products.txt record."
"tank","Transit Authority of Northern Kentucky (TANK)","Kentucky","","USD","GTFS zero-fare candidate","","https://tank.rideralerts.com/InfoPoint/GTFS-Zip.ashx","gtfs","20261106","2026-09-29","unresolved","unresolved","GTFS publishes only zero-value legacy fare attributes; this may be a placeholder and was not treated as proof of free service."
"sandusky","Sandusky Transit System","Ohio","2","USD","GTFS Fares V1 fare attribute","150","https://mjcaction.com/MJC_GTFS_Public/sandusky_google_transit.zip","gtfs","20270430","2026-09-29","low","confirmed","Fare extracted from the current locally available GTFS feed."
"bay-metro","Bay Metro (Bay City)","Michigan","1","USD","GTFS Fares V1 fare attribute","100","https://rapid.nationalrtap.org/GTFSFileManagement/UserUploadFiles/11684/BMTA_GTFS.zip","gtfs","20270227","2026-09-29","low","confirmed","Fare extracted from the current locally available GTFS feed."
"burlington-ia","Burlington Urban Service (BUS)","Iowa","","","","","https://data.trilliumtransit.com/gtfs/burlington-ia-us/burlington-ia-us.zip","agency-feed","","2026-09-29","unresolved","no fare found","Feed was inspected but did not contain a usable fare_attributes.txt or fare_products.txt record."
"jefftran","Jefferson City Transit (JeffTran)","Missouri","","","","","https://jctgtfsdownload.itcurves.us/DownloadGtfs","agency-feed","","2026-09-29","unresolved","no fare found","Feed was inspected but did not contain a usable fare_attributes.txt or fare_products.txt record."
"muskegon","Muskegon Area Transit System","Michigan","4.4","CAD","GTFS Fares V1 fare attribute","111-111","https://muskegon.connexionz.net/rtt/public/resource/gtfs.zip","gtfs","20260904","2026-09-29","low","partially confirmed","Feed publishes multiple products; discounted, special, or non-core products were excluded where identifiable, then the lowest positive core candidate was retained."
"telluride","Town of Telluride (Galloping Goose)","Colorado","2","USD","GTFS Fares V1 fare attribute","4218","https://data.trilliumtransit.com/gtfs/sanmiguelcounty-co-us/sanmiguelcounty-co-us--flex-v2.zip","gtfs","20261019","2026-09-29","low","partially confirmed","Feed publishes multiple products; discounted, special, or non-core products were excluded where identifiable, then the lowest positive core candidate was retained."
"mountain-village","Town of Mountain Village Transit","Colorado","2","USD","GTFS Fares V1 fare attribute","4218","https://data.trilliumtransit.com/gtfs/sanmiguelcounty-co-us/sanmiguelcounty-co-us--flex-v2.zip","gtfs","20261019","2026-09-29","low","partially confirmed","Feed publishes multiple products; discounted, special, or non-core products were excluded where identifiable, then the lowest positive core candidate was retained."
"smart-telluride","San Miguel Authority for Regional Transportation (SMART)","Colorado","2","USD","GTFS Fares V1 fare attribute","4218","https://data.trilliumtransit.com/gtfs/sanmiguelcounty-co-us/sanmiguelcounty-co-us--flex-v2.zip","gtfs","20261019","2026-09-29","low","partially confirmed","Feed publishes multiple products; discounted, special, or non-core products were excluded where identifiable, then the lowest positive core candidate was retained."
"snowmass-village","Snowmass Village Shuttle","Colorado","","","","","https://data.trilliumtransit.com/gtfs/snowmassvillagetransportation-co-us/snowmassvillagetransportation-co-us.zip","agency-feed","","2026-09-29","unresolved","no fare found","Feed was inspected but did not contain a usable fare_attributes.txt or fare_products.txt record."
"winter-park","The Lift","Colorado","","","","","https://theliftwp.ridesystems.net/Secure/Admin/Reports/GTFSDownload.aspx","agency-feed","","2026-09-29","unresolved","no fare found","Feed was inspected but did not contain a usable fare_attributes.txt or fare_products.txt record."
"roundabout","Clear Creek County Transit (RoundAbout)","Colorado","","","","","https://data.trilliumtransit.com/gtfs/clearcreek-co-us/clearcreek-co-us.zip","agency-feed","","2026-09-29","unresolved","no fare found","Feed was inspected but did not contain a usable fare_attributes.txt or fare_products.txt record."
"breck-free-ride","Breckenridge Free Ride","Colorado","","","","","https://mybreckfreeride.com/gtfs","agency-feed","","2026-09-29","unresolved","no fare found","Feed was inspected but did not contain a usable fare_attributes.txt or fare_products.txt record."
"summit-stage","Summit Stage","Colorado","2","USD","GTFS Fares V1 fare attribute","3816","https://data.trilliumtransit.com/gtfs/summitstage-co-us/summitstage-co-us.zip","gtfs","20261114","2026-09-29","low","partially confirmed","Feed publishes multiple products; discounted, special, or non-core products were excluded where identifiable, then the lowest positive core candidate was retained."
"vail-transit","Vail Transit","Colorado","","","","","https://ride.vail.gov/gtfs","agency-feed","","2026-09-29","unresolved","no fare found","Feed was inspected but did not contain a usable fare_attributes.txt or fare_products.txt record."
"avon-transit","Avon Transit","Colorado","0","USD","GTFS Fares V2 base product","Avon_Bus_Fare_RedBlue","https://www.avon.org/DocumentCenter/View/25051/TownOfAvon_gtfs","gtfs","20261125","2026-09-29","medium","confirmed","Fare extracted from the current locally available GTFS feed."
"timmins","Timmins Transit","Ontario","","","","","https://metrolinx.tmix.se/gtfs/gtfs-timmins.zip","agency-feed","","2026-09-29","unresolved","no fare found","Feed was inspected but did not contain a usable fare_attributes.txt or fare_products.txt record."
"casper","Casper Area Transit","Wyoming","","","","","https://passio3.com/casper/passioTransit/gtfs/google_transit.zip","agency-feed","","2026-09-29","unresolved","no fare found","Feed was inspected but did not contain a usable fare_attributes.txt or fare_products.txt record."
