slug,agencyName,region,status,transferPeriod,transferLimit,transferCost,paymentMethod,sourceUrl,confidence,notes
"barrie","Barrie Transit","Ontario","confirmed","90 minutes","transfer permitted; limit not specified","included in single fare","standard fare","https://www.barrie.ca/Barrie-Transit-Route-7.pdf","high","Official source candidates found; policy still requires manual verification."
"belleville","Belleville Transit","Ontario","confirmed","90 minutes","1 transfer","included in fare","standard fare","https://www.belleville.ca/walk-ride-and-drive/transit/fares-and-passes/","high","Official source candidates found; policy still requires manual verification."
"brampton","Brampton Transit","Ontario","confirmed","2 hours","unlimited within validity","included in fare","cash, PRESTO, or contactless","https://www1.brampton.ca/EN/residents/transit/Fares/Pages/Transfers-and-Connecting-Transit.aspx","high","Official source candidates found; policy still requires manual verification."
"burlington","Burlington Transit","Ontario","confirmed","2 hours","not specified","included in fare","PRESTO, contactless, or cash","https://www.burlington.ca/en/transit/fares.aspx","high","Official source candidates found; policy still requires manual verification."
"chatham-kent","Ride CK","Ontario","official-source-candidate","","","","","","unresolved","Official source candidates found; policy still requires manual verification."
"cornwall","Cornwall Transit","Ontario","research-incomplete","","","","","","unresolved","No transfer policy has been verified. The official-source search is incomplete or produced no candidate page."
"drt","Durham Region Transit","Ontario","official-source-candidate","","","","","","unresolved","Official source candidates found; policy still requires manual verification."
"go","GO Transit","Ontario","official-source-candidate","","","","","","unresolved","Official source candidates found; policy still requires manual verification."
"grt","Grand River Transit (Waterloo Region)","Ontario","official-source-candidate","","","","","","unresolved","Official source candidates found; policy still requires manual verification."
"guelph","Guelph Transit","Ontario","official-source-candidate","","","","","","unresolved","Official source candidates found; policy still requires manual verification."
"hamilton","Hamilton Street Railway","Ontario","official-source-candidate","","","","","","unresolved","Official source candidates found; policy still requires manual verification."
"kingston","Kingston Transit","Ontario","confirmed","90 minutes","unlimited within validity","included in fare","coins, smart card, or disposable ticket","https://www.kingstontransit.ca/fares-and-passes/standard-fares-and-passes/","high","Official source candidates found; policy still requires manual verification."
"london","London Transit Commission","Ontario","confirmed","90 minutes","unlimited within validity","included in adult fare","exact cash","https://www.londontransit.ca/fares-and-passes/fares/","high","Official source candidates found; policy still requires manual verification."
"miway","MiWay (Mississauga)","Ontario","official-source-candidate","","","","","","unresolved","Official source candidates found; policy still requires manual verification."
"milton","Milton Transit","Ontario","official-source-candidate","","","","","","unresolved","Official source candidates found; policy still requires manual verification."
"niagara","Niagara Transit","Ontario","official-source-candidate","","","","","","unresolved","Official source candidates found; policy still requires manual verification."
"octranspo","OC Transpo (Ottawa)","Ontario","official-source-candidate","","","","","","unresolved","Official source candidates found; policy still requires manual verification."
"oakville","Oakville Transit","Ontario","confirmed","2 hours","unlimited in any direction on any route","included in fare","PRESTO, cash, or special-purpose ticket","https://www.oakvilletransit.ca/fares/fare-policy/","high","Official source candidates found; policy still requires manual verification."
"orangeville","Orangeville Transit","Ontario","official-source-candidate","","","","","","unresolved","Official source candidates found; policy still requires manual verification."
"orillia","Orillia Transit","Ontario","official-source-candidate","","","","","","unresolved","Official source candidates found; policy still requires manual verification."
"owen-sound","Owen Sound Transit","Ontario","official-source-candidate","","","","","","unresolved","Official source candidates found; policy still requires manual verification."
"north-bay","North Bay Transit","Ontario","official-source-candidate","","","","","","unresolved","Official source candidates found; policy still requires manual verification."
"sarnia","Sarnia Transit","Ontario","research-incomplete","","","","","","unresolved","No transfer policy has been verified. The official-source search is incomplete or produced no candidate page."
"simcoe","Simcoe County LINX","Ontario","official-source-candidate","","","","","","unresolved","Official source candidates found; policy still requires manual verification."
"st-thomas","St. Thomas Transit","Ontario","research-incomplete","","","","","","unresolved","No transfer policy has been verified. The official-source search is incomplete or produced no candidate page."
"stratford","Stratford Transit","Ontario","research-incomplete","","","","","","unresolved","No transfer policy has been verified. The official-source search is incomplete or produced no candidate page."
"ttc","Toronto Transit Commission","Ontario","official-source-candidate","","","","","","unresolved","Official source candidates found; policy still requires manual verification."
"windsor","Transit Windsor","Ontario","confirmed","2 hours","unlimited within validity","included in adult fare","exact cash","https://www.citywindsor.ca/residents/transit-windsor/fares/","high","Official source candidates found; policy still requires manual verification."
"upexpress","UP Express (Toronto)","Ontario","official-source-candidate","","","","","","unresolved","Official source candidates found; policy still requires manual verification."
"yrt","York Region Transit","Ontario","confirmed","2 hours","not specified","included in fare","PRESTO or transfer media","https://www.yrt.ca/en/fares-and-passes/proof-of-payment-and-transfers.aspx","high","Official source candidates found; policy still requires manual verification."
"linter","L'Inter des Laurentides","Quebec","official-source-candidate","","","","","","unresolved","Official source candidates found; policy still requires manual verification."
"mont-tremblant","Mont-Tremblant","Quebec","research-incomplete","","","","","","unresolved","No transfer policy has been verified. The official-source search is incomplete or produced no candidate page."
"rem","REM (Montréal)","Quebec","official-source-candidate","","","","","","unresolved","Official source candidates found; policy still requires manual verification."
"rtc","RTC (Québec)","Quebec","official-source-candidate","","","","","","unresolved","Official source candidates found; policy still requires manual verification."
"rtl","RTL (Longueuil)","Quebec","official-source-candidate","","","","","","unresolved","Official source candidates found; policy still requires manual verification."
"stl","STL (Laval)","Quebec","official-source-candidate","","","","","","unresolved","Official source candidates found; policy still requires manual verification."
"stlevis","STLévis","Quebec","official-source-candidate","","","","","","unresolved","Official source candidates found; policy still requires manual verification."
"stm","STM (Montréal)","Quebec","official-source-candidate","","","","","","unresolved","Official source candidates found; policy still requires manual verification."
"sto","STO (Gatineau)","Quebec","official-source-candidate","","","","","","unresolved","Official source candidates found; policy still requires manual verification."
"sjsr","Saint-Jean-sur-Richelieu","Quebec","official-source-candidate","","","","","","unresolved","Official source candidates found; policy still requires manual verification."
"saint-hyacinthe","Ville de Saint-Hyacinthe","Quebec","official-source-candidate","","","","","","unresolved","Official source candidates found; policy still requires manual verification."
"exo","exo (Trains)","Quebec","official-source-candidate","","","","","","unresolved","Official source candidates found; policy still requires manual verification."
"exo-presquile","exo (La Presqu'île)","Quebec","official-source-candidate","","","","","","unresolved","Official source candidates found; policy still requires manual verification."
"exo-sudouest","exo (Sud-Ouest)","Quebec","official-source-candidate","","","","","","unresolved","Official source candidates found; policy still requires manual verification."
"exo-lrrs","exo (Le Richelain–Roussillon)","Quebec","official-source-candidate","","","","","","unresolved","Official source candidates found; policy still requires manual verification."
"exo-laurentides","exo (Laurentides)","Quebec","official-source-candidate","","","","","","unresolved","Official source candidates found; policy still requires manual verification."
"exo-terrebonne","exo (Terrebonne-Mascouche)","Quebec","official-source-candidate","","","","","","unresolved","Official source candidates found; policy still requires manual verification."
"exo-vallee-richelieu","exo (Vallée du Richelieu)","Quebec","official-source-candidate","","","","","","unresolved","Official source candidates found; policy still requires manual verification."
"bc-fraser-valley","BC Transit (Fraser Valley)","British Columbia","official-source-candidate","","","","","","unresolved","Official source candidates found; policy still requires manual verification."
"kelowna","BC Transit (Kelowna)","British Columbia","official-source-candidate","","","","","","unresolved","Official source candidates found; policy still requires manual verification."
"victoria","BC Transit (Victoria)","British Columbia","official-source-candidate","","","","","","unresolved","Official source candidates found; policy still requires manual verification."
"translink","TransLink (Vancouver)","British Columbia","official-source-candidate","","","","","","unresolved","Official source candidates found; policy still requires manual verification."
"calgary","Calgary Transit","Alberta","confirmed","90 minutes","not specified","included in adult fare","cash or My Fare","https://www.calgarytransit.com/fares---passes.html","high","Official source candidates found; policy still requires manual verification."
"edmonton","Edmonton Transit Service (ETS)","Alberta","research-incomplete","","","","","","unresolved","No transfer policy has been verified. The official-source search is incomplete or produced no candidate page."
"winnipeg","Winnipeg Transit","Manitoba","research-incomplete","","","","","","unresolved","No transfer policy has been verified. The official-source search is incomplete or produced no candidate page."
"regina","Regina Transit","Saskatchewan","research-incomplete","","","","","","unresolved","No transfer policy has been verified. The official-source search is incomplete or produced no candidate page."
"saskatoon","Saskatoon Transit","Saskatchewan","official-source-candidate","","","","","","unresolved","Official source candidates found; policy still requires manual verification."
"halifax","Halifax Transit","Nova Scotia","official-source-candidate","","","","","","unresolved","Official source candidates found; policy still requires manual verification."
"codiac","Codiac Transpo (Moncton)","New Brunswick","official-source-candidate","","","","","","unresolved","Official source candidates found; policy still requires manual verification."
"fredericton","Fredericton Transit","New Brunswick","official-source-candidate","","","","","","unresolved","Official source candidates found; policy still requires manual verification."
"saint-john","Saint John Transit","New Brunswick","official-source-candidate","","","","","","unresolved","Official source candidates found; policy still requires manual verification."
"t3-transit","T3 Transit (PEI)","Prince Edward Island","official-source-candidate","","","","","","unresolved","Official source candidates found; policy still requires manual verification."
"metrobus","Metrobus (St. John's)","Newfoundland","official-source-candidate","","","","","","unresolved","Official source candidates found; policy still requires manual verification."
"nfta","NFTA (Buffalo)","New York","research-incomplete","","","","","","unresolved","No transfer policy has been verified. The official-source search is incomplete or produced no candidate page."
"port-huron","Blue Water Area Transit (Port Huron)","Michigan","official-source-candidate","","","","","","unresolved","Official source candidates found; policy still requires manual verification."
"ddot","DDOT (Detroit)","Michigan","partially-confirmed","4 hours","not specified","included in ticket","standard fare","https://detroitmi.gov/departments/detroit-department-transportation/transportation-fares","medium","Official source candidates found; policy still requires manual verification."
"detroit-people-mover","Detroit People Mover","Michigan","official-source-candidate","","","","","","unresolved","Official source candidates found; policy still requires manual verification."
"qline","QLine (Detroit)","Michigan","official-source-candidate","","","","","","unresolved","Official source candidates found; policy still requires manual verification."
"smart","SMART (Detroit suburbs)","Michigan","official-source-candidate","","","","","","unresolved","Official source candidates found; policy still requires manual verification."
"theride","TheRide (Ann Arbor)","Michigan","official-source-candidate","","","","","","unresolved","Official source candidates found; policy still requires manual verification."
"gcrta","GCRTA (Cleveland)","Ohio","official-source-candidate","","","","","","unresolved","Official source candidates found; policy still requires manual verification."
"butler-county-rta","Butler County Regional Transit Authority","Ohio","official-source-candidate","","","","","","unresolved","Official source candidates found; policy still requires manual verification."
"seat","South East Area Transit","Ohio","official-source-candidate","","","","","","unresolved","Official source candidates found; policy still requires manual verification."
"richland-county-oh","Richland County Transit","Ohio","official-source-candidate","","","","","","unresolved","Official source candidates found; policy still requires manual verification."
"tarta","TARTA (Toledo)","Ohio","official-source-candidate","","","","","","unresolved","Official source candidates found; policy still requires manual verification."
"rgrta","Rochester-Genesee Regional Transportation Authority","New York","official-source-candidate","","","","","","unresolved","Official source candidates found; policy still requires manual verification."
"cdta","Capital District Transportation Authority","New York","research-incomplete","","","","","","unresolved","No transfer policy has been verified. The official-source search is incomplete or produced no candidate page."
"centro","Centro (Syracuse)","New York","research-incomplete","","","","","","unresolved","No transfer policy has been verified. The official-source search is incomplete or produced no candidate page."
"tcat","Tompkins Consolidated Area Transit","New York","official-source-candidate","","","","","","unresolved","Official source candidates found; policy still requires manual verification."
"broome","Broome County Transit","New York","official-source-candidate","","","","","","unresolved","Official source candidates found; policy still requires manual verification."
"emta","Erie Metropolitan Transit Authority","Pennsylvania","official-source-candidate","","","","","","unresolved","Official source candidates found; policy still requires manual verification."
"akron","Akron Metro Regional Transit Authority","Ohio","official-source-candidate","","","","","","unresolved","Official source candidates found; policy still requires manual verification."
"sarta","Stark Area Regional Transit Authority","Ohio","official-source-candidate","","","","","","unresolved","Official source candidates found; policy still requires manual verification."
"laketran","Laketran (Lake County, OH)","Ohio","official-source-candidate","","","","","","unresolved","Official source candidates found; policy still requires manual verification."
"mta-flint","Mass Transportation Authority (Flint)","Michigan","official-source-candidate","","","","","","unresolved","Official source candidates found; policy still requires manual verification."
"cata-lansing","Capital Area Transportation Authority","Michigan","official-source-candidate","","","","","","unresolved","Official source candidates found; policy still requires manual verification."
"the-rapid","The Rapid (Grand Rapids)","Michigan","official-source-candidate","","","","","","unresolved","Official source candidates found; policy still requires manual verification."
"mbta","Massachusetts Bay Transportation Authority","Massachusetts","official-source-candidate","","","","","","unresolved","Official source candidates found; policy still requires manual verification."
"pvta","Pioneer Valley Transit Authority","Massachusetts","official-source-candidate","","","","","","unresolved","Official source candidates found; policy still requires manual verification."
"wrta","Worcester Regional Transit Authority","Massachusetts","official-source-candidate","","","","","","unresolved","Official source candidates found; policy still requires manual verification."
"cttransit","CTtransit","Connecticut","research-incomplete","","","","","","unresolved","No transfer policy has been verified. The official-source search is incomplete or produced no candidate page."
"red-deer","Red Deer Transit","Alberta","official-source-candidate","","","","","","unresolved","Official source candidates found; policy still requires manual verification."
"lethbridge","Lethbridge Transit","Alberta","official-source-candidate","","","","","","unresolved","Official source candidates found; policy still requires manual verification."
"moose-jaw","Moose Jaw Transit","Saskatchewan","research-incomplete","","","","","","unresolved","No transfer policy has been verified. The official-source search is incomplete or produced no candidate page."
"prince-albert","Prince Albert Transit","Saskatchewan","official-source-candidate","","","","","","unresolved","Official source candidates found; policy still requires manual verification."
"kamloops","BC Transit (Kamloops)","British Columbia","official-source-candidate","","","","","","unresolved","Official source candidates found; policy still requires manual verification."
"south-okanagan","BC Transit (South Okanagan-Similkameen)","British Columbia","official-source-candidate","","","","","","unresolved","Official source candidates found; policy still requires manual verification."
"nanaimo","BC Transit (Nanaimo)","British Columbia","official-source-candidate","","","","","","unresolved","Official source candidates found; policy still requires manual verification."
"cowichan","BC Transit (Cowichan Valley)","British Columbia","official-source-candidate","","","","","","unresolved","Official source candidates found; policy still requires manual verification."
"comox-valley","BC Transit (Comox Valley)","British Columbia","official-source-candidate","","","","","","unresolved","Official source candidates found; policy still requires manual verification."
"campbell-river","BC Transit (Campbell River)","British Columbia","official-source-candidate","","","","","","unresolved","Official source candidates found; policy still requires manual verification."
"squamish","BC Transit (Squamish)","British Columbia","official-source-candidate","","","","","","unresolved","Official source candidates found; policy still requires manual verification."
"pemberton","BC Transit (Pemberton Valley)","British Columbia","official-source-candidate","","","","","","unresolved","Official source candidates found; policy still requires manual verification."
"whistler","BC Transit (Whistler)","British Columbia","official-source-candidate","","","","","","unresolved","Official source candidates found; policy still requires manual verification."
"kingcountymetro","King County Metro (Seattle)","Washington","official-source-candidate","","","","","","unresolved","Official source candidates found; policy still requires manual verification."
"soundtransit","Sound Transit (Seattle)","Washington","official-source-candidate","","","","","","unresolved","Official source candidates found; policy still requires manual verification."
"piercetransit","Pierce Transit","Washington","official-source-candidate","","","","","","unresolved","Official source candidates found; policy still requires manual verification."
"communitytransit","Community Transit (Everett)","Washington","official-source-candidate","","","","","","unresolved","Official source candidates found; policy still requires manual verification."
"everetttransit","Everett Transit","Washington","official-source-candidate","","","","","","unresolved","Official source candidates found; policy still requires manual verification."
"kitsaptransit","Kitsap Transit","Washington","official-source-candidate","","","","","","unresolved","Official source candidates found; policy still requires manual verification."
"intercitytransit","Intercity Transit (Olympia)","Washington","official-source-candidate","","","","","","unresolved","Official source candidates found; policy still requires manual verification."
"skagittransit","Skagit Transit","Washington","official-source-candidate","","","","","","unresolved","Official source candidates found; policy still requires manual verification."
"whatcomtransit","Whatcom Transportation Authority","Washington","official-source-candidate","","","","","","unresolved","Official source candidates found; policy still requires manual verification."
"islandtransit","Island Transit (Whidbey Island)","Washington","official-source-candidate","","","","","","unresolved","Official source candidates found; policy still requires manual verification."
"jeffersontransit","Jefferson Transit","Washington","research-incomplete","","","","","","unresolved","No transfer policy has been verified. The official-source search is incomplete or produced no candidate page."
"clallamtransit","Clallam Transit System","Washington","official-source-candidate","","","","","","unresolved","Official source candidates found; policy still requires manual verification."
"portlandme","Greater Portland Metro","Maine","official-source-candidate","","","","","","unresolved","Official source candidates found; policy still requires manual verification."
"southportlandme","South Portland Bus Service","Maine","research-incomplete","","","","","","unresolved","No transfer policy has been verified. The official-source search is incomplete or produced no candidate page."
"hocts","HOCTS (Utica-Rome)","New York","official-source-candidate","","","","","","unresolved","Official source candidates found; policy still requires manual verification."
"glensfallstransit","Greater Glens Falls Transit","New York","research-incomplete","","","","","","unresolved","No transfer policy has been verified. The official-source search is incomplete or produced no candidate page."
"watertowncitibus","Watertown Citibus","New York","official-source-candidate","","","","","","unresolved","Official source candidates found; policy still requires manual verification."
"hudsonlink","Hudson Link","New York","official-source-candidate","","","","","","unresolved","Official source candidates found; policy still requires manual verification."
"wsf","Washington State Ferries","Washington","official-source-candidate","","","","","","unresolved","Official source candidates found; policy still requires manual verification."
"bc-ferries","BC Ferries","British Columbia","official-source-candidate","","","","","","unresolved","Official source candidates found; policy still requires manual verification."
"pierce-county-ferries","Pierce County Ferries","Washington","official-source-candidate","","","","","","unresolved","Official source candidates found; policy still requires manual verification."
"sherbrooke","Société de transport de Sherbrooke","Quebec","official-source-candidate","","","","","","unresolved","Official source candidates found; policy still requires manual verification."
"trimet","TriMet (Portland, OR)","Oregon","partially-confirmed","2.5 hours","not specified","included in fare","standard fare","https://trimet.org/fares/","medium","Official source candidates found; policy still requires manual verification."
"ctran","C-TRAN (Vancouver, WA)","Washington","research-incomplete","","","","","","unresolved","No transfer policy has been verified. The official-source search is incomplete or produced no candidate page."
"spokane","Spokane Transit Authority","Washington","official-source-candidate","","","","","","unresolved","Official source candidates found; policy still requires manual verification."
"eugene-ltd","Lane Transit District","Oregon","official-source-candidate","","","","","","unresolved","Official source candidates found; policy still requires manual verification."
"cherriots","Cherriots (Salem, OR)","Oregon","official-source-candidate","","","","","","unresolved","Official source candidates found; policy still requires manual verification."
"corvallis","Corvallis Transit System","Oregon","research-incomplete","","","","","","unresolved","No transfer policy has been verified. The official-source search is incomplete or produced no candidate page."
"grovelink","Ride Connection (GroveLink)","Oregon","research-incomplete","","","","","","unresolved","No transfer policy has been verified. The official-source search is incomplete or produced no candidate page."
"rivercities","RiverCities Transit","Washington","official-source-candidate","","","","","","unresolved","Official source candidates found; policy still requires manual verification."
"tillamook","Tillamook County Transportation District","Oregon","official-source-candidate","","","","","","unresolved","Official source candidates found; policy still requires manual verification."
"columbia-area-transit","Columbia Area Transit","Oregon","official-source-candidate","","","","","","unresolved","Official source candidates found; policy still requires manual verification."
"mats","Mount Adams Transportation Service","Washington","official-source-candidate","","","","","","unresolved","Official source candidates found; policy still requires manual verification."
"setd","Sunset Empire Transportation District","Oregon","official-source-candidate","","","","","","unresolved","Official source candidates found; policy still requires manual verification."
"sfmta","San Francisco Municipal Transportation Agency (SFMTA - Muni)","California","official-source-candidate","","","","","","unresolved","Official source candidates found; policy still requires manual verification."
"bart","Bay Area Rapid Transit (BART)","California","official-source-candidate","","","","","","unresolved","Official source candidates found; policy still requires manual verification."
"caltrain","Caltrain","California","official-source-candidate","","","","","","unresolved","Official source candidates found; policy still requires manual verification."
"actransit","Alameda-Contra Costa Transit District (AC Transit)","California","official-source-candidate","","","","","","unresolved","Official source candidates found; policy still requires manual verification."
"vta","Santa Clara Valley Transportation Authority (VTA)","California","official-source-candidate","","","","","","unresolved","Official source candidates found; policy still requires manual verification."
"samtrans","San Mateo County Transit District (samTrans)","California","official-source-candidate","","","","","","unresolved","Official source candidates found; policy still requires manual verification."
"goldengate","Golden Gate Transit","California","official-source-candidate","","","","","","unresolved","Official source candidates found; policy still requires manual verification."
"weta","San Francisco Bay Area Water Emergency Transportation Authority (WETA)","California","official-source-candidate","","","","","","unresolved","Official source candidates found; policy still requires manual verification."
"countyconnection","County Connection (CCCTA)","California","official-source-candidate","","","","","","unresolved","Official source candidates found; policy still requires manual verification."
"westcat","WestCAT (Pinole)","California","official-source-candidate","","","","","","unresolved","Official source candidates found; policy still requires manual verification."
"soltrans","SolTrans (Vallejo)","California","official-source-candidate","","","","","","unresolved","Official source candidates found; policy still requires manual verification."
"marintransit","Marin Transit","California","official-source-candidate","","","","","","unresolved","Official source candidates found; policy still requires manual verification."
"smart-ca","Sonoma-Marin Area Rail Transit (SMART)","California","official-source-candidate","","","","","","unresolved","Official source candidates found; policy still requires manual verification."
"sonoma-county","Sonoma County Transit (SCT)","California","official-source-candidate","","","","","","unresolved","Official source candidates found; policy still requires manual verification."
"vine","VINE Transit (Napa)","California","official-source-candidate","","","","","","unresolved","Official source candidates found; policy still requires manual verification."
"emerygoround","Emery Go-Round","California","official-source-candidate","","","","","","unresolved","Official source candidates found; policy still requires manual verification."
"stanford","Stanford Marguerite Shuttle (SMS)","California","official-source-candidate","","","","","","unresolved","Official source candidates found; policy still requires manual verification."
"tridelta","Tri Delta Transit (Antioch)","California","official-source-candidate","","","","","","unresolved","Official source candidates found; policy still requires manual verification."
"lavta","Livermore Amador Valley Transit Authority","California","official-source-candidate","","","","","","unresolved","Official source candidates found; policy still requires manual verification."
"unioncity","Union City Transit","California","official-source-candidate","","","","","","unresolved","Official source candidates found; policy still requires manual verification."
"westberkeley","West Berkeley Shuttle","California","official-source-candidate","","","","","","unresolved","Official source candidates found; policy still requires manual verification."
"petaluma","Petaluma Transit","California","research-incomplete","","","","","","unresolved","No transfer policy has been verified. The official-source search is incomplete or produced no candidate page."
"santarosa","Santa Rosa CityBus","California","official-source-candidate","","","","","","unresolved","Official source candidates found; policy still requires manual verification."
"fast-ca","Fairfield and Suisun Transit (FAST Transit)","California","official-source-candidate","","","","","","unresolved","Official source candidates found; policy still requires manual verification."
"vacaville","City Coach (Vacaville)","California","research-incomplete","","","","","","unresolved","No transfer policy has been verified. The official-source search is incomplete or produced no candidate page."
"riovista","Rio Vista Delta Breeze","California","official-source-candidate","","","","","","unresolved","Official source candidates found; policy still requires manual verification."
"ace","Altamont Corridor Express","California","research-incomplete","","","","","","unresolved","No transfer policy has been verified. The official-source search is incomplete or produced no candidate page."
"rvtd","Rogue Valley Transportation District (RVTD)","Oregon","official-source-candidate","","","","","","unresolved","Official source candidates found; policy still requires manual verification."
"bts-or","Basin Transit Service (BTS)","Oregon","official-source-candidate","","","","","","unresolved","Official source candidates found; policy still requires manual verification."
"rct","Redwood Coast Transit (RCT)","California","official-source-candidate","","","","","","unresolved","Official source candidates found; policy still requires manual verification."
"humboldt","Humboldt Transit Authority","California","official-source-candidate","","","","","","unresolved","Official source candidates found; policy still requires manual verification."
"mendocino","Mendocino Transit Authority","California","research-incomplete","","","","","","unresolved","No transfer policy has been verified. The official-source search is incomplete or produced no candidate page."
"raba","Redding Area Bus Authority","California","partially-confirmed","2 hours","not specified","included in fare","standard fare","https://www.rabaride.com/Document%20Center/RABA_Triennial%20Performance%20Audit_final%20report_4.1.25.pdf","medium","Official source candidates found; policy still requires manual verification."
"siskiyou","Siskiyou County","California","research-incomplete","","","","","","unresolved","No transfer policy has been verified. The official-source search is incomplete or produced no candidate page."
"trinity","Trinity Transit","California","official-source-candidate","","","","","","unresolved","Official source candidates found; policy still requires manual verification."
"lassen","Lassen Rural Bus (LRB)","California","official-source-candidate","","","","","","unresolved","Official source candidates found; policy still requires manual verification."
"sacrt","Sacramento Regional Transit (SacRT)","California","official-source-candidate","","","","","","unresolved","Official source candidates found; policy still requires manual verification."
"yolobus","Yolo County Transportation District (Yolobus)","California","official-source-candidate","","","","","","unresolved","Official source candidates found; policy still requires manual verification."
"unitrans","Unitrans (Davis)","California","official-source-candidate","","","","","","unresolved","Official source candidates found; policy still requires manual verification."
"roseville","Roseville Transit","California","official-source-candidate","","","","","","unresolved","Official source candidates found; policy still requires manual verification."
"smart-or","South Metro Area Regional Transit (SMART)","Oregon","research-incomplete","","","","","","unresolved","No transfer policy has been verified. The official-source search is incomplete or produced no candidate page."
"sam","Sandy Area Metro (SAM)","Oregon","official-source-candidate","","","","","","unresolved","Official source candidates found; policy still requires manual verification."
"cat-or","Canby Area Transit (CAT)","Oregon","research-incomplete","","","","","","unresolved","No transfer policy has been verified. The official-source search is incomplete or produced no candidate page."
"yamhill","Yamhill County Transit Area","Oregon","research-incomplete","","","","","","unresolved","No transfer policy has been verified. The official-source search is incomplete or produced no candidate page."
"lacmta","Los Angeles County Metropolitan Transportation Authority (LA Metro)","California","official-source-candidate","","","","","","unresolved","Official source candidates found; policy still requires manual verification."
"metrolink","Metrolink","California","official-source-candidate","","","","","","unresolved","Official source candidates found; policy still requires manual verification."
"torrance-transit","Torrance Transit","","research-incomplete","","","","","","unresolved","No transfer policy has been verified. The official-source search is incomplete or produced no candidate page."
"beach-cities-transit","Beach Cities Transit (South Bay, CA)","","official-source-candidate","","","","","","unresolved","Official source candidates found; policy still requires manual verification."
"carson-circuit","Carson Circuit","","official-source-candidate","","","","","","unresolved","Official source candidates found; policy still requires manual verification."
"gold-coast","Gold Coast Transit District (Oxnard)","","research-incomplete","","","","","","unresolved","No transfer policy has been verified. The official-source search is incomplete or produced no candidate page."
"bigbluebus","Big Blue Bus (Santa Monica)","California","research-incomplete","","","","","","unresolved","No transfer policy has been verified. The official-source search is incomplete or produced no candidate page."
"longbeach","Long Beach Transit","California","official-source-candidate","","","","","","unresolved","Official source candidates found; policy still requires manual verification."
"octa","Orange County Transportation Authority (OCTA)","California","official-source-candidate","","","","","","unresolved","Official source candidates found; policy still requires manual verification."
"foothill","Foothill Transit","California","official-source-candidate","","","","","","unresolved","Official source candidates found; policy still requires manual verification."
"avta","Antelope Valley Transit Authority (AVTA)","California","official-source-candidate","","","","","","unresolved","Official source candidates found; policy still requires manual verification."
"sdmts","Metropolitan Transit System (San Diego MTS)","California","confirmed","2 hours","not specified","included in fare","PRONTO app or card","https://www.sdmts.com/fares/pronto","high","Official source candidates found; policy still requires manual verification."
"nctd","North County Transit District (NCTD)","California","official-source-candidate","","","","","","unresolved","Official source candidates found; policy still requires manual verification."
"riverside","Riverside Transit Agency","California","research-incomplete","","","","","","unresolved","No transfer policy has been verified. The official-source search is incomplete or produced no candidate page."
"omnitrans","OmniTrans (San Bernardino)","California","official-source-candidate","","","","","","unresolved","Official source candidates found; policy still requires manual verification."
"fax","Fresno Area Express (FAX)","California","partially-confirmed","","not specified","free","standard fare","https://www.fresno.gov/transportation/fax/frequently-asked-questions/","medium","No transfer policy has been verified. The official-source search is incomplete or produced no candidate page."
"get","Golden Empire Transit District (GET)","California","official-source-candidate","","","","","","unresolved","Official source candidates found; policy still requires manual verification."
"sjrtd","San Joaquin RTD","California","official-source-candidate","","","","","","unresolved","Official source candidates found; policy still requires manual verification."
"merced","Merced County Transit (The Bus)","California","official-source-candidate","","","","","","unresolved","Official source candidates found; policy still requires manual verification."
"start","Stanislaus Regional Transit (StaRT)","California","official-source-candidate","","","","","","unresolved","Official source candidates found; policy still requires manual verification."
"mst","Monterey-Salinas Transit (MST)","California","research-incomplete","","","","","","unresolved","No transfer policy has been verified. The official-source search is incomplete or produced no candidate page."
"sbmtd","Santa Barbara Metropolitan Transit District (MTD)","California","official-source-candidate","","","","","","unresolved","Official source candidates found; policy still requires manual verification."
"slotransit","City of San Luis Obispo Transit","California","research-incomplete","","","","","","unresolved","No transfer policy has been verified. The official-source search is incomplete or produced no candidate page."
"slorta","San Luis Obispo Regional Transit Authority (SLORTA)","California","official-source-candidate","","","","","","unresolved","Official source candidates found; policy still requires manual verification."
"sunline","SunLine Transit Agency (Coachella Valley)","California","official-source-candidate","","","","","","unresolved","Official source candidates found; policy still requires manual verification."
"rtcsnv","Regional Transportation Commission of Southern Nevada (RTC)","Nevada","research-incomplete","","","","","","unresolved","No transfer policy has been verified. The official-source search is incomplete or produced no candidate page."
"rtcwashoe","Regional Transportation Commission of Washoe County (RTC Washoe)","Nevada","official-source-candidate","","","","","","unresolved","Official source candidates found; policy still requires manual verification."
"smat","Santa Maria Area Transit","California","research-incomplete","","","","","","unresolved","No transfer policy has been verified. The official-source search is incomplete or produced no candidate page."
"valleymetro","Valley Metro (Phoenix)","Arizona","research-incomplete","","","","","","unresolved","No transfer policy has been verified. The official-source search is incomplete or produced no candidate page."
"mountainline","Mountain Line (Flagstaff)","Arizona","official-source-candidate","","","","","","unresolved","Official source candidates found; policy still requires manual verification."
"mountainmetro","Mountain Metropolitan Transit (Colorado Springs)","Colorado","research-incomplete","","","","","","unresolved","No transfer policy has been verified. The official-source search is incomplete or produced no candidate page."
"rtd-denver","Regional Transportation District (RTD Denver)","Colorado","official-source-candidate","","","","","","unresolved","Official source candidates found; policy still requires manual verification."
"bustang","Bustang (CDOT)","Colorado","research-incomplete","","","","","","unresolved","No transfer policy has been verified. The official-source search is incomplete or produced no candidate page."
"abqride","ABQ RIDE (Albuquerque)","New Mexico","official-source-candidate","","","","","","unresolved","Official source candidates found; policy still requires manual verification."
"santafetrails","Santa Fe Trails","New Mexico","official-source-candidate","","","","","","unresolved","Official source candidates found; policy still requires manual verification."
"capmetro","Capital Metro (Austin)","Texas","official-source-candidate","","","","","","unresolved","Official source candidates found; policy still requires manual verification."
"dart","Dallas Area Rapid Transit (DART)","Texas","official-source-candidate","","","","","","unresolved","Official source candidates found; policy still requires manual verification."
"trinitymetro","Trinity Metro (Fort Worth)","Texas","official-source-candidate","","","","","","unresolved","Official source candidates found; policy still requires manual verification."
"metrohouston","METRO Houston","Texas","official-source-candidate","","","","","","unresolved","Official source candidates found; policy still requires manual verification."
"via","VIA Metropolitan Transit (San Antonio)","Texas","official-source-candidate","","","","","","unresolved","Official source candidates found; policy still requires manual verification."
"embark","Embark (Oklahoma City)","Oklahoma","research-incomplete","","","","","","unresolved","No transfer policy has been verified. The official-source search is incomplete or produced no candidate page."
"rockregion","Rock Region Metro (Little Rock)","Arkansas","official-source-candidate","","","","","","unresolved","Official source candidates found; policy still requires manual verification."
"nashvillemta","Nashville MTA WeGo Public Transit","Tennessee","confirmed","2 hours","unlimited within validity","included in fare","standard fare","https://www.wegotransit.com/buy/fare-information/","high","Official source candidates found; policy still requires manual verification."
"mata","Memphis Area Transit Authority","Tennessee","official-source-candidate","","","","","","unresolved","Official source candidates found; policy still requires manual verification."
"norta","New Orleans Regional Transit Authority (NORTA)","Louisiana","official-source-candidate","","","","","","unresolved","Official source candidates found; policy still requires manual verification."
"cincinnatimetro","Cincinnati Metro (SORTA)","Ohio","official-source-candidate","","","","","","unresolved","Official source candidates found; policy still requires manual verification."
"tarc","Transit Authority of River City (Louisville)","Kentucky","official-source-candidate","","","","","","unresolved","Official source candidates found; policy still requires manual verification."
"mcts","Milwaukee County Transit System (MCTS)","Wisconsin","official-source-candidate","","","","","","unresolved","Official source candidates found; policy still requires manual verification."
"metrostlouis","Metro St. Louis","Missouri","official-source-candidate","","","","","","unresolved","Official source candidates found; policy still requires manual verification."
"kcata","Kansas City Area Transportation Authority (KCATA)","Missouri","official-source-candidate","","","","","","unresolved","Official source candidates found; policy still requires manual verification."
"omahametro","Omaha Metro","Nebraska","official-source-candidate","","","","","","unresolved","Official source candidates found; policy still requires manual verification."
"ladot","Los Angeles Department of Transportation (LADOT/DASH)","California","official-source-candidate","","","","","","unresolved","Official source candidates found; policy still requires manual verification."
"culvercitybus","Culver City Bus","California","official-source-candidate","","","","","","unresolved","Official source candidates found; policy still requires manual verification."
"santaclarita","Santa Clarita Transit","California","official-source-candidate","","","","","","unresolved","Official source candidates found; policy still requires manual verification."
"montebello","Montebello Bus Lines","California","official-source-candidate","","","","","","unresolved","Official source candidates found; policy still requires manual verification."
"burbankbus","BurbankBus","California","official-source-candidate","","","","","","unresolved","Official source candidates found; policy still requires manual verification."
"glendalebeeline","Glendale Beeline","California","research-incomplete","","","","","","unresolved","No transfer policy has been verified. The official-source search is incomplete or produced no candidate page."
"pasadenatransit","Pasadena Transit","California","research-incomplete","","","","","","unresolved","No transfer policy has been verified. The official-source search is incomplete or produced no candidate page."
"norwalktransit","Norwalk Transit System","California","official-source-candidate","","","","","","unresolved","Official source candidates found; policy still requires manual verification."
"pvpta","Palos Verdes Peninsula Transit Authority (PVPTA)","California","official-source-candidate","","","","","","unresolved","Official source candidates found; policy still requires manual verification."
"gtrans","GTrans (Gardena Municipal Bus Lines)","California","official-source-candidate","","","","","","unresolved","Official source candidates found; policy still requires manual verification."
"vvta","Victor Valley Transit Authority (VVTA)","California","official-source-candidate","","","","","","unresolved","Official source candidates found; policy still requires manual verification."
"vctc","Ventura County Transportation Commission (VCTC Intercity)","California","official-source-candidate","","","","","","unresolved","Official source candidates found; policy still requires manual verification."
"elmonte","El Monte Transit","California","official-source-candidate","","","","","","unresolved","Official source candidates found; policy still requires manual verification."
"cta","Chicago Transit Authority (CTA)","Illinois","official-source-candidate","","","","","","unresolved","Official source candidates found; policy still requires manual verification."
"metra","Metra (Chicago)","Illinois","research-incomplete","","","","","","unresolved","No transfer policy has been verified. The official-source search is incomplete or produced no candidate page."
"pace-bus","Pace Bus (Chicago suburbs)","Illinois","official-source-candidate","","","","","","unresolved","Official source candidates found; policy still requires manual verification."
"marta","MARTA (Atlanta)","Georgia","confirmed","3 hours","up to 4 transfers","free","standard fare","https://itsmarta.com/fare-programs.aspx","high","Official source candidates found; policy still requires manual verification."
"cobblinc","CobbLinc (Marietta, GA)","Georgia","official-source-candidate","","","","","","unresolved","Official source candidates found; policy still requires manual verification."
"gwinnett-transit","Gwinnett County Transit","Georgia","research-incomplete","","","","","","unresolved","No transfer policy has been verified. The official-source search is incomplete or produced no candidate page."
"miami-dade-transit","Miami-Dade Transit","Florida","official-source-candidate","","","","","","unresolved","Official source candidates found; policy still requires manual verification."
"broward-transit","Broward County Transit","Florida","official-source-candidate","","","","","","unresolved","Official source candidates found; policy still requires manual verification."
"transfort","Transfort (Fort Collins)","Colorado","official-source-candidate","","","","","","unresolved","Official source candidates found; policy still requires manual verification."
"septa","SEPTA (Philadelphia)","Pennsylvania","official-source-candidate","","","","","","unresolved","Official source candidates found; policy still requires manual verification."
"wmata","WMATA (Washington, DC)","Washington DC","official-source-candidate","","","","","","unresolved","Official source candidates found; policy still requires manual verification."
"vre","Virginia Railway Express (VRE)","Virginia","official-source-candidate","","","","","","unresolved","Official source candidates found; policy still requires manual verification."
"marc","MARC Train (MTA Maryland)","Maryland","official-source-candidate","","","","","","unresolved","Official source candidates found; policy still requires manual verification."
"rideon","Ride On (Montgomery County)","Maryland","official-source-candidate","","","","","","unresolved","Official source candidates found; policy still requires manual verification."
"fairfax","Fairfax Connector","Virginia","research-incomplete","","","","","","unresolved","No transfer policy has been verified. The official-source search is incomplete or produced no candidate page."
"art","Arlington Transit (ART)","Virginia","official-source-candidate","","","","","","unresolved","Official source candidates found; policy still requires manual verification."
"dash","DASH (Alexandria)","Virginia","official-source-candidate","","","","","","unresolved","Official source candidates found; policy still requires manual verification."
"nyct-subway","MTA NYCT Subway","New York","research-incomplete","","","","","","unresolved","No transfer policy has been verified. The official-source search is incomplete or produced no candidate page."
"nyct-bus-manhattan","MTA NYCT Bus (Manhattan)","New York","research-incomplete","","","","","","unresolved","No transfer policy has been verified. The official-source search is incomplete or produced no candidate page."
"nyct-bus-brooklyn","MTA NYCT Bus (Brooklyn)","New York","research-incomplete","","","","","","unresolved","No transfer policy has been verified. The official-source search is incomplete or produced no candidate page."
"nyct-bus-queens","MTA NYCT Bus (Queens)","New York","research-incomplete","","","","","","unresolved","No transfer policy has been verified. The official-source search is incomplete or produced no candidate page."
"nyct-bus-bronx","MTA NYCT Bus (Bronx)","New York","research-incomplete","","","","","","unresolved","No transfer policy has been verified. The official-source search is incomplete or produced no candidate page."
"nyct-bus-si","MTA NYCT Bus (Staten Island)","New York","research-incomplete","","","","","","unresolved","No transfer policy has been verified. The official-source search is incomplete or produced no candidate page."
"lirr","MTA Long Island Rail Road","New York","research-incomplete","","","","","","unresolved","No transfer policy has been verified. The official-source search is incomplete or produced no candidate page."
"mnr","Metro-North Railroad (MNR)","New York","research-incomplete","","","","","","unresolved","No transfer policy has been verified. The official-source search is incomplete or produced no candidate page."
"njt-rail","NJ Transit Rail","New Jersey","official-source-candidate","","","","","","unresolved","Official source candidates found; policy still requires manual verification."
"njt-bus","NJ Transit Bus","New Jersey","official-source-candidate","","","","","","unresolved","Official source candidates found; policy still requires manual verification."
"path","PATH (Port Authority Trans-Hudson)","New Jersey","official-source-candidate","","","","","","unresolved","Official source candidates found; policy still requires manual verification."
"beeline","Westchester County Bee-Line System (BeeLine)","New York","research-incomplete","","","","","","unresolved","No transfer policy has been verified. The official-source search is incomplete or produced no candidate page."
"nice","Nassau Inter-County Express (NICE Bus)","New York","official-source-candidate","","","","","","unresolved","Official source candidates found; policy still requires manual verification."
"tor","Transport of Rockland (TOR)","New York","research-incomplete","","","","","","unresolved","No transfer policy has been verified. The official-source search is incomplete or produced no candidate page."
"sct","Suffolk County Transit (SCT)","New York","partially-confirmed","","not specified","$0.25 surcharge","standard fare","https://sctbus.org/System-Information","high","Official source candidates found; policy still requires manual verification."
"part","Putnam Area Rapid Transit (PART)","New York","official-source-candidate","","","","","","unresolved","Official source candidates found; policy still requires manual verification."
"dutchess","Dutchess County Public Transit","New York","research-incomplete","","","","","","unresolved","No transfer policy has been verified. The official-source search is incomplete or produced no candidate page."
"metro-transit","Metro Transit (Minneapolis)","Minnesota","confirmed","2.5 hours","not specified","included in fare","standard fare","https://www.metrotransit.org/fares","high","Official source candidates found; policy still requires manual verification."
"port-authority-pa","Pittsburgh Regional Transit","Pennsylvania","official-source-candidate","","","","","","unresolved","Official source candidates found; policy still requires manual verification."
"ata","Area Transportation Authority (ATA)","Pennsylvania","official-source-candidate","","","","","","unresolved","Official source candidates found; policy still requires manual verification."
"albemarle-county","Charlottesville Area Transit (CAT)","Virginia","official-source-candidate","","","","","","unresolved","Official source candidates found; policy still requires manual verification."
"chemung-county","Chemung County C-TRAN","New York","official-source-candidate","","","","","","unresolved","Official source candidates found; policy still requires manual verification."
"decatur","Decatur Public Transit System","Illinois","official-source-candidate","","","","","","unresolved","Official source candidates found; policy still requires manual verification."
"essex-county","Cape Ann Transportation Authority (CATA)","Massachusetts","official-source-candidate","","","","","","unresolved","Official source candidates found; policy still requires manual verification."
"fort-mcmurray","Regional Municipality of Wood Buffalo Transit","Alberta","research-incomplete","","","","","","unresolved","No transfer policy has been verified. The official-source search is incomplete or produced no candidate page."
"fort-smith","City of Fort Smith","Arkansas","research-incomplete","","","","","","unresolved","No transfer policy has been verified. The official-source search is incomplete or produced no candidate page."
"janesville","Janesville Transit System","Wisconsin","research-incomplete","","","","","","unresolved","No transfer policy has been verified. The official-source search is incomplete or produced no candidate page."
"kaua-i-county","The Kauai Bus","Hawaii","official-source-candidate","","","","","","unresolved","Official source candidates found; policy still requires manual verification."
"los-alamos-county","Atomic City Transit","New Mexico","official-source-candidate","","","","","","unresolved","Official source candidates found; policy still requires manual verification."
"marathon-county","Metro Ride","Wisconsin","research-incomplete","","","","","","unresolved","No transfer policy has been verified. The official-source search is incomplete or produced no candidate page."
"mason-city","Mason City Public Transit","Iowa","research-incomplete","","","","","","unresolved","No transfer policy has been verified. The official-source search is incomplete or produced no candidate page."
"maui-county","Maui County Transit","Hawaii","official-source-candidate","","","","","","unresolved","Official source candidates found; policy still requires manual verification."
"medicine-hat","Medicine Hat Transit","Alberta","official-source-candidate","","","","","","unresolved","Official source candidates found; policy still requires manual verification."
"muscogee-county","METRA","Georgia","official-source-candidate","","","","","","unresolved","Official source candidates found; policy still requires manual verification."
"nash-county","Tar River Transit","North Carolina","partially-confirmed","","not specified","free","standard fare","https://tarrivertransit.org/ride-guide/tickets/","medium","Official source candidates found; policy still requires manual verification."
"rock-county","Beloit Transit System","Wisconsin","research-incomplete","","","","","","unresolved","No transfer policy has been verified. The official-source search is incomplete or produced no candidate page."
"sheboygan-county","Shoreline Metro","Wisconsin","official-source-candidate","","","","","","unresolved","Official source candidates found; policy still requires manual verification."
"washington-county","Johnson City","Tennessee","official-source-candidate","","","","","","unresolved","Official source candidates found; policy still requires manual verification."
"whitman-county","City of Pullman","Washington","official-source-candidate","","","","","","unresolved","Official source candidates found; policy still requires manual verification."
"beaver-county","Beaver County Transit Authority","Pennsylvania","official-source-candidate","","","","","","unresolved","Official source candidates found; policy still requires manual verification."
"butler-pa","Butler Transit Authority","Pennsylvania","official-source-candidate","","","","","","unresolved","Official source candidates found; policy still requires manual verification."
"camtran","CamTran","Pennsylvania","partially-confirmed","","not specified","$0.30","standard fare","https://www.camtranbus.com/fares/camtran-fares/","high","Official source candidates found; policy still requires manual verification."
"fact","Fayette Area Coordinated Transportation","Pennsylvania","official-source-candidate","","","","","","unresolved","Official source candidates found; policy still requires manual verification."
"freedom-transit","Freedom Transit","Pennsylvania","official-source-candidate","","","","","","unresolved","Official source candidates found; policy still requires manual verification."
"indigo","IndiGO","Pennsylvania","official-source-candidate","","","","","","unresolved","Official source candidates found; policy still requires manual verification."
"mmvta","Mid Mon Valley Transit","Pennsylvania","research-incomplete","","","","","","unresolved","No transfer policy has been verified. The official-source search is incomplete or produced no candidate page."
"new-castle","New Castle Area Transit Authority","Pennsylvania","official-source-candidate","","","","","","unresolved","Official source candidates found; policy still requires manual verification."
"westmoreland","Westmoreland Transit","Pennsylvania","official-source-candidate","","","","","","unresolved","Official source candidates found; policy still requires manual verification."
"uta","Utah Transit Authority (UTA)","Utah","confirmed","2 hours","not specified","included in fare","standard fare","https://web.rideuta.com/Fares-And-Passes/Individual-Fares/Current-Fares","high","Official source candidates found; policy still requires manual verification."
"jta","Jacksonville Transportation Authority (JTA)","Florida","official-source-candidate","","","","","","unresolved","Official source candidates found; policy still requires manual verification."
"cats","Charlotte Area Transit System (CATS)","North Carolina","official-source-candidate","","","","","","unresolved","Official source candidates found; policy still requires manual verification."
"goraleigh","GoRaleigh (Capital Area Transit)","North Carolina","research-incomplete","","","","","","unresolved","No transfer policy has been verified. The official-source search is incomplete or produced no candidate page."
"gotriangle","GoTriangle (Raleigh-Durham)","North Carolina","research-incomplete","","","","","","unresolved","No transfer policy has been verified. The official-source search is incomplete or produced no candidate page."
"indygo","IndyGo (Indianapolis)","Indiana","confirmed","2 hours","unlimited within validity","included in fare","standard fare media","https://www.indygo.net/fares-and-passes/","high","Official source candidates found; policy still requires manual verification."
"mta-maryland","Maryland Transit Administration (MTA Maryland)","Maryland","official-source-candidate","","","","","","unresolved","Official source candidates found; policy still requires manual verification."
"hart","Hillsborough Area Regional Transit (HART)","Florida","official-source-candidate","","","","","","unresolved","Official source candidates found; policy still requires manual verification."
"tampa-international-airport","Tampa International Airport","","official-source-candidate","","","","","","unresolved","Official source candidates found; policy still requires manual verification."
"lynx","LYNX (Central Florida)","Florida","official-source-candidate","","","","","","unresolved","Official source candidates found; policy still requires manual verification."
"thebus","TheBus (Honolulu)","Hawaii","official-source-candidate","","","","","","unresolved","Official source candidates found; policy still requires manual verification."
"ripta","Rhode Island Public Transit Authority (RIPTA)","Rhode Island","research-incomplete","","","","","","unresolved","No transfer policy has been verified. The official-source search is incomplete or produced no candidate page."
"valley-regional-transit","Valley Regional Transit (Boise)","Idaho","official-source-candidate","","","","","","unresolved","Official source candidates found; policy still requires manual verification."
"psta","Pinellas Suncoast Transit Authority (PSTA)","Florida","official-source-candidate","","","","","","unresolved","Official source candidates found; policy still requires manual verification."
"palm-tran","Palm Tran (West Palm Beach)","Florida","official-source-candidate","","","","","","unresolved","Official source candidates found; policy still requires manual verification."
"sunrail","SunRail (Orlando)","Florida","official-source-candidate","","","","","","unresolved","Official source candidates found; policy still requires manual verification."
"votran","Votran (Volusia County)","Florida","official-source-candidate","","","","","","unresolved","Official source candidates found; policy still requires manual verification."
"chapel-hill-transit","Chapel Hill Transit","North Carolina","official-source-candidate","","","","","","unresolved","Official source candidates found; policy still requires manual verification."
"mvta","Minnesota Valley Transit Authority (MVTA)","Minnesota","official-source-candidate","","","","","","unresolved","Official source candidates found; policy still requires manual verification."
"xpress-ga","Xpress (Georgia Regional)","Georgia","official-source-candidate","","","","","","unresolved","Official source candidates found; policy still requires manual verification."
"omniride","OmniRide (PRTC)","Virginia","research-incomplete","","","","","","unresolved","No transfer policy has been verified. The official-source search is incomplete or produced no candidate page."
"loudoun-transit","Loudoun County Transit","Virginia","official-source-candidate","","","","","","unresolved","Official source candidates found; policy still requires manual verification."
"cue-bus","CUE Bus (Fairfax)","Virginia","research-incomplete","","","","","","unresolved","No transfer policy has been verified. The official-source search is incomplete or produced no candidate page."
"pgc-the-bus","Prince George's County (The Bus)","Maryland","research-incomplete","","","","","","unresolved","No transfer policy has been verified. The official-source search is incomplete or produced no candidate page."
"dc-streetcar","DC Streetcar","Washington DC","research-incomplete","","","","","","unresolved","No transfer policy has been verified. The official-source search is incomplete or produced no candidate page."
"fred-transit","Fredericksburg Regional Transit","Virginia","official-source-candidate","","","","","","unresolved","Official source candidates found; policy still requires manual verification."
"hrt","Hampton Roads Transit","Virginia","official-source-candidate","","","","","","unresolved","Official source candidates found; policy still requires manual verification."
"bay-transit","Bay Transit","Virginia","official-source-candidate","","","","","","unresolved","Official source candidates found; policy still requires manual verification."
"wata","Williamsburg Area Transit Authority","Virginia","research-incomplete","","","","","","unresolved","No transfer policy has been verified. The official-source search is incomplete or produced no candidate page."
"dart-first-state","DART First State (Wilmington, DE)","Delaware","official-source-candidate","","","","","","unresolved","Official source candidates found; policy still requires manual verification."
"starmetro","StarMetro (Tallahassee)","Florida","official-source-candidate","","","","","","unresolved","Official source candidates found; policy still requires manual verification."
"max-transit","MAX Transit (Birmingham)","Alabama","official-source-candidate","","","","","","unresolved","Official source candidates found; policy still requires manual verification."
"montgomery-transit","Montgomery Transit (The M)","Alabama","research-incomplete","","","","","","unresolved","No transfer policy has been verified. The official-source search is incomplete or produced no candidate page."
"carta","Charleston Area Regional Transportation Authority (CARTA)","South Carolina","research-incomplete","","","","","","unresolved","No transfer policy has been verified. The official-source search is incomplete or produced no candidate page."
"cat-savannah","Chatham Area Transit (CAT)","Georgia","official-source-candidate","","","","","","unresolved","Official source candidates found; policy still requires manual verification."
"tulsa-transit","Tulsa Transit (MTTA)","Oklahoma","research-incomplete","","","","","","unresolved","No transfer policy has been verified. The official-source search is incomplete or produced no candidate page."
"sun-tran","Sun Tran (Tucson)","Arizona","official-source-candidate","","","","","","unresolved","Official source candidates found; policy still requires manual verification."
"ycat","Yuma County Area Transit (YCAT)","Arizona","official-source-candidate","","","","","","unresolved","Official source candidates found; policy still requires manual verification."
"comet","The COMET (Columbia, SC)","South Carolina","official-source-candidate","","","","","","unresolved","Official source candidates found; policy still requires manual verification."
"greenlink","GreenLink (Greenville, SC)","South Carolina","research-incomplete","","","","","","unresolved","No transfer policy has been verified. The official-source search is incomplete or produced no candidate page."
"carta-chattanooga","Chattanooga Area Regional Transportation Authority","Tennessee","official-source-candidate","","","","","","unresolved","Official source candidates found; policy still requires manual verification."
"citilink-fw","Citilink (Fort Wayne, IN)","Indiana","official-source-candidate","","","","","","unresolved","Official source candidates found; policy still requires manual verification."
"gptc","Gary Public Transportation Corporation (Gary, IN)","Indiana","official-source-candidate","","","","","","unresolved","Official source candidates found; policy still requires manual verification."
"bata","Bay Area Transportation Authority (Traverse City, MI)","Michigan","official-source-candidate","","","","","","unresolved","Official source candidates found; policy still requires manual verification."
"citylink-peoria","CityLink (Peoria, IL)","Illinois","official-source-candidate","","","","","","unresolved","Official source candidates found; policy still requires manual verification."
"cedar-rapids","Cedar Rapids Transit","Iowa","official-source-candidate","","","","","","unresolved","Official source candidates found; policy still requires manual verification."
"matbus","MATBUS (Fargo, ND)","North Dakota","research-incomplete","","","","","","unresolved","No transfer policy has been verified. The official-source search is incomplete or produced no candidate page."
"duluth-transit","Duluth Transit Authority","Minnesota","official-source-candidate","","","","","","unresolved","Official source candidates found; policy still requires manual verification."
"grtc","GRTC Transit (Richmond, VA)","Virginia","research-incomplete","","","","","","unresolved","No transfer policy has been verified. The official-source search is incomplete or produced no candidate page."
"valley-metro-roanoke","Valley Metro (Roanoke, VA)","Virginia","official-source-candidate","","","","","","unresolved","Official source candidates found; policy still requires manual verification."
"gltc","Greater Lynchburg Transit Company","Virginia","confirmed","","none","not available","standard fare","https://gltconline.com/gltc-fares/","high","Official source candidates found; policy still requires manual verification."
"dayton","Greater Dayton RTA","Ohio","official-source-candidate","","","","","","unresolved","Official source candidates found; policy still requires manual verification."
"youngstown-wrta","Western Reserve Transit Authority (Youngstown)","Ohio","official-source-candidate","","","","","","unresolved","Official source candidates found; policy still requires manual verification."
"sun-metro","Sun Metro (El Paso)","Texas","official-source-candidate","","","","","","unresolved","Official source candidates found; policy still requires manual verification."
"b-line","B-Line (Corpus Christi RTA)","Texas","research-incomplete","","","","","","unresolved","No transfer policy has been verified. The official-source search is incomplete or produced no candidate page."
"citibus","Citibus (Lubbock)","Texas","official-source-candidate","","","","","","unresolved","Official source candidates found; policy still requires manual verification."
"amarillo","Amarillo City Transit","Texas","research-incomplete","","","","","","unresolved","No transfer policy has been verified. The official-source search is incomplete or produced no candidate page."
"missoula","Mountain Line (Missoula)","Montana","official-source-candidate","","","","","","unresolved","Official source candidates found; policy still requires manual verification."
"sportran","SporTran (Shreveport)","Louisiana","research-incomplete","","","","","","unresolved","No transfer policy has been verified. The official-source search is incomplete or produced no candidate page."
"billings","MET Transit (Billings)","Montana","official-source-candidate","","","","","","unresolved","Official source candidates found; policy still requires manual verification."
"ecat","ECAT (Escambia County)","Florida","official-source-candidate","","","","","","unresolved","Official source candidates found; policy still requires manual verification."
"rts","RTS (Gainesville)","Florida","official-source-candidate","","","","","","unresolved","Official source candidates found; policy still requires manual verification."
"scat","SCAT (Sarasota County)","Florida","official-source-candidate","","","","","","unresolved","Official source candidates found; policy still requires manual verification."
"leetran","LeeTran (Fort Myers)","Florida","official-source-candidate","","","","","","unresolved","Official source candidates found; policy still requires manual verification."
"wave-mobile","Wave Transit (Mobile)","Alabama","official-source-candidate","","","","","","unresolved","Official source candidates found; policy still requires manual verification."
"huntsville","Huntsville Shuttle","Alabama","official-source-candidate","","","","","","unresolved","Official source candidates found; policy still requires manual verification."
"bustang-outrider","Bustang Outrider","Colorado","research-incomplete","","","","","","unresolved","No transfer policy has been verified. The official-source search is incomplete or produced no candidate page."
"rfta","Roaring Fork Transportation Authority (RFTA)","Colorado","official-source-candidate","","","","","","unresolved","Official source candidates found; policy still requires manual verification."
"durango-transit","Durango Transit","Colorado","research-incomplete","","","","","","unresolved","No transfer policy has been verified. The official-source search is incomplete or produced no candidate page."
"pueblo-transit","Pueblo Transit","Colorado","research-incomplete","","","","","","unresolved","No transfer policy has been verified. The official-source search is incomplete or produced no candidate page."
"eco-transit","Core Transit","Colorado","official-source-candidate","","","","","","unresolved","Official source candidates found; policy still requires manual verification."
"all-points-transit","All Points Transit (Montrose)","Colorado","official-source-candidate","","","","","","unresolved","Official source candidates found; policy still requires manual verification."
"kart","Kings Area Rural Transit","California","official-source-candidate","","","","","","unresolved","Official source candidates found; policy still requires manual verification."
"tulare-county-transit","Tulare County Area Transit (TCAT)","California","official-source-candidate","","","","","","unresolved","Official source candidates found; policy still requires manual verification."
"madison-metro","Madison Metro Transit","Wisconsin","official-source-candidate","","","","","","unresolved","Official source candidates found; policy still requires manual verification."
"waukesha-metro","Waukesha Metro Transit","Wisconsin","official-source-candidate","","","","","","unresolved","Official source candidates found; policy still requires manual verification."
"mountain-line","Mountain Line Transit Authority (Morgantown)","West Virginia","official-source-candidate","","","","","","unresolved","Official source candidates found; policy still requires manual verification."
"wvu-prt","West Virginia University PRT (Morgantown, WV)","West Virginia","research-incomplete","","","","","","unresolved","No transfer policy has been verified. The official-source search is incomplete or produced no candidate page."
"visalia","Visalia Transit","California","official-source-candidate","","","","","","unresolved","Official source candidates found; policy still requires manual verification."
"green-bay","Green Bay Metro","Wisconsin","official-source-candidate","","","","","","unresolved","Official source candidates found; policy still requires manual verification."
"cota","COTA (Columbus)","Ohio","confirmed","2 hours","unlimited within validity","included in fare","standard fare","https://www.cota.com/fares/","high","Official source candidates found; policy still requires manual verification."
"des-moines","Des Moines Area Regional Transit Authority (DART)","Iowa","research-incomplete","","","","","","unresolved","No transfer policy has been verified. The official-source search is incomplete or produced no candidate page."
"wichita","Wichita Transit","Kansas","confirmed","","none","not available","standard fare","https://www.wichita.gov/1504/Fares-Passes/","high","Official source candidates found; policy still requires manual verification."
"appleton","Valley Transit (Appleton/Fox Cities)","Wisconsin","official-source-candidate","","","","","","unresolved","Official source candidates found; policy still requires manual verification."
"modesto","Modesto Area Express","California","official-source-candidate","","","","","","unresolved","Official source candidates found; policy still requires manual verification."
"cats-baton","Capital Area Transit System (Baton Rouge)","Louisiana","official-source-candidate","","","","","","unresolved","Official source candidates found; policy still requires manual verification."
"knoxville","Knoxville Area Transit","Tennessee","official-source-candidate","","","","","","unresolved","Official source candidates found; policy still requires manual verification."
"mcallen","Metro McAllen","Texas","partially-confirmed","","free transfers; window not stated","free","standard fare","https://www.mcallen.net/metro/","medium","Official source candidates found; policy still requires manual verification."
"augusta","Augusta Transit","Georgia","official-source-candidate","","","","","","unresolved","Official source candidates found; policy still requires manual verification."
"lincoln","StarTran (Lincoln)","Nebraska","official-source-candidate","","","","","","unresolved","Official source candidates found; policy still requires manual verification."
"south-bend","South Bend Transpo","Indiana","official-source-candidate","","","","","","unresolved","Official source candidates found; policy still requires manual verification."
"rockford","Rockford Mass Transit District","Illinois","official-source-candidate","","","","","","unresolved","Official source candidates found; policy still requires manual verification."
"racine","Ryde Racine","Wisconsin","research-incomplete","","","","","","unresolved","No transfer policy has been verified. The official-source search is incomplete or produced no candidate page."
"sudbury","Greater Sudbury Transit","Ontario","official-source-candidate","","","","","","unresolved","Official source candidates found; policy still requires manual verification."
"anchorage","Anchorage People Mover","Alaska","official-source-candidate","","","","","","unresolved","Official source candidates found; policy still requires manual verification."
"lexington","Lextran (Lexington, KY)","Kentucky","official-source-candidate","","","","","","unresolved","Official source candidates found; policy still requires manual verification."
"mtd-champaign","Champaign-Urbana MTD","Illinois","official-source-candidate","","","","","","unresolved","Official source candidates found; policy still requires manual verification."
"kalamazoo","Kalamazoo Metro Transit","Michigan","official-source-candidate","","","","","","unresolved","Official source candidates found; policy still requires manual verification."
"laredo","El Metro (Laredo)","Texas","official-source-candidate","","","","","","unresolved","Official source candidates found; policy still requires manual verification."
"thunder-bay","Thunder Bay Transit","Ontario","official-source-candidate","","","","","","unresolved","Official source candidates found; policy still requires manual verification."
"greensboro","Greensboro Transit Authority","North Carolina","research-incomplete","","","","","","unresolved","No transfer policy has been verified. The official-source search is incomplete or produced no candidate page."
"lanta","Lehigh and Northampton Transportation Authority (LANTA)","Pennsylvania","official-source-candidate","","","","","","unresolved","Official source candidates found; policy still requires manual verification."
"winston-salem","Winston-Salem Transit Authority (WSTA)","North Carolina","official-source-candidate","","","","","","unresolved","Official source candidates found; policy still requires manual verification."
"cat-harrisburg","Capital Area Transit (Harrisburg)","Pennsylvania","official-source-candidate","","","","","","unresolved","Official source candidates found; policy still requires manual verification."
"jackson-ms","City of Jackson (JTRAN)","Mississippi","research-incomplete","","","","","","unresolved","No transfer policy has been verified. The official-source search is incomplete or produced no candidate page."
"lancaster","Red Rose Transit Authority (Lancaster, PA)","Pennsylvania","official-source-candidate","","","","","","unresolved","Official source candidates found; policy still requires manual verification."
"colts","County of Lackawanna Transit System (COLTS)","Pennsylvania","official-source-candidate","","","","","","unresolved","Official source candidates found; policy still requires manual verification."
"lcta","Luzerne County Transportation Authority","Pennsylvania","research-incomplete","","","","","","unresolved","No transfer policy has been verified. The official-source search is incomplete or produced no candidate page."
"patco","PATCO Speedline (Philadelphia-Camden)","New Jersey","official-source-candidate","","","","","","unresolved","Official source candidates found; policy still requires manual verification."
"cascades-east","Cascades East Transit (Bend, OR)","Oregon","research-incomplete","","","","","","unresolved","No transfer policy has been verified. The official-source search is incomplete or produced no candidate page."
"mountain-transit-ca","Mountain Transit (Big Bear Lake)","California","research-incomplete","","","","","","unresolved","No transfer policy has been verified. The official-source search is incomplete or produced no candidate page."
"las-cruces","RoadRUNNER Transit (Las Cruces)","New Mexico","research-incomplete","","","","","","unresolved","No transfer policy has been verified. The official-source search is incomplete or produced no candidate page."
"ez-rider","EZ Rider (Midland/Odessa)","Texas","official-source-candidate","","","","","","unresolved","Official source candidates found; policy still requires manual verification."
"san-angelo","Concho Valley Transit (San Angelo)","Texas","research-incomplete","","","","","","unresolved","No transfer policy has been verified. The official-source search is incomplete or produced no candidate page."
"brownsville","Brownsville Metro","Texas","research-incomplete","","","","","","unresolved","No transfer policy has been verified. The official-source search is incomplete or produced no candidate page."
"roswell","Roswell Transit","New Mexico","research-incomplete","","","","","","unresolved","No transfer policy has been verified. The official-source search is incomplete or produced no candidate page."
"hobbs","City of Hobbs Transit","New Mexico","official-source-candidate","","","","","","unresolved","Official source candidates found; policy still requires manual verification."
"longview","City of Longview Transit","Texas","official-source-candidate","","","","","","unresolved","Official source candidates found; policy still requires manual verification."
"texarkana","Texarkana T-Line","Texas","official-source-candidate","","","","","","unresolved","Official source candidates found; policy still requires manual verification."
"fort-bend","Fort Bend County Transit","Texas","official-source-candidate","","","","","","unresolved","Official source candidates found; policy still requires manual verification."
"lake-charles","Lake Charles Transit","Louisiana","partially-confirmed","","not specified","free","standard fare","https://www.cityoflakecharles.com/236/Transit","medium","Official source candidates found; policy still requires manual verification."
"terrebonne-parish","Good Earth Transit (Houma)","Louisiana","research-incomplete","","","","","","unresolved","No transfer policy has been verified. The official-source search is incomplete or produced no candidate page."
"tangipahoa-parish","Tangipahoa Transit (Hammond)","Louisiana","research-incomplete","","","","","","unresolved","No transfer policy has been verified. The official-source search is incomplete or produced no candidate page."
"space-coast","Space Coast Area Transit","Florida","official-source-candidate","","","","","","unresolved","Official source candidates found; policy still requires manual verification."
"martin-county","Martin County Public Transit","Florida","research-incomplete","","","","","","unresolved","No transfer policy has been verified. The official-source search is incomplete or produced no candidate page."
"indian-river","Indian River Transit","Florida","research-incomplete","","","","","","unresolved","No transfer policy has been verified. The official-source search is incomplete or produced no candidate page."
"collier","Collier Area Transit (Naples)","Florida","official-source-candidate","","","","","","unresolved","Official source candidates found; policy still requires manual verification."
"springfield-mo","City Utilities Transit (Springfield)","Missouri","confirmed","","single-use transfer","$0.25","standard fare","https://www.cityutilities.net/DocumentCenter/View/184/Transit-Pricing-PDF","high","Official source candidates found; policy still requires manual verification."
"evansville","METS (Evansville)","Indiana","official-source-candidate","","","","","","unresolved","Official source candidates found; policy still requires manual verification."
"kenosha","Kenosha Area Transit","Wisconsin","research-incomplete","","","","","","unresolved","No transfer policy has been verified. The official-source search is incomplete or produced no candidate page."
"ben-franklin","Ben Franklin Transit (Tri-Cities, WA)","Washington","official-source-candidate","","","","","","unresolved","Official source candidates found; policy still requires manual verification."
"asheville","Asheville Rides Transit","North Carolina","official-source-candidate","","","","","","unresolved","Official source candidates found; policy still requires manual verification."
"bloomington","Bloomington Transit","Indiana","official-source-candidate","","","","","","unresolved","Official source candidates found; policy still requires manual verification."
"athens-acc","Athens Clarke County Transit","Georgia","research-incomplete","","","","","","unresolved","No transfer policy has been verified. The official-source search is incomplete or produced no candidate page."
"uga","UGA Campus Transit","Georgia","official-source-candidate","","","","","","unresolved","Official source candidates found; policy still requires manual verification."
"blacksburg","Blacksburg Transit","Virginia","official-source-candidate","","","","","","unresolved","Official source candidates found; policy still requires manual verification."
"cata-state-college","CATA (State College)","Pennsylvania","official-source-candidate","","","","","","unresolved","Official source candidates found; policy still requires manual verification."
"cyride","CyRide (Ames)","Iowa","research-incomplete","","","","","","unresolved","No transfer policy has been verified. The official-source search is incomplete or produced no candidate page."
"iowa-city","Iowa City Transit","Iowa","research-incomplete","","","","","","unresolved","No transfer policy has been verified. The official-source search is incomplete or produced no candidate page."
"coralville","Coralville Transit","Iowa","official-source-candidate","","","","","","unresolved","Official source candidates found; policy still requires manual verification."
"cambus","CAMBUS (University of Iowa)","Iowa","official-source-candidate","","","","","","unresolved","Official source candidates found; policy still requires manual verification."
"lawrence-ku","Lawrence Transit / KU on Wheels","Kansas","official-source-candidate","","","","","","unresolved","Official source candidates found; policy still requires manual verification."
"springfield-il","SMTD (Springfield IL)","Illinois","official-source-candidate","","","","","","unresolved","Official source candidates found; policy still requires manual verification."
"topeka","Topeka Metro","Kansas","official-source-candidate","","","","","","unresolved","Official source candidates found; policy still requires manual verification."
"barta","BARTA (Reading)","Pennsylvania","official-source-candidate","","","","","","unresolved","Official source candidates found; policy still requires manual verification."
"coast-nh","COAST (Seacoast NH)","New Hampshire","official-source-candidate","","","","","","unresolved","Official source candidates found; policy still requires manual verification."
"advance-transit","Advance Transit (Lebanon, NH)","New Hampshire","official-source-candidate","","","","","","unresolved","Official source candidates found; policy still requires manual verification."
"ccta","CCTA / Green Mountain Transit (Burlington, VT)","Vermont","research-incomplete","","","","","","unresolved","No transfer policy has been verified. The official-source search is incomplete or produced no candidate page."
"marble-valley","Marble Valley Transit (Rutland)","Vermont","official-source-candidate","","","","","","unresolved","Official source candidates found; policy still requires manual verification."
"bis-man","Bis-Man Transit (Bismarck-Mandan)","North Dakota","official-source-candidate","","","","","","unresolved","Official source candidates found; policy still requires manual verification."
"bangor","Bangor Community Connector","Maine","official-source-candidate","","","","","","unresolved","Official source candidates found; policy still requires manual verification."
"brandon","Brandon Transit","Manitoba","research-incomplete","","","","","","unresolved","No transfer policy has been verified. The official-source search is incomplete or produced no candidate page."
"juneau","Capital Transit (Juneau)","Alaska","official-source-candidate","","","","","","unresolved","Official source candidates found; policy still requires manual verification."
"annapolis","Annapolis Transit","Maryland","official-source-candidate","","","","","","unresolved","Official source candidates found; policy still requires manual verification."
"yellowknife","Yellowknife Transit","Northwest Territories","research-incomplete","","","","","","unresolved","No transfer policy has been verified. The official-source search is incomplete or produced no candidate page."
"whitehorse","Whitehorse Transit","Yukon","research-incomplete","","","","","","unresolved","No transfer policy has been verified. The official-source search is incomplete or produced no candidate page."
"santa-cruz-metro","Santa Cruz METRO","","official-source-candidate","","","","","","unresolved","Official source candidates found; policy still requires manual verification."
"sioux-falls","Sioux Area Metro (SAM)","South Dakota","official-source-candidate","","","","","","unresolved","Official source candidates found; policy still requires manual verification."
"yakima","Yakima Transit","Washington","official-source-candidate","","","","","","unresolved","Official source candidates found; policy still requires manual verification."
"grand-forks","Cities Area Transit (Grand Forks)","North Dakota","research-incomplete","","","","","","unresolved","No transfer policy has been verified. The official-source search is incomplete or produced no candidate page."
"greeley","Greeley-Evans Transit (GET)","Colorado","official-source-candidate","","","","","","unresolved","Official source candidates found; policy still requires manual verification."
"bridgeport-gbt","Greater Bridgeport Transit","Connecticut","confirmed","120 minutes","unlimited within validity","included in base fare","cash or ZipTrip","https://gogbt.com/how-to-ride/fares-passes/","high","Official source candidates found; policy still requires manual verification."
"davenport","Davenport CitiBus","Iowa","official-source-candidate","","","","","","unresolved","Official source candidates found; policy still requires manual verification."
"bettendorf","Bettendorf Transit","Iowa","research-incomplete","","","","","","unresolved","No transfer policy has been verified. The official-source search is incomplete or produced no candidate page."
"dubuque","The Jule (Dubuque)","Iowa","official-source-candidate","","","","","","unresolved","Official source candidates found; policy still requires manual verification."
"pocatello","Pocatello Regional Transit","Idaho","official-source-candidate","","","","","","unresolved","Official source candidates found; policy still requires manual verification."
"albany-ga","Albany Transit System","Georgia","official-source-candidate","","","","","","unresolved","Official source candidates found; policy still requires manual verification."
"wilmington-nc","Wave Transit (Wilmington)","North Carolina","official-source-candidate","","","","","","unresolved","Official source candidates found; policy still requires manual verification."
"st-george","SunTran (St. George)","Utah","official-source-candidate","","","","","","unresolved","Official source candidates found; policy still requires manual verification."
"grand-junction","Grand Valley Transit","Colorado","official-source-candidate","","","","","","unresolved","Official source candidates found; policy still requires manual verification."
"um-transit","University of Michigan Transit Services (Ann Arbor)","Michigan","research-incomplete","","","","","","unresolved","No transfer policy has been verified. The official-source search is incomplete or produced no candidate page."
"ncsu-wolfline","NCSU Wolfline","North Carolina","official-source-candidate","","","","","","unresolved","Official source candidates found; policy still requires manual verification."
"clemson-cat","Clemson Area Transit (CATbus)","South Carolina","research-incomplete","","","","","","unresolved","No transfer policy has been verified. The official-source search is incomplete or produced no candidate page."
"citybus-lafayette","CityBus (Lafayette)","Indiana","confirmed","2 hours","not specified","included in fare","standard fare","https://gocitybus.com/fares/","high","Official source candidates found; policy still requires manual verification."
"duke","Duke University Transit","North Carolina","research-incomplete","","","","","","unresolved","No transfer policy has been verified. The official-source search is incomplete or produced no candidate page."
"streamline","Streamline (Bozeman)","Montana","official-source-candidate","","","","","","unresolved","Official source candidates found; policy still requires manual verification."
"athens-oh","Athens Public Transit","Ohio","official-source-candidate","","","","","","unresolved","Official source candidates found; policy still requires manual verification."
"connect-transit","Connect Transit (Bloomington-Normal)","Illinois","official-source-candidate","","","","","","unresolved","Official source candidates found; policy still requires manual verification."
"dekalb","DeKalb Public Transit","Illinois","official-source-candidate","","","","","","unresolved","Official source candidates found; policy still requires manual verification."
"radford","Radford Transit","Virginia","official-source-candidate","","","","","","unresolved","Official source candidates found; policy still requires manual verification."
"jfk-airtrain","JFK AirTrain","New York","official-source-candidate","","","","","","unresolved","Official source candidates found; policy still requires manual verification."
"staten-island-ferry","Staten Island Ferry","New York","research-incomplete","","","","","","unresolved","No transfer policy has been verified. The official-source search is incomplete or produced no candidate page."
"nyc-ferry","NYC Ferry","New York","official-source-candidate","","","","","","unresolved","Official source candidates found; policy still requires manual verification."
"rioc-tram","Roosevelt Island Tramway","New York","research-incomplete","","","","","","unresolved","No transfer policy has been verified. The official-source search is incomplete or produced no candidate page."
"guadalajara","Mi Transporte (Guadalajara)","Jalisco","research-incomplete","","","","","","unresolved","No transfer policy has been verified. The official-source search is incomplete or produced no candidate page."
"cheyenne","Cheyenne Transit Program","Wyoming","research-incomplete","","","","","","unresolved","No transfer policy has been verified. The official-source search is incomplete or produced no candidate page."
"rapid-city","Rapid Transit System (Rapid City, SD)","South Dakota","partially-confirmed","","not specified","free","standard fare","https://www.rapidtransitsystem.org/rapid-ride/","medium","Official source candidates found; policy still requires manual verification."
"sioux-city","Sioux City Transit","Iowa","research-incomplete","","","","","","unresolved","No transfer policy has been verified. The official-source search is incomplete or produced no candidate page."
"imperial-valley","Imperial Valley Transit","California","official-source-candidate","","","","","","unresolved","Official source candidates found; policy still requires manual verification."
"kern-transit","Kern Transit","California","research-incomplete","","","","","","unresolved","No transfer policy has been verified. The official-source search is incomplete or produced no candidate page."
"banning","Banning Connect","California","official-source-candidate","","","","","","unresolved","Official source candidates found; policy still requires manual verification."
"beaumont-ca","Beaumont Transit","California","official-source-candidate","","","","","","unresolved","Official source candidates found; policy still requires manual verification."
"corona","Corona Cruiser","California","official-source-candidate","","","","","","unresolved","Official source candidates found; policy still requires manual verification."
"thousand-oaks","Thousand Oaks Transit","California","research-incomplete","","","","","","unresolved","No transfer policy has been verified. The official-source search is incomplete or produced no candidate page."
"simi-valley","Simi Valley Transit","California","research-incomplete","","","","","","unresolved","No transfer policy has been verified. The official-source search is incomplete or produced no candidate page."
"camarillo","Camarillo Area Transit","California","official-source-candidate","","","","","","unresolved","Official source candidates found; policy still requires manual verification."
"basin-transit","Basin Transit","California","official-source-candidate","","","","","","unresolved","Official source candidates found; policy still requires manual verification."
"needles","Needles Area Transit","California","research-incomplete","","","","","","unresolved","No transfer policy has been verified. The official-source search is incomplete or produced no candidate page."
"arvin","Arvin Transit","California","official-source-candidate","","","","","","unresolved","Official source candidates found; policy still requires manual verification."
"moorpark","Moorpark City Transit","California","official-source-candidate","","","","","","unresolved","Official source candidates found; policy still requires manual verification."
"valley-express","Valley Express","California","official-source-candidate","","","","","","unresolved","Official source candidates found; policy still requires manual verification."
"laguna-beach","Laguna Beach Transit","California","research-incomplete","","","","","","unresolved","No transfer policy has been verified. The official-source search is incomplete or produced no candidate page."
"taft","Taft Area Transit","California","research-incomplete","","","","","","unresolved","No transfer policy has been verified. The official-source search is incomplete or produced no candidate page."
"seattle-monorail","Seattle Center Monorail","Washington","official-source-candidate","","","","","","unresolved","Official source candidates found; policy still requires manual verification."
"snoqualmie-valley","Snoqualmie Valley Transportation","Washington","official-source-candidate","","","","","","unresolved","Official source candidates found; policy still requires manual verification."
"seattle-streetcar","Seattle Streetcar","Washington","official-source-candidate","","","","","","unresolved","Official source candidates found; policy still requires manual verification."
"metz","Le Met' (Metz)","Grand Est","official-source-candidate","","","","","","unresolved","Official source candidates found; policy still requires manual verification."
"nancy","Réseau Stan (Nancy)","Grand Est","official-source-candidate","","","","","","unresolved","Official source candidates found; policy still requires manual verification."
"rennes","STAR (Rennes)","Bretagne","research-incomplete","","","","","","unresolved","No transfer policy has been verified. The official-source search is incomplete or produced no candidate page."
"tours","Fil Bleu (Tours)","Centre-Val de Loire","official-source-candidate","","","","","","unresolved","Official source candidates found; policy still requires manual verification."
"bordeaux","TBM (Bordeaux)","Nouvelle-Aquitaine","official-source-candidate","","","","","","unresolved","Official source candidates found; policy still requires manual verification."
"grenoble","TAG (Grenoble)","Auvergne-Rhône-Alpes","confirmed","1 hour","not specified","included in ticket","standard ticket","https://www.reso-m.fr/67-un-tarif-pour-chacun.htm?UTB_FS=-1","high","Official source candidates found; policy still requires manual verification."
"dijon","Divia (Dijon)","Bourgogne-Franche-Comté","confirmed","1 hour","not specified","included in ticket","standard ticket","https://www.divia.fr/titres-et-tarifs","high","Official source candidates found; policy still requires manual verification."
"angers","Irigo (Angers)","Pays de la Loire","official-source-candidate","","","","","","unresolved","Official source candidates found; policy still requires manual verification."
"chambery","Synchro (Chambéry)","Auvergne-Rhône-Alpes","research-incomplete","","","","","","unresolved","No transfer policy has been verified. The official-source search is incomplete or produced no candidate page."
"nantes","Naolib (Nantes)","Pays de la Loire","confirmed","1 hour","not specified","included in ticket","standard ticket","https://naolib.fr/fr/tarifs/transports-en-commun/tickets","high","Official source candidates found; policy still requires manual verification."
"le-mans","SETRAM (Le Mans)","Pays de la Loire","research-incomplete","","","","","","unresolved","No transfer policy has been verified. The official-source search is incomplete or produced no candidate page."
"besancon","Ginko (Besançon)","Bourgogne-Franche-Comté","official-source-candidate","","","","","","unresolved","Official source candidates found; policy still requires manual verification."
"annecy","Sibra (Annecy)","Auvergne-Rhône-Alpes","official-source-candidate","","","","","","unresolved","Official source candidates found; policy still requires manual verification."
"amiens","Ametis (Amiens)","Hauts-de-France","research-incomplete","","","","","","unresolved","No transfer policy has been verified. The official-source search is incomplete or produced no candidate page."
"annemasse","TAC (Annemasse)","Auvergne-Rhône-Alpes","confirmed","60 minutes","not specified","included in ticket","QR-code ticket","https://www.tac-mobilites.fr/tac-vous/notre-application","high","Official source candidates found; policy still requires manual verification."
"avignon","Orizo (Avignon)","Provence-Alpes-Côte d'Azur","official-source-candidate","","","","","","unresolved","Official source candidates found; policy still requires manual verification."
"bayonne","Txik Txak","Nouvelle-Aquitaine","confirmed","1.5 hours","connections permitted","included in ticket","standard ticket","https://www.txiktxak.fr/preparez-votre-trajet/on-visite-le-pays-basque-avec-txik-txak/villes-et-villages/","high","Official source candidates found; policy still requires manual verification."
"beziers","beeMob (Béziers)","Occitanie","official-source-candidate","","","","","","unresolved","Official source candidates found; policy still requires manual verification."
"bourges","AggloBus (Bourges)","Centre-Val de Loire","official-source-candidate","","","","","","unresolved","Official source candidates found; policy still requires manual verification."
"brest","Bibus (Brest)","Bretagne","confirmed","1 hour","not specified","included in ticket","standard ticket","https://www.bibus.fr/tarifs/tickets-et-abonnements","high","Official source candidates found; policy still requires manual verification."
"caen","Twisto (Caen)","Normandie","official-source-candidate","","","","","","unresolved","Official source candidates found; policy still requires manual verification."
"chartres","Filibus (Chartres)","Centre-Val de Loire","research-incomplete","","","","","","unresolved","No transfer policy has been verified. The official-source search is incomplete or produced no candidate page."
"cholet","Choletbus","Pays de la Loire","confirmed","1 hour","connections permitted","included in ticket","standard ticket","https://www.choletbus.fr/tarifs-transport-en-commun/","high","Official source candidates found; policy still requires manual verification."
"clermont","T2C (Clermont-Ferrand)","Auvergne-Rhône-Alpes","official-source-candidate","","","","","","unresolved","Official source candidates found; policy still requires manual verification."
"dunkirk","DK'Bus (Dunkerque)","Hauts-de-France","research-incomplete","","","","","","unresolved","No transfer policy has been verified. The official-source search is incomplete or produced no candidate page."
"la-rochelle","Yélo (La Rochelle)","Nouvelle-Aquitaine","confirmed","1 hour","not specified","included in ticket","standard ticket","https://www.yelo-larochelle.fr/tarifs/","high","Official source candidates found; policy still requires manual verification."
"laval","TUL (Laval)","Pays de la Loire","research-incomplete","","","","","","unresolved","No transfer policy has been verified. The official-source search is incomplete or produced no candidate page."
"le-havre","LiA (Le Havre)","Normandie","partially-confirmed","1 hour","not specified","included in ticket","standard ticket","https://www.transports-lia.fr/fr/trouver-mon-tarif","medium","Official source candidates found; policy still requires manual verification."
"lorient","Izilo (Lorient)","Bretagne","official-source-candidate","","","","","","unresolved","Official source candidates found; policy still requires manual verification."
"lyon","TCL (Lyon)","Auvergne-Rhône-Alpes","research-incomplete","","","","","","unresolved","No transfer policy has been verified. The official-source search is incomplete or produced no candidate page."
"marseille","RTM (Marseille)","Provence-Alpes-Côte d'Azur","official-source-candidate","","","","","","unresolved","Official source candidates found; policy still requires manual verification."
"mulhouse","Soléa (Mulhouse)","Grand Est","official-source-candidate","","","","","","unresolved","Official source candidates found; policy still requires manual verification."
"nice-fr","Lignes d'Azur (Nice)","Provence-Alpes-Côte d'Azur","official-source-candidate","","","","","","unresolved","Official source candidates found; policy still requires manual verification."
"nimes","Tango (Nîmes)","Occitanie","research-incomplete","","","","","","unresolved","No transfer policy has been verified. The official-source search is incomplete or produced no candidate page."
"orleans","TAO (Orléans)","Centre-Val de Loire","research-incomplete","","","","","","unresolved","No transfer policy has been verified. The official-source search is incomplete or produced no candidate page."
"pau","Idelis (Pau)","Nouvelle-Aquitaine","confirmed","1 hour","not specified","included in ticket","standard or onboard ticket","https://www.idelis.fr/tarifs/titres-de-transport-et-tarifs/tous-les-titres","high","Official source candidates found; policy still requires manual verification."
"perpignan","Sankéo (Perpignan)","Occitanie","confirmed","1.5 hours","connections permitted","included in ticket","standard or onboard ticket","https://www.sankeo.com/tarifs/","high","Official source candidates found; policy still requires manual verification."
"poitiers","Vitalis (Poitiers)","Nouvelle-Aquitaine","official-source-candidate","","","","","","unresolved","Official source candidates found; policy still requires manual verification."
"quimper","Qub (Quimper)","Bretagne","official-source-candidate","","","","","","unresolved","Official source candidates found; policy still requires manual verification."
"reims","Grand Reims Mobilités","Grand Est","confirmed","75 minutes","not specified","included in ticket","onboard or SMS ticket","https://grandreims-mobilites.fr/fr/lbW-Ou-acheter-mon-titre-de-transport-3F.html","high","Official source candidates found; policy still requires manual verification."
"rouen","Astuce (Rouen)","Normandie","research-incomplete","","","","","","unresolved","No transfer policy has been verified. The official-source search is incomplete or produced no candidate page."
"saint-etienne","STAS (Saint-Étienne)","Auvergne-Rhône-Alpes","confirmed","1.5 hours","unlimited within validity","included in ticket","standard ticket","https://www.reseau-stas.fr/fr/voyages-occasionnels/77","high","Official source candidates found; policy still requires manual verification."
"saint-nazaire","Ycéo (Saint-Nazaire)","Pays de la Loire","research-incomplete","","","","","","unresolved","No transfer policy has been verified. The official-source search is incomplete or produced no candidate page."
"toulon","Mistral (Toulon)","Provence-Alpes-Côte d'Azur","official-source-candidate","","","","","","unresolved","Official source candidates found; policy still requires manual verification."
"toulouse","Tisséo (Toulouse)","Occitanie","official-source-candidate","","","","","","unresolved","Official source candidates found; policy still requires manual verification."
"troyes","TCAT (Troyes)","Grand Est","official-source-candidate","","","","","","unresolved","Official source candidates found; policy still requires manual verification."
"valence","Citéa (Valence Romans)","Auvergne-Rhône-Alpes","research-incomplete","","","","","","unresolved","No transfer policy has been verified. The official-source search is incomplete or produced no candidate page."
"vannes","Kicéo (Vannes)","Bretagne","research-incomplete","","","","","","unresolved","No transfer policy has been verified. The official-source search is incomplete or produced no candidate page."
"aix-en-provence","Aixenbus","Provence-Alpes-Côte d'Azur","confirmed","1 hour","not specified","included in ticket; €0.10 ticket support fee","standard ticket","https://www.aixenbus.fr/fr/M8j-Les-titres-occasionnels.html","high","Official source candidates found; policy still requires manual verification."
"arles","Envia (Arles)","Provence-Alpes-Côte d'Azur","research-incomplete","","","","","","unresolved","No transfer policy has been verified. The official-source search is incomplete or produced no candidate page."
"beauvais","Corolis (Beauvais)","Hauts-de-France","official-source-candidate","","","","","","unresolved","Official source candidates found; policy still requires manual verification."
"belfort","Optymo (Belfort)","Bourgogne-Franche-Comté","official-source-candidate","","","","","","unresolved","Official source candidates found; policy still requires manual verification."
"bergerac","TUB (Bergerac)","Nouvelle-Aquitaine","confirmed","1 hour","connections permitted","included in ticket","onboard ticket","https://www.bus-tub.com/titres-tarifs/","high","Official source candidates found; policy still requires manual verification."
"blois","Azalys (Blois)","Centre-Val de Loire","research-incomplete","","","","","","unresolved","No transfer policy has been verified. The official-source search is incomplete or produced no candidate page."
"boulogne-sur-mer","Marinéo (Boulogne)","Hauts-de-France","official-source-candidate","","","","","","unresolved","Official source candidates found; policy still requires manual verification."
"bourgoin","Ruban (Bourgoin-Jallieu)","Auvergne-Rhône-Alpes","confirmed","1 hour","connections permitted","included in ticket","onboard, agency, or mobile ticket","https://www.rubantransport.com/occasionnel/","high","Official source candidates found; policy still requires manual verification."
"brive","Libéo (Brive)","Nouvelle-Aquitaine","official-source-candidate","","","","","","unresolved","Official source candidates found; policy still requires manual verification."
"cahors","Cahors urbain","Occitanie","research-incomplete","","","","","","unresolved","No transfer policy has been verified. The official-source search is incomplete or produced no candidate page."
"cannes","Palm Bus (Cannes)","Provence-Alpes-Côte d'Azur","research-incomplete","","","","","","unresolved","No transfer policy has been verified. The official-source search is incomplete or produced no candidate page."
"carcassonne","RTCA (Carcassonne)","Occitanie","research-incomplete","","","","","","unresolved","No transfer policy has been verified. The official-source search is incomplete or produced no candidate page."
"castres","Libellus (Castres)","Occitanie","official-source-candidate","","","","","","unresolved","Official source candidates found; policy still requires manual verification."
"charleville","TAC (Charleville-Mézières)","Grand Est","confirmed","1 hour","free connections permitted","included in ticket","prepaid or onboard ticket","https://www.bustac.fr/titres-et-points-de-ventes/titres-pour-tous","high","Official source candidates found; policy still requires manual verification."
"chateauroux","Horizon (Châteauroux)","Centre-Val de Loire","research-incomplete","","","","","","unresolved","No transfer policy has been verified. The official-source search is incomplete or produced no candidate page."
"colmar","Trace (Colmar)","Grand Est","research-incomplete","","","","","","unresolved","No transfer policy has been verified. The official-source search is incomplete or produced no candidate page."
"compiegne","TIC (Compiègne)","Hauts-de-France","official-source-candidate","","","","","","unresolved","Official source candidates found; policy still requires manual verification."
"concarneau","Coralie (Concarneau)","Bretagne","confirmed","1 hour","1 free connection","free connection included","standard ticket","https://coralie-cca.fr/tarifs/","high","Official source candidates found; policy still requires manual verification."
"creil","TCR (Creil)","Hauts-de-France","confirmed","1 hour","connections permitted","included in ticket","standard ticket","https://www.oise-mobilite.fr/tickets-axo","high","Official source candidates found; policy still requires manual verification."
"dieppe","Stradibus (Dieppe)","Normandie","confirmed","1 hour","transfers permitted","included in ticket","standard ticket","https://www.deepmob.fr/fr/titres-de-transport/36","high","Official source candidates found; policy still requires manual verification."
"douai","Évasion (Douai)","Hauts-de-France","research-incomplete","","","","","","unresolved","No transfer policy has been verified. The official-source search is incomplete or produced no candidate page."
"epinal","Imagine (Épinal)","Grand Est","official-source-candidate","","","","","","unresolved","Official source candidates found; policy still requires manual verification."
"evreux","Transurbain (Évreux)","Normandie","research-incomplete","","","","","","unresolved","No transfer policy has been verified. The official-source search is incomplete or produced no candidate page."
"fougeres","Surfline (Fougères)","Bretagne","research-incomplete","","","","","","unresolved","No transfer policy has been verified. The official-source search is incomplete or produced no candidate page."
"grasse","Sillages (Grasse)","Provence-Alpes-Côte d'Azur","research-incomplete","","","","","","unresolved","No transfer policy has been verified. The official-source search is incomplete or produced no candidate page."
"laon","Laon urbain (TUL)","Hauts-de-France","confirmed","1 hour","connections permitted","included in ticket","standard ticket","https://www.tul-laon.fr/mes-titres/titres","high","Official source candidates found; policy still requires manual verification."
"lens","Tadao (Lens-Liévin)","Hauts-de-France","official-source-candidate","","","","","","unresolved","Official source candidates found; policy still requires manual verification."
"limoges","STCL (Limoges)","Nouvelle-Aquitaine","partially-confirmed","1 hour","not specified","included in ticket","standard ticket","https://storage.googleapis.com/is-wp-160-preprod/uploads-preprod/2026/04/depliant-site.pdf","medium","Official source candidates found; policy still requires manual verification."
"menton","Zest (Menton)","Provence-Alpes-Côte d'Azur","research-incomplete","","","","","","unresolved","No transfer policy has been verified. The official-source search is incomplete or produced no candidate page."
"mont-de-marsan","TMA (Mont-de-Marsan)","Nouvelle-Aquitaine","research-incomplete","","","","","","unresolved","No transfer policy has been verified. The official-source search is incomplete or produced no candidate page."
"montbeliard","Evolity (Montbéliard)","Bourgogne-Franche-Comté","official-source-candidate","","","","","","unresolved","Official source candidates found; policy still requires manual verification."
"morlaix","Linéotim (Morlaix)","Bretagne","official-source-candidate","","","","","","unresolved","Official source candidates found; policy still requires manual verification."
"nevers","Taneo (Nevers)","Bourgogne-Franche-Comté","research-incomplete","","","","","","unresolved","No transfer policy has been verified. The official-source search is incomplete or produced no candidate page."
"niort","TanLib (Niort)","Nouvelle-Aquitaine","official-source-candidate","","","","","","unresolved","Official source candidates found; policy still requires manual verification."
"quimperle","TBK (Quimperlé)","Bretagne","research-incomplete","","","","","","unresolved","No transfer policy has been verified. The official-source search is incomplete or produced no candidate page."
"romans","Citéa Romans","Auvergne-Rhône-Alpes","official-source-candidate","","","","","","unresolved","Official source candidates found; policy still requires manual verification."
"saint-brieuc","TUB (Saint-Brieuc)","Bretagne","research-incomplete","","","","","","unresolved","No transfer policy has been verified. The official-source search is incomplete or produced no candidate page."
"saint-malo","MAT (Saint-Malo)","Bretagne","confirmed","1.5 hours","unlimited within validity","included in ticket","advance ticket or card payment","https://www.reseau-mat.fr/fr/titres-et-tarifs","high","Official source candidates found; policy still requires manual verification."
"saint-omer","MouvO (Saint-Omer)","Hauts-de-France","research-incomplete","","","","","","unresolved","No transfer policy has been verified. The official-source search is incomplete or produced no candidate page."
"saintes","Buséau (Saintes)","Nouvelle-Aquitaine","official-source-candidate","","","","","","unresolved","Official source candidates found; policy still requires manual verification."
"tarbes","TLP Mobilités (Tarbes)","Occitanie","research-incomplete","","","","","","unresolved","No transfer policy has been verified. The official-source search is incomplete or produced no candidate page."
"valenciennes","Transvilles (Valenciennes)","Hauts-de-France","official-source-candidate","","","","","","unresolved","Official source candidates found; policy still requires manual verification."
"vierzon","Le Vib (Vierzon)","Centre-Val de Loire","research-incomplete","","","","","","unresolved","No transfer policy has been verified. The official-source search is incomplete or produced no candidate page."
"albi","LibéA (Albi)","Occitanie","research-incomplete","","","","","","unresolved","No transfer policy has been verified. The official-source search is incomplete or produced no candidate page."
"ales","Ales'y (Alès)","Occitanie","research-incomplete","","","","","","unresolved","No transfer policy has been verified. The official-source search is incomplete or produced no candidate page."
"angouleme","Möbius (Angoulême)","Nouvelle-Aquitaine","research-incomplete","","","","","","unresolved","No transfer policy has been verified. The official-source search is incomplete or produced no candidate page."
"arcachon","Baïa (Bassin d'Arcachon)","Nouvelle-Aquitaine","official-source-candidate","","","","","","unresolved","Official source candidates found; policy still requires manual verification."
"argentan","Terres d'Argentan Mobilité","Normandie","confirmed","1 hour","not specified","included in ticket","standard ticket","https://terresdargentan.fr/argentan-intercom-mobilite/","high","Official source candidates found; policy still requires manual verification."
"auch","Alliance (Auch)","Occitanie","official-source-candidate","","","","","","unresolved","Official source candidates found; policy still requires manual verification."
"beaune","Côte&Bus (Beaune)","Bourgogne-Franche-Comté","confirmed","1 hour","connections and return travel permitted","included in unit ticket","onboard ticket","https://coteetbus.fr/fr/kBM-Ticket-Unite.html","high","Official source candidates found; policy still requires manual verification."
"cavaillon","Cmonbus (Cavaillon)","Provence-Alpes-Côte d'Azur","research-incomplete","","","","","","unresolved","No transfer policy has been verified. The official-source search is incomplete or produced no candidate page."
"chamonix","Chamonix Mobilités","Auvergne-Rhône-Alpes","research-incomplete","","","","","","unresolved","No transfer policy has been verified. The official-source search is incomplete or produced no candidate page."
"cherbourg","Cap Cotentin (Cherbourg)","Normandie","research-incomplete","","","","","","unresolved","No transfer policy has been verified. The official-source search is incomplete or produced no candidate page."
"coutances","Cosibus (Coutances)","Normandie","research-incomplete","","","","","","unresolved","No transfer policy has been verified. The official-source search is incomplete or produced no candidate page."
"dinan","Dinamo (Dinan)","Bretagne","research-incomplete","","","","","","unresolved","No transfer policy has been verified. The official-source search is incomplete or produced no candidate page."
"gap","Trotibus (Gap)","Provence-Alpes-Côte d'Azur","research-incomplete","","","","","","unresolved","No transfer policy has been verified. The official-source search is incomplete or produced no candidate page."
"guingamp","Guingamp-Paimpol Mobilité","Bretagne","research-incomplete","","","","","","unresolved","No transfer policy has been verified. The official-source search is incomplete or produced no candidate page."
"libourne","Calibus (Libourne)","Nouvelle-Aquitaine","research-incomplete","","","","","","unresolved","No transfer policy has been verified. The official-source search is incomplete or produced no candidate page."
"louviers","SEMO (Louviers)","Normandie","research-incomplete","","","","","","unresolved","No transfer policy has been verified. The official-source search is incomplete or produced no candidate page."
"montauban","TM (Montauban)","Occitanie","research-incomplete","","","","","","unresolved","No transfer policy has been verified. The official-source search is incomplete or produced no candidate page."
"moulins","Aléo (Moulins)","Auvergne-Rhône-Alpes","research-incomplete","","","","","","unresolved","No transfer policy has been verified. The official-source search is incomplete or produced no candidate page."
"oyonnax","Duobus (Oyonnax)","Auvergne-Rhône-Alpes","official-source-candidate","","","","","","unresolved","Official source candidates found; policy still requires manual verification."
"porto-vecchio","A Citadina (Porto-Vecchio)","Corse","official-source-candidate","","","","","","unresolved","Official source candidates found; policy still requires manual verification."
"privas","T'CAP (Privas)","Auvergne-Rhône-Alpes","research-incomplete","","","","","","unresolved","No transfer policy has been verified. The official-source search is incomplete or produced no candidate page."
"saint-quentin","TUC (Saint-Quentin)","Hauts-de-France","research-incomplete","","","","","","unresolved","No transfer policy has been verified. The official-source search is incomplete or produced no candidate page."
"selestat","ELSA (Sélestat)","Grand Est","official-source-candidate","","","","","","unresolved","Official source candidates found; policy still requires manual verification."
"vichy","MobiVie (Vichy)","Auvergne-Rhône-Alpes","research-incomplete","","","","","","unresolved","No transfer policy has been verified. The official-source search is incomplete or produced no candidate page."
"villeneuve-sur-lot","Elios (Villeneuve-sur-Lot)","Nouvelle-Aquitaine","research-incomplete","","","","","","unresolved","No transfer policy has been verified. The official-source search is incomplete or produced no candidate page."
"aix-les-bains","Aix-les-Bains","Auvergne-Rhône-Alpes","official-source-candidate","","","","","","unresolved","Official source candidates found; policy still requires manual verification."
"amberieu","Ambérieu","Auvergne-Rhône-Alpes","official-source-candidate","","","","","","unresolved","Official source candidates found; policy still requires manual verification."
"chalons","SITAC (Châlons)","Grand Est","research-incomplete","","","","","","unresolved","No transfer policy has been verified. The official-source search is incomplete or produced no candidate page."
"cosne","Cosne-Cours-sur-Loire","Bourgogne-Franche-Comté","research-incomplete","","","","","","unresolved","No transfer policy has been verified. The official-source search is incomplete or produced no candidate page."
"dole","Dole","Bourgogne-Franche-Comté","research-incomplete","","","","","","unresolved","No transfer policy has been verified. The official-source search is incomplete or produced no candidate page."
"draguignan","TedBus (Draguignan)","Provence-Alpes-Côte d'Azur","official-source-candidate","","","","","","unresolved","Official source candidates found; policy still requires manual verification."
"dreux","Dreux","Centre-Val de Loire","research-incomplete","","","","","","unresolved","No transfer policy has been verified. The official-source search is incomplete or produced no candidate page."
"fecamp","Fécamp","Normandie","research-incomplete","","","","","","unresolved","No transfer policy has been verified. The official-source search is incomplete or produced no candidate page."
"figeac","Figeac","Occitanie","research-incomplete","","","","","","unresolved","No transfer policy has been verified. The official-source search is incomplete or produced no candidate page."
"flers","Flers","Normandie","research-incomplete","","","","","","unresolved","No transfer policy has been verified. The official-source search is incomplete or produced no candidate page."
"haguenau","Haguenau","Grand Est","confirmed","1 hour","connections and return travel permitted","included in ticket","standard ticket","https://www.ritmo.fr/choisir-mon-titre","high","Official source candidates found; policy still requires manual verification."
"la-roche-sur-yon","Impulsyon (La Roche-sur-Yon)","Pays de la Loire","research-incomplete","","","","","","unresolved","No transfer policy has been verified. The official-source search is incomplete or produced no candidate page."
"lannion","TILT (Lannion)","Bretagne","research-incomplete","","","","","","unresolved","No transfer policy has been verified. The official-source search is incomplete or produced no candidate page."
"manosque","TransAgglo (Manosque)","Provence-Alpes-Côte d'Azur","official-source-candidate","","","","","","unresolved","Official source candidates found; policy still requires manual verification."
"mende","Mende","Occitanie","research-incomplete","","","","","","unresolved","No transfer policy has been verified. The official-source search is incomplete or produced no candidate page."
"narbonne","Citibus (Narbonne)","Occitanie","official-source-candidate","","","","","","unresolved","Official source candidates found; policy still requires manual verification."
"oloron","Oloron-Sainte-Marie","Nouvelle-Aquitaine","research-incomplete","","","","","","unresolved","No transfer policy has been verified. The official-source search is incomplete or produced no candidate page."
"pont-audemer","Pont-Audemer","Normandie","official-source-candidate","","","","","","unresolved","Official source candidates found; policy still requires manual verification."
"redon","Redon","Bretagne","official-source-candidate","","","","","","unresolved","Official source candidates found; policy still requires manual verification."
"rumilly","Rumilly","Auvergne-Rhône-Alpes","research-incomplete","","","","","","unresolved","No transfer policy has been verified. The official-source search is incomplete or produced no candidate page."
"sarlat","Sarlat","Nouvelle-Aquitaine","official-source-candidate","","","","","","unresolved","Official source candidates found; policy still requires manual verification."
"saumur","Saumur Agglobus","Pays de la Loire","official-source-candidate","","","","","","unresolved","Official source candidates found; policy still requires manual verification."
"sete","Sète","Occitanie","official-source-candidate","","","","","","unresolved","Official source candidates found; policy still requires manual verification."
"thiers","Thiers","Auvergne-Rhône-Alpes","research-incomplete","","","","","","unresolved","No transfer policy has been verified. The official-source search is incomplete or produced no candidate page."
"vendome","Vendôme","Centre-Val de Loire","official-source-candidate","","","","","","unresolved","Official source candidates found; policy still requires manual verification."
"vesoul","Vesoul","Bourgogne-Franche-Comté","research-incomplete","","","","","","unresolved","No transfer policy has been verified. The official-source search is incomplete or produced no candidate page."
"godurham","GoDurham","North Carolina","official-source-candidate","","","","","","unresolved","Official source candidates found; policy still requires manual verification."
"jacksonville-nc","Jacksonville Transit","North Carolina","official-source-candidate","","","","","","unresolved","Official source candidates found; policy still requires manual verification."
"fast-nc","Fayetteville Area System of Transit","North Carolina","research-incomplete","","","","","","unresolved","No transfer policy has been verified. The official-source search is incomplete or produced no candidate page."
"greenway","Greenway Public Transportation","North Carolina","official-source-candidate","","","","","","unresolved","Official source candidates found; policy still requires manual verification."
"concord-kannapolis","Rider Transit","North Carolina","research-incomplete","","","","","","unresolved","No transfer policy has been verified. The official-source search is incomplete or produced no candidate page."
"gaston-county","Gaston County Transit","North Carolina","research-incomplete","","","","","","unresolved","No transfer policy has been verified. The official-source search is incomplete or produced no candidate page."
"coast-rta","Coast RTA","South Carolina","confirmed","","none","not available","contactless fare","https://coastrta.com/contactless-fare-payment/","high","Official source candidates found; policy still requires manual verification."
"sunshine-bus","Sunshine Bus Company","Florida","official-source-candidate","","","","","","unresolved","Official source candidates found; policy still requires manual verification."
"key-west-transit","Key West Transit","Florida","research-incomplete","","","","","","unresolved","No transfer policy has been verified. The official-source search is incomplete or produced no candidate page."
"citylink-north","Kootenai County Citylink North","Idaho","research-incomplete","","","","","","unresolved","No transfer policy has been verified. The official-source search is incomplete or produced no candidate page."
"dcta","Denton County Transportation Authority (DCTA)","Texas","official-source-candidate","","","","","","unresolved","Official source candidates found; policy still requires manual verification."
"waco","Waco Transit System","Texas","research-incomplete","","","","","","unresolved","No transfer policy has been verified. The official-source search is incomplete or produced no candidate page."
"brazos","Brazos Transit District","Texas","official-source-candidate","","","","","","unresolved","Official source candidates found; policy still requires manual verification."
"lafayette-la","Lafayette Transit System","Louisiana","research-incomplete","","","","","","unresolved","No transfer policy has been verified. The official-source search is incomplete or produced no candidate page."
"coast-transit-ms","Coast Transit Authority","Mississippi","official-source-candidate","","","","","","unresolved","Official source candidates found; policy still requires manual verification."
"hub-city-transit","Hub City Transit","Mississippi","official-source-candidate","","","","","","unresolved","Official source candidates found; policy still requires manual verification."
"tank","Transit Authority of Northern Kentucky (TANK)","Kentucky","official-source-candidate","","","","","","unresolved","Official source candidates found; policy still requires manual verification."
"sandusky","Sandusky Transit System","Ohio","official-source-candidate","","","","","","unresolved","Official source candidates found; policy still requires manual verification."
"bay-metro","Bay Metro (Bay City)","Michigan","official-source-candidate","","","","","","unresolved","Official source candidates found; policy still requires manual verification."
"burlington-ia","Burlington Urban Service (BUS)","Iowa","research-incomplete","","","","","","unresolved","No transfer policy has been verified. The official-source search is incomplete or produced no candidate page."
"jefftran","Jefferson City Transit (JeffTran)","Missouri","official-source-candidate","","","","","","unresolved","Official source candidates found; policy still requires manual verification."
"muskegon","Muskegon Area Transit System","Michigan","official-source-candidate","","","","","","unresolved","Official source candidates found; policy still requires manual verification."
"telluride","Town of Telluride (Galloping Goose)","Colorado","official-source-candidate","","","","","","unresolved","Official source candidates found; policy still requires manual verification."
"mountain-village","Town of Mountain Village Transit","Colorado","official-source-candidate","","","","","","unresolved","Official source candidates found; policy still requires manual verification."
"smart-telluride","San Miguel Authority for Regional Transportation (SMART)","Colorado","research-incomplete","","","","","","unresolved","No transfer policy has been verified. The official-source search is incomplete or produced no candidate page."
"snowmass-village","Snowmass Village Shuttle","Colorado","official-source-candidate","","","","","","unresolved","Official source candidates found; policy still requires manual verification."
"winter-park","The Lift","Colorado","research-incomplete","","","","","","unresolved","No transfer policy has been verified. The official-source search is incomplete or produced no candidate page."
"roundabout","Clear Creek County Transit (RoundAbout)","Colorado","official-source-candidate","","","","","","unresolved","Official source candidates found; policy still requires manual verification."
"breck-free-ride","Breckenridge Free Ride","Colorado","research-incomplete","","","","","","unresolved","No transfer policy has been verified. The official-source search is incomplete or produced no candidate page."
"summit-stage","Summit Stage","Colorado","official-source-candidate","","","","","","unresolved","Official source candidates found; policy still requires manual verification."
"vail-transit","Vail Transit","Colorado","research-incomplete","","","","","","unresolved","No transfer policy has been verified. The official-source search is incomplete or produced no candidate page."
"avon-transit","Avon Transit","Colorado","official-source-candidate","","","","","","unresolved","Official source candidates found; policy still requires manual verification."
"timmins","Timmins Transit","Ontario","official-source-candidate","","","","","","unresolved","Official source candidates found; policy still requires manual verification."
"casper","Casper Area Transit","Wyoming","official-source-candidate","","","","","","unresolved","Official source candidates found; policy still requires manual verification."
