slug,agencyName,region,status,websiteUrl,candidateSourceCount,nextAction
"chatham-kent","Ride CK","Ontario","official-source-candidate","https://www.chatham-kent.ca/transit/Pages/default.aspx","7","Manually review the official candidate pages for transfer validity, limit, and cost."
"cornwall","Cornwall Transit","Ontario","research-incomplete","https://www.cornwall.ca/en/live-here/cornwall-transit.aspx","0","Find and review an official fare, transfer, rider-guide, or policy source; do not infer a policy from absence of evidence."
"drt","Durham Region Transit","Ontario","official-source-candidate","https://www.durhamregiontransit.com","7","Manually review the official candidate pages for transfer validity, limit, and cost."
"go","GO Transit","Ontario","official-source-candidate","https://www.gotransit.com","7","Manually review the official candidate pages for transfer validity, limit, and cost."
"grt","Grand River Transit (Waterloo Region)","Ontario","official-source-candidate","http://www.grt.ca","7","Manually review the official candidate pages for transfer validity, limit, and cost."
"guelph","Guelph Transit","Ontario","official-source-candidate","http://www.guelphtransit.ca","2","Manually review the official candidate pages for transfer validity, limit, and cost."
"hamilton","Hamilton Street Railway","Ontario","official-source-candidate","http://www.hamilton.ca/hsr","7","Manually review the official candidate pages for transfer validity, limit, and cost."
"miway","MiWay (Mississauga)","Ontario","official-source-candidate","http://www.miway.ca","7","Manually review the official candidate pages for transfer validity, limit, and cost."
"milton","Milton Transit","Ontario","official-source-candidate","http://www.miltontransit.ca/","3","Manually review the official candidate pages for transfer validity, limit, and cost."
"niagara","Niagara Transit","Ontario","official-source-candidate","https://nrtransit.ca/","7","Manually review the official candidate pages for transfer validity, limit, and cost."
"octranspo","OC Transpo (Ottawa)","Ontario","official-source-candidate","https://www.octranspo.com","7","Manually review the official candidate pages for transfer validity, limit, and cost."
"orangeville","Orangeville Transit","Ontario","official-source-candidate","https://www.orangeville.ca/en/living-here/schedules-and-map.aspx","4","Manually review the official candidate pages for transfer validity, limit, and cost."
"orillia","Orillia Transit","Ontario","official-source-candidate","https://www.orillia.ca/roads-and-environment/getting-around/transit/","4","Manually review the official candidate pages for transfer validity, limit, and cost."
"owen-sound","Owen Sound Transit","Ontario","official-source-candidate","https://www.owensound.ca/roads-transportation/public-transit/city-bus-service/","6","Manually review the official candidate pages for transfer validity, limit, and cost."
"north-bay","North Bay Transit","Ontario","official-source-candidate","https://northbay.ca/services-payments/north-bay-transit/","2","Manually review the official candidate pages for transfer validity, limit, and cost."
"sarnia","Sarnia Transit","Ontario","research-incomplete","http://www.city.sarnia.on.ca/living-here/getting-around/sarnia-transit","0","Find and review an official fare, transfer, rider-guide, or policy source; do not infer a policy from absence of evidence."
"simcoe","Simcoe County LINX","Ontario","official-source-candidate","https://www.simcoe.ca/dpt/linx","2","Manually review the official candidate pages for transfer validity, limit, and cost."
"st-thomas","St. Thomas Transit","Ontario","research-incomplete","https://www.stthomas.ca/en/live-here/transit.aspx","0","Find and review an official fare, transfer, rider-guide, or policy source; do not infer a policy from absence of evidence."
"stratford","Stratford Transit","Ontario","research-incomplete","https://www.stratford.ca/en/live-here/transit.aspx","0","Find and review an official fare, transfer, rider-guide, or policy source; do not infer a policy from absence of evidence."
"ttc","Toronto Transit Commission","Ontario","official-source-candidate","https://www.ttc.ca","3","Manually review the official candidate pages for transfer validity, limit, and cost."
"upexpress","UP Express (Toronto)","Ontario","official-source-candidate","https://www.upexpress.com","6","Manually review the official candidate pages for transfer validity, limit, and cost."
"linter","L'Inter des Laurentides","Quebec","official-source-candidate","https://www.transportlaurentides.ca/","3","Manually review the official candidate pages for transfer validity, limit, and cost."
"mont-tremblant","Mont-Tremblant","Quebec","research-incomplete","https://www.villedemont-tremblant.qc.ca","0","Find and review an official fare, transfer, rider-guide, or policy source; do not infer a policy from absence of evidence."
"rem","REM (Montréal)","Quebec","official-source-candidate","https://rem.info/fr","2","Manually review the official candidate pages for transfer validity, limit, and cost."
"rtc","RTC (Québec)","Quebec","official-source-candidate","https://www.rtcquebec.ca","7","Manually review the official candidate pages for transfer validity, limit, and cost."
"rtl","RTL (Longueuil)","Quebec","official-source-candidate","http://www.rtl-longueuil.qc.ca","7","Manually review the official candidate pages for transfer validity, limit, and cost."
"stl","STL (Laval)","Quebec","official-source-candidate","https://stlaval.ca","4","Manually review the official candidate pages for transfer validity, limit, and cost."
"stlevis","STLévis","Quebec","official-source-candidate","http://www.stlevis.ca/","7","Manually review the official candidate pages for transfer validity, limit, and cost."
"stm","STM (Montréal)","Quebec","official-source-candidate","https://www.stm.info","6","Manually review the official candidate pages for transfer validity, limit, and cost."
"sto","STO (Gatineau)","Quebec","official-source-candidate","http://www.sto.ca","7","Manually review the official candidate pages for transfer validity, limit, and cost."
"sjsr","Saint-Jean-sur-Richelieu","Quebec","official-source-candidate","http://www.sjsr.ca/autobus","4","Manually review the official candidate pages for transfer validity, limit, and cost."
"saint-hyacinthe","Ville de Saint-Hyacinthe","Quebec","official-source-candidate","https://www.st-hyacinthe.ca/services-aux-citoyens/transport-collectif","2","Manually review the official candidate pages for transfer validity, limit, and cost."
"exo","exo (Trains)","Quebec","official-source-candidate","https://exo.quebec/fr/planifier-trajet/train","7","Manually review the official candidate pages for transfer validity, limit, and cost."
"exo-presquile","exo (La Presqu'île)","Quebec","official-source-candidate","https://exo.quebec/fr/planifier-trajet/autobus/CITPI","7","Manually review the official candidate pages for transfer validity, limit, and cost."
"exo-sudouest","exo (Sud-Ouest)","Quebec","official-source-candidate","https://exo.quebec/fr/planifier-trajet/autobus/CITSO","7","Manually review the official candidate pages for transfer validity, limit, and cost."
"exo-lrrs","exo (Le Richelain–Roussillon)","Quebec","official-source-candidate","https://exo.quebec/fr/planifier-trajet/autobus/LRRS","7","Manually review the official candidate pages for transfer validity, limit, and cost."
"exo-laurentides","exo (Laurentides)","Quebec","official-source-candidate","https://exo.quebec/fr/planifier-trajet/autobus/CITLA","7","Manually review the official candidate pages for transfer validity, limit, and cost."
"exo-terrebonne","exo (Terrebonne-Mascouche)","Quebec","official-source-candidate","https://exo.quebec/fr/planifier-trajet/autobus/MRCLM","7","Manually review the official candidate pages for transfer validity, limit, and cost."
"exo-vallee-richelieu","exo (Vallée du Richelieu)","Quebec","official-source-candidate","https://exo.quebec/fr/planifier-trajet/autobus/CITVR","7","Manually review the official candidate pages for transfer validity, limit, and cost."
"bc-fraser-valley","BC Transit (Fraser Valley)","British Columbia","official-source-candidate","https://www.bctransit.com/","1","Manually review the official candidate pages for transfer validity, limit, and cost."
"kelowna","BC Transit (Kelowna)","British Columbia","official-source-candidate","https://www.bctransit.com/","1","Manually review the official candidate pages for transfer validity, limit, and cost."
"victoria","BC Transit (Victoria)","British Columbia","official-source-candidate","https://www.bctransit.com/","1","Manually review the official candidate pages for transfer validity, limit, and cost."
"translink","TransLink (Vancouver)","British Columbia","official-source-candidate","https://www.translink.ca","7","Manually review the official candidate pages for transfer validity, limit, and cost."
"edmonton","Edmonton Transit Service (ETS)","Alberta","research-incomplete","http://www.takeets.com","0","Find and review an official fare, transfer, rider-guide, or policy source; do not infer a policy from absence of evidence."
"winnipeg","Winnipeg Transit","Manitoba","research-incomplete","https://winnipegtransit.com","0","Find and review an official fare, transfer, rider-guide, or policy source; do not infer a policy from absence of evidence."
"regina","Regina Transit","Saskatchewan","research-incomplete","http://www.regina.ca","0","Find and review an official fare, transfer, rider-guide, or policy source; do not infer a policy from absence of evidence."
"saskatoon","Saskatoon Transit","Saskatchewan","official-source-candidate","http://transit.saskatoon.ca","7","Manually review the official candidate pages for transfer validity, limit, and cost."
"halifax","Halifax Transit","Nova Scotia","official-source-candidate","http://www.halifax.ca/transit","7","Manually review the official candidate pages for transfer validity, limit, and cost."
"codiac","Codiac Transpo (Moncton)","New Brunswick","official-source-candidate","https://www.codiactranspo.ca/","3","Manually review the official candidate pages for transfer validity, limit, and cost."
"fredericton","Fredericton Transit","New Brunswick","official-source-candidate","https://www.fredericton.ca/en/transit","4","Manually review the official candidate pages for transfer validity, limit, and cost."
"saint-john","Saint John Transit","New Brunswick","official-source-candidate","https://saintjohn.ca/en/transit","5","Manually review the official candidate pages for transfer validity, limit, and cost."
"t3-transit","T3 Transit (PEI)","Prince Edward Island","official-source-candidate","https://t3transit.ca/","2","Manually review the official candidate pages for transfer validity, limit, and cost."
"metrobus","Metrobus (St. John's)","Newfoundland","official-source-candidate","https://www.metrobus.com","2","Manually review the official candidate pages for transfer validity, limit, and cost."
"nfta","NFTA (Buffalo)","New York","research-incomplete","http://www.nfta.com/","0","Find and review an official fare, transfer, rider-guide, or policy source; do not infer a policy from absence of evidence."
"port-huron","Blue Water Area Transit (Port Huron)","Michigan","official-source-candidate","https://bwbus.com","6","Manually review the official candidate pages for transfer validity, limit, and cost."
"detroit-people-mover","Detroit People Mover","Michigan","official-source-candidate","http://www.thepeoplemover.com","1","Manually review the official candidate pages for transfer validity, limit, and cost."
"qline","QLine (Detroit)","Michigan","official-source-candidate","https://qlinedetroit.com/","2","Manually review the official candidate pages for transfer validity, limit, and cost."
"smart","SMART (Detroit suburbs)","Michigan","official-source-candidate","https://smartbus.org","6","Manually review the official candidate pages for transfer validity, limit, and cost."
"theride","TheRide (Ann Arbor)","Michigan","official-source-candidate","http://www.theride.org","7","Manually review the official candidate pages for transfer validity, limit, and cost."
"gcrta","GCRTA (Cleveland)","Ohio","official-source-candidate","https://www.riderta.com","5","Manually review the official candidate pages for transfer validity, limit, and cost."
"butler-county-rta","Butler County Regional Transit Authority","Ohio","official-source-candidate","https://www.butlercountyrta.com/","4","Manually review the official candidate pages for transfer validity, limit, and cost."
"seat","South East Area Transit","Ohio","official-source-candidate","https://www.seatbus.org/","2","Manually review the official candidate pages for transfer validity, limit, and cost."
"richland-county-oh","Richland County Transit","Ohio","official-source-candidate","https://rctbuses.com/","2","Manually review the official candidate pages for transfer validity, limit, and cost."
"tarta","TARTA (Toledo)","Ohio","official-source-candidate","https://tarta.com","7","Manually review the official candidate pages for transfer validity, limit, and cost."
"rgrta","Rochester-Genesee Regional Transportation Authority","New York","official-source-candidate","https://www.myRTS.com","3","Manually review the official candidate pages for transfer validity, limit, and cost."
"cdta","Capital District Transportation Authority","New York","research-incomplete","http://www.cdta.org","0","Find and review an official fare, transfer, rider-guide, or policy source; do not infer a policy from absence of evidence."
"centro","Centro (Syracuse)","New York","research-incomplete","http://www.centro.org","0","Find and review an official fare, transfer, rider-guide, or policy source; do not infer a policy from absence of evidence."
"tcat","Tompkins Consolidated Area Transit","New York","official-source-candidate","http://www.tcatbus.com/","1","Manually review the official candidate pages for transfer validity, limit, and cost."
"broome","Broome County Transit","New York","official-source-candidate","https://gobroomecounty.com/transit","5","Manually review the official candidate pages for transfer validity, limit, and cost."
"emta","Erie Metropolitan Transit Authority","Pennsylvania","official-source-candidate","http://www.ride-the-e.com/","3","Manually review the official candidate pages for transfer validity, limit, and cost."
"akron","Akron Metro Regional Transit Authority","Ohio","official-source-candidate","https://www.yourmetrobus.org/","4","Manually review the official candidate pages for transfer validity, limit, and cost."
"sarta","Stark Area Regional Transit Authority","Ohio","official-source-candidate","http://www.sartaonline.com","7","Manually review the official candidate pages for transfer validity, limit, and cost."
"laketran","Laketran (Lake County, OH)","Ohio","official-source-candidate","https://laketran.com/","6","Manually review the official candidate pages for transfer validity, limit, and cost."
"mta-flint","Mass Transportation Authority (Flint)","Michigan","official-source-candidate","https://www.mtaflint.org/","6","Manually review the official candidate pages for transfer validity, limit, and cost."
"cata-lansing","Capital Area Transportation Authority","Michigan","official-source-candidate","https://www.cata.org","7","Manually review the official candidate pages for transfer validity, limit, and cost."
"the-rapid","The Rapid (Grand Rapids)","Michigan","official-source-candidate","http://www.ridetherapid.org","7","Manually review the official candidate pages for transfer validity, limit, and cost."
"mbta","Massachusetts Bay Transportation Authority","Massachusetts","official-source-candidate","http://www.capecodrta.org/","4","Manually review the official candidate pages for transfer validity, limit, and cost."
"pvta","Pioneer Valley Transit Authority","Massachusetts","official-source-candidate","https://www.pvta.com","6","Manually review the official candidate pages for transfer validity, limit, and cost."
"wrta","Worcester Regional Transit Authority","Massachusetts","official-source-candidate","https://therta.com/","4","Manually review the official candidate pages for transfer validity, limit, and cost."
"cttransit","CTtransit","Connecticut","research-incomplete","","0","Find and review an official fare, transfer, rider-guide, or policy source; do not infer a policy from absence of evidence."
"red-deer","Red Deer Transit","Alberta","official-source-candidate","http://www.reddeer.ca/city-services/transit/","3","Manually review the official candidate pages for transfer validity, limit, and cost."
"lethbridge","Lethbridge Transit","Alberta","official-source-candidate","https://LethbridgeTransit.ca","2","Manually review the official candidate pages for transfer validity, limit, and cost."
"moose-jaw","Moose Jaw Transit","Saskatchewan","research-incomplete","https://moosejaw.ca","0","Find and review an official fare, transfer, rider-guide, or policy source; do not infer a policy from absence of evidence."
"prince-albert","Prince Albert Transit","Saskatchewan","official-source-candidate","http://www.citypa.ca/transit","3","Manually review the official candidate pages for transfer validity, limit, and cost."
"kamloops","BC Transit (Kamloops)","British Columbia","official-source-candidate","https://www.bctransit.com/","1","Manually review the official candidate pages for transfer validity, limit, and cost."
"south-okanagan","BC Transit (South Okanagan-Similkameen)","British Columbia","official-source-candidate","https://www.bctransit.com/","1","Manually review the official candidate pages for transfer validity, limit, and cost."
"nanaimo","BC Transit (Nanaimo)","British Columbia","official-source-candidate","https://www.bctransit.com/","1","Manually review the official candidate pages for transfer validity, limit, and cost."
"cowichan","BC Transit (Cowichan Valley)","British Columbia","official-source-candidate","https://www.bctransit.com/","1","Manually review the official candidate pages for transfer validity, limit, and cost."
"comox-valley","BC Transit (Comox Valley)","British Columbia","official-source-candidate","https://www.bctransit.com/","1","Manually review the official candidate pages for transfer validity, limit, and cost."
"campbell-river","BC Transit (Campbell River)","British Columbia","official-source-candidate","https://www.bctransit.com/","1","Manually review the official candidate pages for transfer validity, limit, and cost."
"squamish","BC Transit (Squamish)","British Columbia","official-source-candidate","https://www.bctransit.com/","1","Manually review the official candidate pages for transfer validity, limit, and cost."
"pemberton","BC Transit (Pemberton Valley)","British Columbia","official-source-candidate","https://www.bctransit.com/","1","Manually review the official candidate pages for transfer validity, limit, and cost."
"whistler","BC Transit (Whistler)","British Columbia","official-source-candidate","https://www.bctransit.com/","1","Manually review the official candidate pages for transfer validity, limit, and cost."
"kingcountymetro","King County Metro (Seattle)","Washington","official-source-candidate","https://kingcounty.gov/en/dept/metro","7","Manually review the official candidate pages for transfer validity, limit, and cost."
"soundtransit","Sound Transit (Seattle)","Washington","official-source-candidate","https://www.soundtransit.org","2","Manually review the official candidate pages for transfer validity, limit, and cost."
"piercetransit","Pierce Transit","Washington","official-source-candidate","https://www.piercetransit.org","6","Manually review the official candidate pages for transfer validity, limit, and cost."
"communitytransit","Community Transit (Everett)","Washington","official-source-candidate","https://www.communitytransit.org/","2","Manually review the official candidate pages for transfer validity, limit, and cost."
"everetttransit","Everett Transit","Washington","official-source-candidate","http://www.everetttransit.org/","2","Manually review the official candidate pages for transfer validity, limit, and cost."
"kitsaptransit","Kitsap Transit","Washington","official-source-candidate","http://www.kitsaptransit.com","6","Manually review the official candidate pages for transfer validity, limit, and cost."
"intercitytransit","Intercity Transit (Olympia)","Washington","official-source-candidate","https://www.intercitytransit.com/","5","Manually review the official candidate pages for transfer validity, limit, and cost."
"skagittransit","Skagit Transit","Washington","official-source-candidate","https://www.skagittransit.org","7","Manually review the official candidate pages for transfer validity, limit, and cost."
"whatcomtransit","Whatcom Transportation Authority","Washington","official-source-candidate","https://www.ridewta.com/","2","Manually review the official candidate pages for transfer validity, limit, and cost."
"islandtransit","Island Transit (Whidbey Island)","Washington","official-source-candidate","https://www.islandtransit.org/","2","Manually review the official candidate pages for transfer validity, limit, and cost."
"jeffersontransit","Jefferson Transit","Washington","research-incomplete","https://jeffersontransit.com/","0","Find and review an official fare, transfer, rider-guide, or policy source; do not infer a policy from absence of evidence."
"clallamtransit","Clallam Transit System","Washington","official-source-candidate","https://www.clallamtransit.com/","5","Manually review the official candidate pages for transfer validity, limit, and cost."
"portlandme","Greater Portland Metro","Maine","official-source-candidate","https://www.gpmetro.org","7","Manually review the official candidate pages for transfer validity, limit, and cost."
"southportlandme","South Portland Bus Service","Maine","research-incomplete","http://www.southportland.org/departments/bus-transportation/","0","Find and review an official fare, transfer, rider-guide, or policy source; do not infer a policy from absence of evidence."
"hocts","HOCTS (Utica-Rome)","New York","official-source-candidate","https://www.ocgov.net/oneida/planning/hocts","2","Manually review the official candidate pages for transfer validity, limit, and cost."
"glensfallstransit","Greater Glens Falls Transit","New York","research-incomplete","https://gftransit.org/","0","Find and review an official fare, transfer, rider-guide, or policy source; do not infer a policy from absence of evidence."
"watertowncitibus","Watertown Citibus","New York","official-source-candidate","http://passiotech.com/","7","Manually review the official candidate pages for transfer validity, limit, and cost."
"hudsonlink","Hudson Link","New York","official-source-candidate","https://www.ridehudsonlink.com/Tools/Maps-and-Schedules","3","Manually review the official candidate pages for transfer validity, limit, and cost."
"wsf","Washington State Ferries","Washington","official-source-candidate","https://www.wsdot.wa.gov/ferries/","7","Manually review the official candidate pages for transfer validity, limit, and cost."
"bc-ferries","BC Ferries","British Columbia","official-source-candidate","https://www.bcferries.com/","7","Manually review the official candidate pages for transfer validity, limit, and cost."
"pierce-county-ferries","Pierce County Ferries","Washington","official-source-candidate","https://www.piercecountywa.gov/ferry","4","Manually review the official candidate pages for transfer validity, limit, and cost."
"sherbrooke","Société de transport de Sherbrooke","Quebec","official-source-candidate","http://www.sts.qc.ca/","7","Manually review the official candidate pages for transfer validity, limit, and cost."
"ctran","C-TRAN (Vancouver, WA)","Washington","research-incomplete","http://www.C-TRAN.com","0","Find and review an official fare, transfer, rider-guide, or policy source; do not infer a policy from absence of evidence."
"spokane","Spokane Transit Authority","Washington","official-source-candidate","http://www.spokanetransit.com","1","Manually review the official candidate pages for transfer validity, limit, and cost."
"eugene-ltd","Lane Transit District","Oregon","official-source-candidate","http://www.ltd.org","7","Manually review the official candidate pages for transfer validity, limit, and cost."
"cherriots","Cherriots (Salem, OR)","Oregon","official-source-candidate","https://www.cherriots.org/","7","Manually review the official candidate pages for transfer validity, limit, and cost."
"corvallis","Corvallis Transit System","Oregon","research-incomplete","https://www.corvallisoregon.gov/cts","0","Find and review an official fare, transfer, rider-guide, or policy source; do not infer a policy from absence of evidence."
"grovelink","Ride Connection (GroveLink)","Oregon","research-incomplete","https://rideconnection.org/ride/","0","Find and review an official fare, transfer, rider-guide, or policy source; do not infer a policy from absence of evidence."
"rivercities","RiverCities Transit","Washington","official-source-candidate","http://rctransit.org","5","Manually review the official candidate pages for transfer validity, limit, and cost."
"tillamook","Tillamook County Transportation District","Oregon","official-source-candidate","https://nwconnector.org/agencies/tillamook-county-transportation-district/","2","Manually review the official candidate pages for transfer validity, limit, and cost."
"columbia-area-transit","Columbia Area Transit","Oregon","official-source-candidate","https://www.ridecatbus.org","7","Manually review the official candidate pages for transfer validity, limit, and cost."
"mats","Mount Adams Transportation Service","Washington","official-source-candidate","https://www.klickitatcounty.org/363/Mount-Adams-Transportation-Service-MATS","2","Manually review the official candidate pages for transfer validity, limit, and cost."
"setd","Sunset Empire Transportation District","Oregon","official-source-candidate","https://nwconnector.org/agencies/sunset-empire-transportation-district/","2","Manually review the official candidate pages for transfer validity, limit, and cost."
"sfmta","San Francisco Municipal Transportation Agency (SFMTA - Muni)","California","official-source-candidate","http://www.sfmta.com","3","Manually review the official candidate pages for transfer validity, limit, and cost."
"bart","Bay Area Rapid Transit (BART)","California","official-source-candidate","https://www.bart.gov/","7","Manually review the official candidate pages for transfer validity, limit, and cost."
"caltrain","Caltrain","California","official-source-candidate","http://www.caltrain.com","7","Manually review the official candidate pages for transfer validity, limit, and cost."
"actransit","Alameda-Contra Costa Transit District (AC Transit)","California","official-source-candidate","http://www.actransit.org","6","Manually review the official candidate pages for transfer validity, limit, and cost."
"vta","Santa Clara Valley Transportation Authority (VTA)","California","official-source-candidate","https://www.vta.org","2","Manually review the official candidate pages for transfer validity, limit, and cost."
"samtrans","San Mateo County Transit District (samTrans)","California","official-source-candidate","http://www.samtrans.com","6","Manually review the official candidate pages for transfer validity, limit, and cost."
"goldengate","Golden Gate Transit","California","official-source-candidate","http://www.goldengate.org","6","Manually review the official candidate pages for transfer validity, limit, and cost."
"weta","San Francisco Bay Area Water Emergency Transportation Authority (WETA)","California","official-source-candidate","https://sanfranciscobayferry.com/","5","Manually review the official candidate pages for transfer validity, limit, and cost."
"countyconnection","County Connection (CCCTA)","California","official-source-candidate","http://www.countyconnection.com/","7","Manually review the official candidate pages for transfer validity, limit, and cost."
"westcat","WestCAT (Pinole)","California","official-source-candidate","http://www.westcat.org/","6","Manually review the official candidate pages for transfer validity, limit, and cost."
"soltrans","SolTrans (Vallejo)","California","official-source-candidate","https://soltrans.org/","5","Manually review the official candidate pages for transfer validity, limit, and cost."
"marintransit","Marin Transit","California","official-source-candidate","https://marintransit.gov","5","Manually review the official candidate pages for transfer validity, limit, and cost."
"smart-ca","Sonoma-Marin Area Rail Transit (SMART)","California","official-source-candidate","http://www.SonomaMarinTrain.org","7","Manually review the official candidate pages for transfer validity, limit, and cost."
"sonoma-county","Sonoma County Transit (SCT)","California","official-source-candidate","http://www.sctransit.com/?referrer=gtfs","7","Manually review the official candidate pages for transfer validity, limit, and cost."
"vine","VINE Transit (Napa)","California","official-source-candidate","https://vinetransit.com/","2","Manually review the official candidate pages for transfer validity, limit, and cost."
"emerygoround","Emery Go-Round","California","official-source-candidate","https://emerygoround.com/","1","Manually review the official candidate pages for transfer validity, limit, and cost."
"stanford","Stanford Marguerite Shuttle (SMS)","California","official-source-candidate","https://transportation.stanford.edu/marguerite","7","Manually review the official candidate pages for transfer validity, limit, and cost."
"tridelta","Tri Delta Transit (Antioch)","California","official-source-candidate","http://trideltatransit.com","7","Manually review the official candidate pages for transfer validity, limit, and cost."
"lavta","Livermore Amador Valley Transit Authority","California","official-source-candidate","https://wheelsbus.com/","5","Manually review the official candidate pages for transfer validity, limit, and cost."
"unioncity","Union City Transit","California","official-source-candidate","http://www.uctransit.org","4","Manually review the official candidate pages for transfer validity, limit, and cost."
"westberkeley","West Berkeley Shuttle","California","official-source-candidate","http://westberkeleyshuttle.net/","1","Manually review the official candidate pages for transfer validity, limit, and cost."
"petaluma","Petaluma Transit","California","research-incomplete","http://cityofpetaluma.net/pubworks/transit-sub.html","0","Find and review an official fare, transfer, rider-guide, or policy source; do not infer a policy from absence of evidence."
"santarosa","Santa Rosa CityBus","California","official-source-candidate","https://srcitybus.org/","7","Manually review the official candidate pages for transfer validity, limit, and cost."
"fast-ca","Fairfield and Suisun Transit (FAST Transit)","California","official-source-candidate","http://www.fasttransit.org/","7","Manually review the official candidate pages for transfer validity, limit, and cost."
"vacaville","City Coach (Vacaville)","California","research-incomplete","https://citycoach.com/","0","Find and review an official fare, transfer, rider-guide, or policy source; do not infer a policy from absence of evidence."
"riovista","Rio Vista Delta Breeze","California","official-source-candidate","https://www.riovistacity.com/deltabreeze/page/delta-breeze-transit-schedule","3","Manually review the official candidate pages for transfer validity, limit, and cost."
"ace","Altamont Corridor Express","California","research-incomplete","https://acerail.com/","0","Find and review an official fare, transfer, rider-guide, or policy source; do not infer a policy from absence of evidence."
"rvtd","Rogue Valley Transportation District (RVTD)","Oregon","official-source-candidate","http://www.rvtd.org","6","Manually review the official candidate pages for transfer validity, limit, and cost."
"bts-or","Basin Transit Service (BTS)","Oregon","official-source-candidate","http://www.basintransit.com/","3","Manually review the official candidate pages for transfer validity, limit, and cost."
"rct","Redwood Coast Transit (RCT)","California","official-source-candidate","http://www.redwoodcoasttransit.org/","2","Manually review the official candidate pages for transfer validity, limit, and cost."
"humboldt","Humboldt Transit Authority","California","official-source-candidate","https://hta.org/agencies/redwood-transit-system/?referrer=gtfs","3","Manually review the official candidate pages for transfer validity, limit, and cost."
"mendocino","Mendocino Transit Authority","California","research-incomplete","https://mendocinotransit.org/","0","Find and review an official fare, transfer, rider-guide, or policy source; do not infer a policy from absence of evidence."
"siskiyou","Siskiyou County","California","research-incomplete","https://www.co.siskiyou.ca.us/generalservices/page/stage-siskiyou-transit-and-general-express","0","Find and review an official fare, transfer, rider-guide, or policy source; do not infer a policy from absence of evidence."
"trinity","Trinity Transit","California","official-source-candidate","https://www.trinitycounty.org/612/Trinity-Transit","5","Manually review the official candidate pages for transfer validity, limit, and cost."
"lassen","Lassen Rural Bus (LRB)","California","official-source-candidate","https://www.lassentransportation.com/","2","Manually review the official candidate pages for transfer validity, limit, and cost."
"sacrt","Sacramento Regional Transit (SacRT)","California","official-source-candidate","http://www.sacrt.com","7","Manually review the official candidate pages for transfer validity, limit, and cost."
"yolobus","Yolo County Transportation District (Yolobus)","California","official-source-candidate","http://avl.yctd.org/","1","Manually review the official candidate pages for transfer validity, limit, and cost."
"unitrans","Unitrans (Davis)","California","official-source-candidate","http://unitrans.ucdavis.edu","1","Manually review the official candidate pages for transfer validity, limit, and cost."
"roseville","Roseville Transit","California","official-source-candidate","http://www.roseville.ca.us/transit","3","Manually review the official candidate pages for transfer validity, limit, and cost."
"smart-or","South Metro Area Regional Transit (SMART)","Oregon","research-incomplete","https://www.ridesmart.com/","0","Find and review an official fare, transfer, rider-guide, or policy source; do not infer a policy from absence of evidence."
"sam","Sandy Area Metro (SAM)","Oregon","official-source-candidate","http://www.mthoodexpress.com/","4","Manually review the official candidate pages for transfer validity, limit, and cost."
"cat-or","Canby Area Transit (CAT)","Oregon","research-incomplete","https://www.canbyoregon.gov/area-transit","0","Find and review an official fare, transfer, rider-guide, or policy source; do not infer a policy from absence of evidence."
"yamhill","Yamhill County Transit Area","Oregon","research-incomplete","http://ycta.connexionz.net/rtt/public/","0","Find and review an official fare, transfer, rider-guide, or policy source; do not infer a policy from absence of evidence."
"lacmta","Los Angeles County Metropolitan Transportation Authority (LA Metro)","California","official-source-candidate","https://www.metro.net","7","Manually review the official candidate pages for transfer validity, limit, and cost."
"metrolink","Metrolink","California","official-source-candidate","http://www.metrolinktrains.com","7","Manually review the official candidate pages for transfer validity, limit, and cost."
"torrance-transit","Torrance Transit","","research-incomplete","http://Transit.TorranceCA.gov","0","Find and review an official fare, transfer, rider-guide, or policy source; do not infer a policy from absence of evidence."
"beach-cities-transit","Beach Cities Transit (South Bay, CA)","","official-source-candidate","https://www.redondo.org/departments/community_services/transit/bus_schedules/index.php","2","Manually review the official candidate pages for transfer validity, limit, and cost."
"carson-circuit","Carson Circuit","","official-source-candidate","https://ci.carson.ca.us/CommunityServices/Transportation.aspx","1","Manually review the official candidate pages for transfer validity, limit, and cost."
"gold-coast","Gold Coast Transit District (Oxnard)","","research-incomplete","http://www.goldcoasttransit.org","0","Find and review an official fare, transfer, rider-guide, or policy source; do not infer a policy from absence of evidence."
"bigbluebus","Big Blue Bus (Santa Monica)","California","research-incomplete","http://www.bigbluebus.com","0","Find and review an official fare, transfer, rider-guide, or policy source; do not infer a policy from absence of evidence."
"longbeach","Long Beach Transit","California","official-source-candidate","https://www.ridelbt.com","4","Manually review the official candidate pages for transfer validity, limit, and cost."
"octa","Orange County Transportation Authority (OCTA)","California","official-source-candidate","http://www.octa.net/Bus-Transit/Overview","6","Manually review the official candidate pages for transfer validity, limit, and cost."
"foothill","Foothill Transit","California","official-source-candidate","https://www.foothilltransit.org","7","Manually review the official candidate pages for transfer validity, limit, and cost."
"avta","Antelope Valley Transit Authority (AVTA)","California","official-source-candidate","http://www.avta.com","7","Manually review the official candidate pages for transfer validity, limit, and cost."
"nctd","North County Transit District (NCTD)","California","official-source-candidate","http://www.gonctd.com","7","Manually review the official candidate pages for transfer validity, limit, and cost."
"riverside","Riverside Transit Agency","California","research-incomplete","http://www.riversidetransit.com","0","Find and review an official fare, transfer, rider-guide, or policy source; do not infer a policy from absence of evidence."
"omnitrans","OmniTrans (San Bernardino)","California","official-source-candidate","https://omnitrans.org","6","Manually review the official candidate pages for transfer validity, limit, and cost."
"get","Golden Empire Transit District (GET)","California","official-source-candidate","http://www.getbus.org/","3","Manually review the official candidate pages for transfer validity, limit, and cost."
"sjrtd","San Joaquin RTD","California","official-source-candidate","http://sanjoaquinrtd.com","3","Manually review the official candidate pages for transfer validity, limit, and cost."
"merced","Merced County Transit (The Bus)","California","official-source-candidate","https://www.mercedthebus.com/","5","Manually review the official candidate pages for transfer validity, limit, and cost."
"start","Stanislaus Regional Transit (StaRT)","California","official-source-candidate","http://www.stanrta.org","3","Manually review the official candidate pages for transfer validity, limit, and cost."
"mst","Monterey-Salinas Transit (MST)","California","research-incomplete","http://www.mst.org","0","Find and review an official fare, transfer, rider-guide, or policy source; do not infer a policy from absence of evidence."
"sbmtd","Santa Barbara Metropolitan Transit District (MTD)","California","official-source-candidate","https://sbmtd.gov","3","Manually review the official candidate pages for transfer validity, limit, and cost."
"slotransit","City of San Luis Obispo Transit","California","research-incomplete","https://www.slocity.org/government/department-directory/public-works/slo-transit-bus","0","Find and review an official fare, transfer, rider-guide, or policy source; do not infer a policy from absence of evidence."
"slorta","San Luis Obispo Regional Transit Authority (SLORTA)","California","official-source-candidate","https://www.slorta.org/","7","Manually review the official candidate pages for transfer validity, limit, and cost."
"sunline","SunLine Transit Agency (Coachella Valley)","California","official-source-candidate","https://www.sunline.org/","7","Manually review the official candidate pages for transfer validity, limit, and cost."
"rtcsnv","Regional Transportation Commission of Southern Nevada (RTC)","Nevada","research-incomplete","http://www.rtcsnv.com","0","Find and review an official fare, transfer, rider-guide, or policy source; do not infer a policy from absence of evidence."
"rtcwashoe","Regional Transportation Commission of Washoe County (RTC Washoe)","Nevada","official-source-candidate","http://www.rtcwashoe.com","6","Manually review the official candidate pages for transfer validity, limit, and cost."
"smat","Santa Maria Area Transit","California","research-incomplete","https://smrt.tripshot.com/","0","Find and review an official fare, transfer, rider-guide, or policy source; do not infer a policy from absence of evidence."
"valleymetro","Valley Metro (Phoenix)","Arizona","research-incomplete","https://www.valleymetro.org/","0","Find and review an official fare, transfer, rider-guide, or policy source; do not infer a policy from absence of evidence."
"mountainline","Mountain Line (Flagstaff)","Arizona","official-source-candidate","https://www.mountainline.az.gov/","4","Manually review the official candidate pages for transfer validity, limit, and cost."
"mountainmetro","Mountain Metropolitan Transit (Colorado Springs)","Colorado","research-incomplete","http://www.mmtransit.com","0","Find and review an official fare, transfer, rider-guide, or policy source; do not infer a policy from absence of evidence."
"rtd-denver","Regional Transportation District (RTD Denver)","Colorado","official-source-candidate","https://www.rtd-denver.com","3","Manually review the official candidate pages for transfer validity, limit, and cost."
"bustang","Bustang (CDOT)","Colorado","research-incomplete","https://www.ridebustang.com/","0","Find and review an official fare, transfer, rider-guide, or policy source; do not infer a policy from absence of evidence."
"abqride","ABQ RIDE (Albuquerque)","New Mexico","official-source-candidate","https://abqride.com","1","Manually review the official candidate pages for transfer validity, limit, and cost."
"santafetrails","Santa Fe Trails","New Mexico","official-source-candidate","https://www.santafenm.gov/transit","3","Manually review the official candidate pages for transfer validity, limit, and cost."
"capmetro","Capital Metro (Austin)","Texas","official-source-candidate","http://www.capmetro.org","7","Manually review the official candidate pages for transfer validity, limit, and cost."
"dart","Dallas Area Rapid Transit (DART)","Texas","official-source-candidate","https://www.dart.org","6","Manually review the official candidate pages for transfer validity, limit, and cost."
"trinitymetro","Trinity Metro (Fort Worth)","Texas","official-source-candidate","https://ridetrinitymetro.org","5","Manually review the official candidate pages for transfer validity, limit, and cost."
"metrohouston","METRO Houston","Texas","official-source-candidate","http://www.ridemetro.org","5","Manually review the official candidate pages for transfer validity, limit, and cost."
"via","VIA Metropolitan Transit (San Antonio)","Texas","official-source-candidate","http://www.viainfo.net","7","Manually review the official candidate pages for transfer validity, limit, and cost."
"embark","Embark (Oklahoma City)","Oklahoma","research-incomplete","https://www.ou.edu/cart","0","Find and review an official fare, transfer, rider-guide, or policy source; do not infer a policy from absence of evidence."
"rockregion","Rock Region Metro (Little Rock)","Arkansas","official-source-candidate","https://rrmetro.org/","7","Manually review the official candidate pages for transfer validity, limit, and cost."
"mata","Memphis Area Transit Authority","Tennessee","official-source-candidate","http://www.matatransit.com","7","Manually review the official candidate pages for transfer validity, limit, and cost."
"norta","New Orleans Regional Transit Authority (NORTA)","Louisiana","official-source-candidate","http://www.norta.com/","4","Manually review the official candidate pages for transfer validity, limit, and cost."
"cincinnatimetro","Cincinnati Metro (SORTA)","Ohio","official-source-candidate","http://www.go-metro.com","7","Manually review the official candidate pages for transfer validity, limit, and cost."
"tarc","Transit Authority of River City (Louisville)","Kentucky","official-source-candidate","https://www.ridetarc.org/","7","Manually review the official candidate pages for transfer validity, limit, and cost."
"mcts","Milwaukee County Transit System (MCTS)","Wisconsin","official-source-candidate","http://www.ridemcts.com","7","Manually review the official candidate pages for transfer validity, limit, and cost."
"metrostlouis","Metro St. Louis","Missouri","official-source-candidate","http://www.metrostlouis.org","7","Manually review the official candidate pages for transfer validity, limit, and cost."
"kcata","Kansas City Area Transportation Authority (KCATA)","Missouri","official-source-candidate","http://www.kcata.org","3","Manually review the official candidate pages for transfer validity, limit, and cost."
"omahametro","Omaha Metro","Nebraska","official-source-candidate","https://www.ometro.com/","5","Manually review the official candidate pages for transfer validity, limit, and cost."
"ladot","Los Angeles Department of Transportation (LADOT/DASH)","California","official-source-candidate","https://www.ladottransit.com/","2","Manually review the official candidate pages for transfer validity, limit, and cost."
"culvercitybus","Culver City Bus","California","official-source-candidate","https://www.culvercity.org/how-do-i/find/culver-city-bus","7","Manually review the official candidate pages for transfer validity, limit, and cost."
"santaclarita","Santa Clarita Transit","California","official-source-candidate","https://santaclaritatransit.com","7","Manually review the official candidate pages for transfer validity, limit, and cost."
"montebello","Montebello Bus Lines","California","official-source-candidate","http://www.ridembl.com/","2","Manually review the official candidate pages for transfer validity, limit, and cost."
"burbankbus","BurbankBus","California","official-source-candidate","http://www.burbankbus.org/","2","Manually review the official candidate pages for transfer validity, limit, and cost."
"glendalebeeline","Glendale Beeline","California","research-incomplete","http://glendalebeeline.com/","0","Find and review an official fare, transfer, rider-guide, or policy source; do not infer a policy from absence of evidence."
"pasadenatransit","Pasadena Transit","California","research-incomplete","https://www.cityofpasadena.net/pasadena-transit/","0","Find and review an official fare, transfer, rider-guide, or policy source; do not infer a policy from absence of evidence."
"norwalktransit","Norwalk Transit System","California","official-source-candidate","https://www.norwalk.org/city-hall/departments/norwalk-transit-system-nts","3","Manually review the official candidate pages for transfer validity, limit, and cost."
"pvpta","Palos Verdes Peninsula Transit Authority (PVPTA)","California","official-source-candidate","http://www.palosverdes.com/pvtransit/","2","Manually review the official candidate pages for transfer validity, limit, and cost."
"gtrans","GTrans (Gardena Municipal Bus Lines)","California","official-source-candidate","https://ridegtrans.com/","7","Manually review the official candidate pages for transfer validity, limit, and cost."
"vvta","Victor Valley Transit Authority (VVTA)","California","official-source-candidate","http://vvta.org/","1","Manually review the official candidate pages for transfer validity, limit, and cost."
"vctc","Ventura County Transportation Commission (VCTC Intercity)","California","official-source-candidate","http://www.goventura.org/","4","Manually review the official candidate pages for transfer validity, limit, and cost."
"elmonte","El Monte Transit","California","official-source-candidate","http://www.ci.el-monte.ca.us/Government/PublicWorks/Transportation.aspx","1","Manually review the official candidate pages for transfer validity, limit, and cost."
"cta","Chicago Transit Authority (CTA)","Illinois","official-source-candidate","http://transitchicago.com","7","Manually review the official candidate pages for transfer validity, limit, and cost."
"metra","Metra (Chicago)","Illinois","research-incomplete","http://www.metrarail.com/","0","Find and review an official fare, transfer, rider-guide, or policy source; do not infer a policy from absence of evidence."
"pace-bus","Pace Bus (Chicago suburbs)","Illinois","official-source-candidate","https://www.pacebus.com","7","Manually review the official candidate pages for transfer validity, limit, and cost."
"cobblinc","CobbLinc (Marietta, GA)","Georgia","official-source-candidate","https://www.cobbcounty.gov/transportation/cobblinc","3","Manually review the official candidate pages for transfer validity, limit, and cost."
"gwinnett-transit","Gwinnett County Transit","Georgia","research-incomplete","https://www.ridegwinnett.com/","0","Find and review an official fare, transfer, rider-guide, or policy source; do not infer a policy from absence of evidence."
"miami-dade-transit","Miami-Dade Transit","Florida","official-source-candidate","http://www.miamidade.gov/transit","3","Manually review the official candidate pages for transfer validity, limit, and cost."
"broward-transit","Broward County Transit","Florida","official-source-candidate","http://www.broward.org/bct/Pages/default.aspx","2","Manually review the official candidate pages for transfer validity, limit, and cost."
"transfort","Transfort (Fort Collins)","Colorado","official-source-candidate","http://www.ridetransfort.com/","1","Manually review the official candidate pages for transfer validity, limit, and cost."
"septa","SEPTA (Philadelphia)","Pennsylvania","official-source-candidate","https://septa.org/","4","Manually review the official candidate pages for transfer validity, limit, and cost."
"wmata","WMATA (Washington, DC)","Washington DC","official-source-candidate","https://www.wmata.com","6","Manually review the official candidate pages for transfer validity, limit, and cost."
"vre","Virginia Railway Express (VRE)","Virginia","official-source-candidate","http://www.vre.org","2","Manually review the official candidate pages for transfer validity, limit, and cost."
"marc","MARC Train (MTA Maryland)","Maryland","official-source-candidate","https://mta.maryland.gov/","7","Manually review the official candidate pages for transfer validity, limit, and cost."
"rideon","Ride On (Montgomery County)","Maryland","official-source-candidate","https://www.montgomerycountymd.gov/dot-transit/index.html","2","Manually review the official candidate pages for transfer validity, limit, and cost."
"fairfax","Fairfax Connector","Virginia","research-incomplete","http://www.fairfaxcounty.gov/connector/routes/","0","Find and review an official fare, transfer, rider-guide, or policy source; do not infer a policy from absence of evidence."
"art","Arlington Transit (ART)","Virginia","official-source-candidate","http://www.arlingtontransit.com","7","Manually review the official candidate pages for transfer validity, limit, and cost."
"dash","DASH (Alexandria)","Virginia","official-source-candidate","https://www.dashbus.com/","1","Manually review the official candidate pages for transfer validity, limit, and cost."
"nyct-subway","MTA NYCT Subway","New York","research-incomplete","http://www.mta.info","0","Find and review an official fare, transfer, rider-guide, or policy source; do not infer a policy from absence of evidence."
"nyct-bus-manhattan","MTA NYCT Bus (Manhattan)","New York","research-incomplete","http://www.mta.info","0","Find and review an official fare, transfer, rider-guide, or policy source; do not infer a policy from absence of evidence."
"nyct-bus-brooklyn","MTA NYCT Bus (Brooklyn)","New York","research-incomplete","http://www.mta.info","0","Find and review an official fare, transfer, rider-guide, or policy source; do not infer a policy from absence of evidence."
"nyct-bus-queens","MTA NYCT Bus (Queens)","New York","research-incomplete","http://www.mta.info","0","Find and review an official fare, transfer, rider-guide, or policy source; do not infer a policy from absence of evidence."
"nyct-bus-bronx","MTA NYCT Bus (Bronx)","New York","research-incomplete","http://www.mta.info","0","Find and review an official fare, transfer, rider-guide, or policy source; do not infer a policy from absence of evidence."
"nyct-bus-si","MTA NYCT Bus (Staten Island)","New York","research-incomplete","http://www.mta.info","0","Find and review an official fare, transfer, rider-guide, or policy source; do not infer a policy from absence of evidence."
"lirr","MTA Long Island Rail Road","New York","research-incomplete","https://new.mta.info/agency/long-island-rail-road","0","Find and review an official fare, transfer, rider-guide, or policy source; do not infer a policy from absence of evidence."
"mnr","Metro-North Railroad (MNR)","New York","research-incomplete","http://www.mta.info/mnr","0","Find and review an official fare, transfer, rider-guide, or policy source; do not infer a policy from absence of evidence."
"njt-rail","NJ Transit Rail","New Jersey","official-source-candidate","http://www.njtransit.com/","5","Manually review the official candidate pages for transfer validity, limit, and cost."
"njt-bus","NJ Transit Bus","New Jersey","official-source-candidate","http://www.njtransit.com/","5","Manually review the official candidate pages for transfer validity, limit, and cost."
"path","PATH (Port Authority Trans-Hudson)","New Jersey","official-source-candidate","http://www.panynj.gov/path/","2","Manually review the official candidate pages for transfer validity, limit, and cost."
"beeline","Westchester County Bee-Line System (BeeLine)","New York","research-incomplete","","0","Find and review an official fare, transfer, rider-guide, or policy source; do not infer a policy from absence of evidence."
"nice","Nassau Inter-County Express (NICE Bus)","New York","official-source-candidate","http://www.nicebus.com","6","Manually review the official candidate pages for transfer validity, limit, and cost."
"tor","Transport of Rockland (TOR)","New York","research-incomplete","http://rocklandgov.com/departments/public-transportation/transport-of-rockland/","0","Find and review an official fare, transfer, rider-guide, or policy source; do not infer a policy from absence of evidence."
"part","Putnam Area Rapid Transit (PART)","New York","official-source-candidate","http://www.putnamcountyny.com/PART/","1","Manually review the official candidate pages for transfer validity, limit, and cost."
"dutchess","Dutchess County Public Transit","New York","research-incomplete","https://www.dutchessny.gov/Departments/Public-Transit/Routes","0","Find and review an official fare, transfer, rider-guide, or policy source; do not infer a policy from absence of evidence."
"port-authority-pa","Pittsburgh Regional Transit","Pennsylvania","official-source-candidate","https://www.rideprt.org","7","Manually review the official candidate pages for transfer validity, limit, and cost."
"ata","Area Transportation Authority (ATA)","Pennsylvania","official-source-candidate","https://www.rideata.com/","7","Manually review the official candidate pages for transfer validity, limit, and cost."
"albemarle-county","Charlottesville Area Transit (CAT)","Virginia","official-source-candidate","https://charlottesville.gov/470/Transit","4","Manually review the official candidate pages for transfer validity, limit, and cost."
"chemung-county","Chemung County C-TRAN","New York","official-source-candidate","https://ridectran.com/","5","Manually review the official candidate pages for transfer validity, limit, and cost."
"decatur","Decatur Public Transit System","Illinois","official-source-candidate","https://decaturil.gov/departments/transit/","2","Manually review the official candidate pages for transfer validity, limit, and cost."
"essex-county","Cape Ann Transportation Authority (CATA)","Massachusetts","official-source-candidate","http://canntran.com/","1","Manually review the official candidate pages for transfer validity, limit, and cost."
"fort-mcmurray","Regional Municipality of Wood Buffalo Transit","Alberta","research-incomplete","http://www.rmwb.ca","0","Find and review an official fare, transfer, rider-guide, or policy source; do not infer a policy from absence of evidence."
"fort-smith","City of Fort Smith","Arkansas","research-incomplete","https://www.fortsmithar.gov/government/departments/transit","0","Find and review an official fare, transfer, rider-guide, or policy source; do not infer a policy from absence of evidence."
"janesville","Janesville Transit System","Wisconsin","research-incomplete","http://www.ci.janesville.wi.us/index.aspx?page=124","0","Find and review an official fare, transfer, rider-guide, or policy source; do not infer a policy from absence of evidence."
"kaua-i-county","The Kauai Bus","Hawaii","official-source-candidate","https://www.kauai.gov/transportation","7","Manually review the official candidate pages for transfer validity, limit, and cost."
"los-alamos-county","Atomic City Transit","New Mexico","official-source-candidate","http://www.atomiccitytransit.com","2","Manually review the official candidate pages for transfer validity, limit, and cost."
"marathon-county","Metro Ride","Wisconsin","research-incomplete","https://www.ci.wausau.wi.us/Departments/MetroRide.aspx","0","Find and review an official fare, transfer, rider-guide, or policy source; do not infer a policy from absence of evidence."
"mason-city","Mason City Public Transit","Iowa","research-incomplete","http://www.masoncity.net/pview.aspx?id=18070&amp;catid=477","0","Find and review an official fare, transfer, rider-guide, or policy source; do not infer a policy from absence of evidence."
"maui-county","Maui County Transit","Hawaii","official-source-candidate","https://www.mauicounty.gov/3000/Department-of-Transportation","2","Manually review the official candidate pages for transfer validity, limit, and cost."
"medicine-hat","Medicine Hat Transit","Alberta","official-source-candidate","https://www.medicinehat.ca/en/roads-parking-and-transportation/transit.aspx","4","Manually review the official candidate pages for transfer validity, limit, and cost."
"muscogee-county","METRA","Georgia","official-source-candidate","https://www.columbusga.gov/metra","5","Manually review the official candidate pages for transfer validity, limit, and cost."
"rock-county","Beloit Transit System","Wisconsin","research-incomplete","http://www.beloittransit.com","0","Find and review an official fare, transfer, rider-guide, or policy source; do not infer a policy from absence of evidence."
"sheboygan-county","Shoreline Metro","Wisconsin","official-source-candidate","http://www.shorelinemetro.com/","4","Manually review the official candidate pages for transfer validity, limit, and cost."
"washington-county","Johnson City","Tennessee","official-source-candidate","https://www.johnsoncitytransit.org","2","Manually review the official candidate pages for transfer validity, limit, and cost."
"whitman-county","City of Pullman","Washington","official-source-candidate","https://www.pullmantransit.com/","5","Manually review the official candidate pages for transfer validity, limit, and cost."
"beaver-county","Beaver County Transit Authority","Pennsylvania","official-source-candidate","https://bcta.com/","7","Manually review the official candidate pages for transfer validity, limit, and cost."
"butler-pa","Butler Transit Authority","Pennsylvania","official-source-candidate","https://www.butlertransitauthority.com/","5","Manually review the official candidate pages for transfer validity, limit, and cost."
"fact","Fayette Area Coordinated Transportation","Pennsylvania","official-source-candidate","https://factbus.com/","5","Manually review the official candidate pages for transfer validity, limit, and cost."
"freedom-transit","Freedom Transit","Pennsylvania","official-source-candidate","https://www.freedom-transit.org/","7","Manually review the official candidate pages for transfer validity, limit, and cost."
"indigo","IndiGO","Pennsylvania","official-source-candidate","https://www.indigobus.com/","3","Manually review the official candidate pages for transfer validity, limit, and cost."
"mmvta","Mid Mon Valley Transit","Pennsylvania","research-incomplete","https://www.mmvta.com/","0","Find and review an official fare, transfer, rider-guide, or policy source; do not infer a policy from absence of evidence."
"new-castle","New Castle Area Transit Authority","Pennsylvania","official-source-candidate","https://newcastletransit.org/","4","Manually review the official candidate pages for transfer validity, limit, and cost."
"westmoreland","Westmoreland Transit","Pennsylvania","official-source-candidate","https://www.westmorelandtransit.com/","7","Manually review the official candidate pages for transfer validity, limit, and cost."
"jta","Jacksonville Transportation Authority (JTA)","Florida","official-source-candidate","http://www.jtafla.com","4","Manually review the official candidate pages for transfer validity, limit, and cost."
"cats","Charlotte Area Transit System (CATS)","North Carolina","official-source-candidate","http://www.ridetransit.org","6","Manually review the official candidate pages for transfer validity, limit, and cost."
"goraleigh","GoRaleigh (Capital Area Transit)","North Carolina","research-incomplete","http://www.GoRaleigh.org","0","Find and review an official fare, transfer, rider-guide, or policy source; do not infer a policy from absence of evidence."
"gotriangle","GoTriangle (Raleigh-Durham)","North Carolina","research-incomplete","https://gotriangle.org/","0","Find and review an official fare, transfer, rider-guide, or policy source; do not infer a policy from absence of evidence."
"mta-maryland","Maryland Transit Administration (MTA Maryland)","Maryland","official-source-candidate","https://mta.maryland.gov/","7","Manually review the official candidate pages for transfer validity, limit, and cost."
"hart","Hillsborough Area Regional Transit (HART)","Florida","official-source-candidate","http://www.gohart.org","7","Manually review the official candidate pages for transfer validity, limit, and cost."
"tampa-international-airport","Tampa International Airport","","official-source-candidate","https://www.tampaairport.com/","3","Manually review the official candidate pages for transfer validity, limit, and cost."
"lynx","LYNX (Central Florida)","Florida","official-source-candidate","http://www.golynx.com","7","Manually review the official candidate pages for transfer validity, limit, and cost."
"thebus","TheBus (Honolulu)","Hawaii","official-source-candidate","http://www.thebus.org","3","Manually review the official candidate pages for transfer validity, limit, and cost."
"ripta","Rhode Island Public Transit Authority (RIPTA)","Rhode Island","research-incomplete","http://www.ripta.com/","0","Find and review an official fare, transfer, rider-guide, or policy source; do not infer a policy from absence of evidence."
"valley-regional-transit","Valley Regional Transit (Boise)","Idaho","official-source-candidate","https://www.valleyregionaltransit.org/","7","Manually review the official candidate pages for transfer validity, limit, and cost."
"psta","Pinellas Suncoast Transit Authority (PSTA)","Florida","official-source-candidate","http://www.psta.net","3","Manually review the official candidate pages for transfer validity, limit, and cost."
"palm-tran","Palm Tran (West Palm Beach)","Florida","official-source-candidate","http://www.palmtran.org","7","Manually review the official candidate pages for transfer validity, limit, and cost."
"sunrail","SunRail (Orlando)","Florida","official-source-candidate","http://www.sunrail.com","7","Manually review the official candidate pages for transfer validity, limit, and cost."
"votran","Votran (Volusia County)","Florida","official-source-candidate","http://www.votran.org","4","Manually review the official candidate pages for transfer validity, limit, and cost."
"chapel-hill-transit","Chapel Hill Transit","North Carolina","official-source-candidate","https://www.chapelhillnc.gov/Town-Government/Departments-and-Offices/Transit","1","Manually review the official candidate pages for transfer validity, limit, and cost."
"mvta","Minnesota Valley Transit Authority (MVTA)","Minnesota","official-source-candidate","http://www.mvta.com","4","Manually review the official candidate pages for transfer validity, limit, and cost."
"xpress-ga","Xpress (Georgia Regional)","Georgia","official-source-candidate","http://www.xpressga.com/","1","Manually review the official candidate pages for transfer validity, limit, and cost."
"omniride","OmniRide (PRTC)","Virginia","research-incomplete","http://www.omniride.com","0","Find and review an official fare, transfer, rider-guide, or policy source; do not infer a policy from absence of evidence."
"loudoun-transit","Loudoun County Transit","Virginia","official-source-candidate","https://www.loudoun.gov/bus","2","Manually review the official candidate pages for transfer validity, limit, and cost."
"cue-bus","CUE Bus (Fairfax)","Virginia","research-incomplete","http://www.ridesystems.net","0","Find and review an official fare, transfer, rider-guide, or policy source; do not infer a policy from absence of evidence."
"pgc-the-bus","Prince George's County (The Bus)","Maryland","research-incomplete","https://www.princegeorgescountymd.gov/1120/Countys-TheBus","0","Find and review an official fare, transfer, rider-guide, or policy source; do not infer a policy from absence of evidence."
"dc-streetcar","DC Streetcar","Washington DC","research-incomplete","https://www.dcstreetcar.com/","0","Find and review an official fare, transfer, rider-guide, or policy source; do not infer a policy from absence of evidence."
"fred-transit","Fredericksburg Regional Transit","Virginia","official-source-candidate","http://www.ridefred.com/","5","Manually review the official candidate pages for transfer validity, limit, and cost."
"hrt","Hampton Roads Transit","Virginia","official-source-candidate","https://gohrt.com/","7","Manually review the official candidate pages for transfer validity, limit, and cost."
"bay-transit","Bay Transit","Virginia","official-source-candidate","https://www.baytransit.org/","1","Manually review the official candidate pages for transfer validity, limit, and cost."
"wata","Williamsburg Area Transit Authority","Virginia","research-incomplete","http://www.gowata.org","0","Find and review an official fare, transfer, rider-guide, or policy source; do not infer a policy from absence of evidence."
"dart-first-state","DART First State (Wilmington, DE)","Delaware","official-source-candidate","http://www.dartfirststate.com","5","Manually review the official candidate pages for transfer validity, limit, and cost."
"starmetro","StarMetro (Tallahassee)","Florida","official-source-candidate","http://www.talgov.com/starmetro","4","Manually review the official candidate pages for transfer validity, limit, and cost."
"max-transit","MAX Transit (Birmingham)","Alabama","official-source-candidate","https://maxtransit.org","2","Manually review the official candidate pages for transfer validity, limit, and cost."
"montgomery-transit","Montgomery Transit (The M)","Alabama","research-incomplete","http://www.montgomerytransit.com","0","Find and review an official fare, transfer, rider-guide, or policy source; do not infer a policy from absence of evidence."
"carta","Charleston Area Regional Transportation Authority (CARTA)","South Carolina","research-incomplete","https://www.ridecarta.com/","0","Find and review an official fare, transfer, rider-guide, or policy source; do not infer a policy from absence of evidence."
"cat-savannah","Chatham Area Transit (CAT)","Georgia","official-source-candidate","http://www.catchacat.org","7","Manually review the official candidate pages for transfer validity, limit, and cost."
"tulsa-transit","Tulsa Transit (MTTA)","Oklahoma","research-incomplete","http://www.tulsatransit.org","0","Find and review an official fare, transfer, rider-guide, or policy source; do not infer a policy from absence of evidence."
"sun-tran","Sun Tran (Tucson)","Arizona","official-source-candidate","https://www.SunTran.com","1","Manually review the official candidate pages for transfer validity, limit, and cost."
"ycat","Yuma County Area Transit (YCAT)","Arizona","official-source-candidate","http://www.ycipta.org","2","Manually review the official candidate pages for transfer validity, limit, and cost."
"comet","The COMET (Columbia, SC)","South Carolina","official-source-candidate","https://catchthecometsc.gov/","3","Manually review the official candidate pages for transfer validity, limit, and cost."
"greenlink","GreenLink (Greenville, SC)","South Carolina","research-incomplete","http://ridegreenlink.com/","0","Find and review an official fare, transfer, rider-guide, or policy source; do not infer a policy from absence of evidence."
"carta-chattanooga","Chattanooga Area Regional Transportation Authority","Tennessee","official-source-candidate","http://www.gocarta.org","3","Manually review the official candidate pages for transfer validity, limit, and cost."
"citilink-fw","Citilink (Fort Wayne, IN)","Indiana","official-source-candidate","https://www.fwcitilink.com/","6","Manually review the official candidate pages for transfer validity, limit, and cost."
"gptc","Gary Public Transportation Corporation (Gary, IN)","Indiana","official-source-candidate","https://www.gptcbus.com/","2","Manually review the official candidate pages for transfer validity, limit, and cost."
"bata","Bay Area Transportation Authority (Traverse City, MI)","Michigan","official-source-candidate","https://www.bata.net/","7","Manually review the official candidate pages for transfer validity, limit, and cost."
"citylink-peoria","CityLink (Peoria, IL)","Illinois","official-source-candidate","https://www.ridecitylink.org/","7","Manually review the official candidate pages for transfer validity, limit, and cost."
"cedar-rapids","Cedar Rapids Transit","Iowa","official-source-candidate","http://www.cedar-rapids.org/residents/city_buses/index.php","7","Manually review the official candidate pages for transfer validity, limit, and cost."
"matbus","MATBUS (Fargo, ND)","North Dakota","research-incomplete","https://www.matbus.com/","0","Find and review an official fare, transfer, rider-guide, or policy source; do not infer a policy from absence of evidence."
"duluth-transit","Duluth Transit Authority","Minnesota","official-source-candidate","http://www.duluthtransit.com/","3","Manually review the official candidate pages for transfer validity, limit, and cost."
"grtc","GRTC Transit (Richmond, VA)","Virginia","research-incomplete","http://www.ridegrtc.com","0","Find and review an official fare, transfer, rider-guide, or policy source; do not infer a policy from absence of evidence."
"valley-metro-roanoke","Valley Metro (Roanoke, VA)","Virginia","official-source-candidate","https://valleymetro.com/","4","Manually review the official candidate pages for transfer validity, limit, and cost."
"dayton","Greater Dayton RTA","Ohio","official-source-candidate","http://www.i-riderta.org","4","Manually review the official candidate pages for transfer validity, limit, and cost."
"youngstown-wrta","Western Reserve Transit Authority (Youngstown)","Ohio","official-source-candidate","http://www.wrtaonline.com/","2","Manually review the official candidate pages for transfer validity, limit, and cost."
"sun-metro","Sun Metro (El Paso)","Texas","official-source-candidate","http://www.sunmetro.net","7","Manually review the official candidate pages for transfer validity, limit, and cost."
"b-line","B-Line (Corpus Christi RTA)","Texas","research-incomplete","https://www.ccrta.org/","0","Find and review an official fare, transfer, rider-guide, or policy source; do not infer a policy from absence of evidence."
"citibus","Citibus (Lubbock)","Texas","official-source-candidate","https://citibus.com/citibus-pass/","5","Manually review the official candidate pages for transfer validity, limit, and cost."
"amarillo","Amarillo City Transit","Texas","research-incomplete","https://amarillo.gov/departments/community-services/transit","0","Find and review an official fare, transfer, rider-guide, or policy source; do not infer a policy from absence of evidence."
"missoula","Mountain Line (Missoula)","Montana","official-source-candidate","https://mountainline.com","1","Manually review the official candidate pages for transfer validity, limit, and cost."
"sportran","SporTran (Shreveport)","Louisiana","research-incomplete","https://www.sportran.org/","0","Find and review an official fare, transfer, rider-guide, or policy source; do not infer a policy from absence of evidence."
"billings","MET Transit (Billings)","Montana","official-source-candidate","http://www.mettransit.com","1","Manually review the official candidate pages for transfer validity, limit, and cost."
"ecat","ECAT (Escambia County)","Florida","official-source-candidate","https://goecat.com/","7","Manually review the official candidate pages for transfer validity, limit, and cost."
"rts","RTS (Gainesville)","Florida","official-source-candidate","http://www.go-rts.com/","4","Manually review the official candidate pages for transfer validity, limit, and cost."
"scat","SCAT (Sarasota County)","Florida","official-source-candidate","https://321transit.com","7","Manually review the official candidate pages for transfer validity, limit, and cost."
"leetran","LeeTran (Fort Myers)","Florida","official-source-candidate","http://www.leegov.com/leetran","6","Manually review the official candidate pages for transfer validity, limit, and cost."
"wave-mobile","Wave Transit (Mobile)","Alabama","official-source-candidate","http://www.thewavetransit.com","4","Manually review the official candidate pages for transfer validity, limit, and cost."
"huntsville","Huntsville Shuttle","Alabama","official-source-candidate","https://www.huntsvilleal.gov/residents/streets/public-transportation/shuttle-bus/","3","Manually review the official candidate pages for transfer validity, limit, and cost."
"bustang-outrider","Bustang Outrider","Colorado","research-incomplete","http://ridebustang.com/","0","Find and review an official fare, transfer, rider-guide, or policy source; do not infer a policy from absence of evidence."
"rfta","Roaring Fork Transportation Authority (RFTA)","Colorado","official-source-candidate","http://www.rfta.com/","7","Manually review the official candidate pages for transfer validity, limit, and cost."
"durango-transit","Durango Transit","Colorado","research-incomplete","https://co-durango.civicplus.com/333/Transit","0","Find and review an official fare, transfer, rider-guide, or policy source; do not infer a policy from absence of evidence."
"pueblo-transit","Pueblo Transit","Colorado","research-incomplete","https://www.pueblo.us/492/Bus-Schedules","0","Find and review an official fare, transfer, rider-guide, or policy source; do not infer a policy from absence of evidence."
"eco-transit","Core Transit","Colorado","official-source-candidate","https://www.coretransit.org","4","Manually review the official candidate pages for transfer validity, limit, and cost."
"all-points-transit","All Points Transit (Montrose)","Colorado","official-source-candidate","https://www.allpointstransit.com/","1","Manually review the official candidate pages for transfer validity, limit, and cost."
"kart","Kings Area Rural Transit","California","official-source-candidate","http://mykartbus.com/","1","Manually review the official candidate pages for transfer validity, limit, and cost."
"tulare-county-transit","Tulare County Area Transit (TCAT)","California","official-source-candidate","https://tcrta.wpenginepowered.com/","6","Manually review the official candidate pages for transfer validity, limit, and cost."
"madison-metro","Madison Metro Transit","Wisconsin","official-source-candidate","http://mymetrobus.com/","4","Manually review the official candidate pages for transfer validity, limit, and cost."
"waukesha-metro","Waukesha Metro Transit","Wisconsin","official-source-candidate","https://www.waukesha-wi.gov/residents/getting_around/public-transportation.php","1","Manually review the official candidate pages for transfer validity, limit, and cost."
"mountain-line","Mountain Line Transit Authority (Morgantown)","West Virginia","official-source-candidate","https://busride.org","7","Manually review the official candidate pages for transfer validity, limit, and cost."
"wvu-prt","West Virginia University PRT (Morgantown, WV)","West Virginia","research-incomplete","http://transportation.wvu.edu/","0","Find and review an official fare, transfer, rider-guide, or policy source; do not infer a policy from absence of evidence."
"visalia","Visalia Transit","California","official-source-candidate","http://www.visaliatransit.com/","3","Manually review the official candidate pages for transfer validity, limit, and cost."
"green-bay","Green Bay Metro","Wisconsin","official-source-candidate","https://greenbaywi.gov/231/Metro-Transit","2","Manually review the official candidate pages for transfer validity, limit, and cost."
"des-moines","Des Moines Area Regional Transit Authority (DART)","Iowa","research-incomplete","http://www.ridedart.com","0","Find and review an official fare, transfer, rider-guide, or policy source; do not infer a policy from absence of evidence."
"appleton","Valley Transit (Appleton/Fox Cities)","Wisconsin","official-source-candidate","https://myvalleytransit.com/","5","Manually review the official candidate pages for transfer validity, limit, and cost."
"modesto","Modesto Area Express","California","official-source-candidate","http://www.stanrta.org","3","Manually review the official candidate pages for transfer validity, limit, and cost."
"cats-baton","Capital Area Transit System (Baton Rouge)","Louisiana","official-source-candidate","https://www.brcats.com/","6","Manually review the official candidate pages for transfer validity, limit, and cost."
"knoxville","Knoxville Area Transit","Tennessee","official-source-candidate","https://www.tahoetransportation.org/","3","Manually review the official candidate pages for transfer validity, limit, and cost."
"augusta","Augusta Transit","Georgia","official-source-candidate","http://www.augustaga.gov/","2","Manually review the official candidate pages for transfer validity, limit, and cost."
"lincoln","StarTran (Lincoln)","Nebraska","official-source-candidate","https://www.lincoln.ne.gov/City/Departments/LTU/StarTran","5","Manually review the official candidate pages for transfer validity, limit, and cost."
"south-bend","South Bend Transpo","Indiana","official-source-candidate","http://sbtranspo.com","2","Manually review the official candidate pages for transfer validity, limit, and cost."
"rockford","Rockford Mass Transit District","Illinois","official-source-candidate","https://rmtd.org/","5","Manually review the official candidate pages for transfer validity, limit, and cost."
"racine","Ryde Racine","Wisconsin","research-incomplete","https://www.cityofracine.org/RydeRacine/","0","Find and review an official fare, transfer, rider-guide, or policy source; do not infer a policy from absence of evidence."
"sudbury","Greater Sudbury Transit","Ontario","official-source-candidate","https://www.greatersudbury.ca/living/transit/","7","Manually review the official candidate pages for transfer validity, limit, and cost."
"anchorage","Anchorage People Mover","Alaska","official-source-candidate","http://www.muni.org/Departments/transit/PeopleMover/Pages/default.aspx","2","Manually review the official candidate pages for transfer validity, limit, and cost."
"lexington","Lextran (Lexington, KY)","Kentucky","official-source-candidate","http://www.lextran.com","7","Manually review the official candidate pages for transfer validity, limit, and cost."
"mtd-champaign","Champaign-Urbana MTD","Illinois","official-source-candidate","https://www.mtd.org/","2","Manually review the official candidate pages for transfer validity, limit, and cost."
"kalamazoo","Kalamazoo Metro Transit","Michigan","official-source-candidate","http://www.kmetro.com/","2","Manually review the official candidate pages for transfer validity, limit, and cost."
"laredo","El Metro (Laredo)","Texas","official-source-candidate","http://elmetrotransit.com/","5","Manually review the official candidate pages for transfer validity, limit, and cost."
"thunder-bay","Thunder Bay Transit","Ontario","official-source-candidate","https://www.thunderbay.ca/en/city-services/transit.aspx","1","Manually review the official candidate pages for transfer validity, limit, and cost."
"greensboro","Greensboro Transit Authority","North Carolina","research-incomplete","http://www.greensboro-nc.gov/index.aspx?page=2180","0","Find and review an official fare, transfer, rider-guide, or policy source; do not infer a policy from absence of evidence."
"lanta","Lehigh and Northampton Transportation Authority (LANTA)","Pennsylvania","official-source-candidate","http://www.lantabus.com","5","Manually review the official candidate pages for transfer validity, limit, and cost."
"winston-salem","Winston-Salem Transit Authority (WSTA)","North Carolina","official-source-candidate","https://wstransit.com/","2","Manually review the official candidate pages for transfer validity, limit, and cost."
"cat-harrisburg","Capital Area Transit (Harrisburg)","Pennsylvania","official-source-candidate","https://www.rabbittransit.org/","2","Manually review the official candidate pages for transfer validity, limit, and cost."
"jackson-ms","City of Jackson (JTRAN)","Mississippi","research-incomplete","https://ridejtran.com/","0","Find and review an official fare, transfer, rider-guide, or policy source; do not infer a policy from absence of evidence."
"lancaster","Red Rose Transit Authority (Lancaster, PA)","Pennsylvania","official-source-candidate","http://www.redrosetransit.com/","7","Manually review the official candidate pages for transfer validity, limit, and cost."
"colts","County of Lackawanna Transit System (COLTS)","Pennsylvania","official-source-candidate","http://www.coltsbus.com","3","Manually review the official candidate pages for transfer validity, limit, and cost."
"lcta","Luzerne County Transportation Authority","Pennsylvania","research-incomplete","http://www.lctabus.com/","0","Find and review an official fare, transfer, rider-guide, or policy source; do not infer a policy from absence of evidence."
"patco","PATCO Speedline (Philadelphia-Camden)","New Jersey","official-source-candidate","https://www.ridepatco.org/","5","Manually review the official candidate pages for transfer validity, limit, and cost."
"cascades-east","Cascades East Transit (Bend, OR)","Oregon","research-incomplete","http://cascadeseasttransit.com/","0","Find and review an official fare, transfer, rider-guide, or policy source; do not infer a policy from absence of evidence."
"mountain-transit-ca","Mountain Transit (Big Bear Lake)","California","research-incomplete","http://www.mountaintransit.org/?referrer=gtfs","0","Find and review an official fare, transfer, rider-guide, or policy source; do not infer a policy from absence of evidence."
"las-cruces","RoadRUNNER Transit (Las Cruces)","New Mexico","research-incomplete","https://lascruces.gov/community/transportation/roadrunner-transit/","0","Find and review an official fare, transfer, rider-guide, or policy source; do not infer a policy from absence of evidence."
"ez-rider","EZ Rider (Midland/Odessa)","Texas","official-source-candidate","http://www.ridesystems.net","2","Manually review the official candidate pages for transfer validity, limit, and cost."
"san-angelo","Concho Valley Transit (San Angelo)","Texas","research-incomplete","https://www.cvtd.org","0","Find and review an official fare, transfer, rider-guide, or policy source; do not infer a policy from absence of evidence."
"brownsville","Brownsville Metro","Texas","research-incomplete","BrownsvilleMetro.transloc.com","0","Find and review an official fare, transfer, rider-guide, or policy source; do not infer a policy from absence of evidence."
"roswell","Roswell Transit","New Mexico","research-incomplete","AMERICA/DENVER","0","Find and review an official fare, transfer, rider-guide, or policy source; do not infer a policy from absence of evidence."
"hobbs","City of Hobbs Transit","New Mexico","official-source-candidate","https://www.hobbsnm.org/hobbs_express.html","2","Manually review the official candidate pages for transfer validity, limit, and cost."
"longview","City of Longview Transit","Texas","official-source-candidate","http://www.longviewtransit.com/","2","Manually review the official candidate pages for transfer validity, limit, and cost."
"texarkana","Texarkana T-Line","Texas","official-source-candidate","https://www.t-linebus.org/","3","Manually review the official candidate pages for transfer validity, limit, and cost."
"fort-bend","Fort Bend County Transit","Texas","official-source-candidate","http://fbctransit.org","7","Manually review the official candidate pages for transfer validity, limit, and cost."
"terrebonne-parish","Good Earth Transit (Houma)","Louisiana","research-incomplete","https://tpcg.org/index.php?f=public_transit","0","Find and review an official fare, transfer, rider-guide, or policy source; do not infer a policy from absence of evidence."
"tangipahoa-parish","Tangipahoa Transit (Hammond)","Louisiana","research-incomplete","https://www.tangicoa.com/","0","Find and review an official fare, transfer, rider-guide, or policy source; do not infer a policy from absence of evidence."
"space-coast","Space Coast Area Transit","Florida","official-source-candidate","https://321transit.com","7","Manually review the official candidate pages for transfer validity, limit, and cost."
"martin-county","Martin County Public Transit","Florida","research-incomplete","https://www.martin.fl.us/transit","0","Find and review an official fare, transfer, rider-guide, or policy source; do not infer a policy from absence of evidence."
"indian-river","Indian River Transit","Florida","research-incomplete","http://www.ridesystems.net","0","Find and review an official fare, transfer, rider-guide, or policy source; do not infer a policy from absence of evidence."
"collier","Collier Area Transit (Naples)","Florida","official-source-candidate","https://ridecat.com/","7","Manually review the official candidate pages for transfer validity, limit, and cost."
"evansville","METS (Evansville)","Indiana","official-source-candidate","https://www.evansvillegov.org/city/department/index.php?structureid=225","1","Manually review the official candidate pages for transfer validity, limit, and cost."
"kenosha","Kenosha Area Transit","Wisconsin","research-incomplete","https://www.kenosha.org/departments/transportation","0","Find and review an official fare, transfer, rider-guide, or policy source; do not infer a policy from absence of evidence."
"ben-franklin","Ben Franklin Transit (Tri-Cities, WA)","Washington","official-source-candidate","https://www.bft.org/","4","Manually review the official candidate pages for transfer validity, limit, and cost."
"asheville","Asheville Rides Transit","North Carolina","official-source-candidate","https://www.ashevillenc.gov/department/transit/","5","Manually review the official candidate pages for transfer validity, limit, and cost."
"bloomington","Bloomington Transit","Indiana","official-source-candidate","https://bloomingtontransit.com/","2","Manually review the official candidate pages for transfer validity, limit, and cost."
"athens-acc","Athens Clarke County Transit","Georgia","research-incomplete","https://www.accgov.com/transit/","0","Find and review an official fare, transfer, rider-guide, or policy source; do not infer a policy from absence of evidence."
"uga","UGA Campus Transit","Georgia","official-source-candidate","https://tps.uga.edu/","3","Manually review the official candidate pages for transfer validity, limit, and cost."
"blacksburg","Blacksburg Transit","Virginia","official-source-candidate","https://ridebt.org/","3","Manually review the official candidate pages for transfer validity, limit, and cost."
"cata-state-college","CATA (State College)","Pennsylvania","official-source-candidate","http://www.catabus.com","7","Manually review the official candidate pages for transfer validity, limit, and cost."
"cyride","CyRide (Ames)","Iowa","research-incomplete","http://www.cyride.com","0","Find and review an official fare, transfer, rider-guide, or policy source; do not infer a policy from absence of evidence."
"iowa-city","Iowa City Transit","Iowa","research-incomplete","https://www.icgov.org/city-government/departments-and-divisions/transit","0","Find and review an official fare, transfer, rider-guide, or policy source; do not infer a policy from absence of evidence."
"coralville","Coralville Transit","Iowa","official-source-candidate","http://www.coralville.org/166/Bus-Schedules-Route-Maps","4","Manually review the official candidate pages for transfer validity, limit, and cost."
"cambus","CAMBUS (University of Iowa)","Iowa","official-source-candidate","https://transportation.uiowa.edu/cambus","7","Manually review the official candidate pages for transfer validity, limit, and cost."
"lawrence-ku","Lawrence Transit / KU on Wheels","Kansas","official-source-candidate","http://www.lawrencetransit.org","3","Manually review the official candidate pages for transfer validity, limit, and cost."
"springfield-il","SMTD (Springfield IL)","Illinois","official-source-candidate","https://www.smtd.org","3","Manually review the official candidate pages for transfer validity, limit, and cost."
"topeka","Topeka Metro","Kansas","official-source-candidate","https://www.topekametro.org/","3","Manually review the official candidate pages for transfer validity, limit, and cost."
"barta","BARTA (Reading)","Pennsylvania","official-source-candidate","https://www.bartabus.com/","6","Manually review the official candidate pages for transfer validity, limit, and cost."
"coast-nh","COAST (Seacoast NH)","New Hampshire","official-source-candidate","http://www.coastbus.org/","3","Manually review the official candidate pages for transfer validity, limit, and cost."
"advance-transit","Advance Transit (Lebanon, NH)","New Hampshire","official-source-candidate","http://www.advancetransit.com/","7","Manually review the official candidate pages for transfer validity, limit, and cost."
"ccta","CCTA / Green Mountain Transit (Burlington, VT)","Vermont","research-incomplete","https://sstarides.org/","0","Find and review an official fare, transfer, rider-guide, or policy source; do not infer a policy from absence of evidence."
"marble-valley","Marble Valley Transit (Rutland)","Vermont","official-source-candidate","http://www.thebus.com/","4","Manually review the official candidate pages for transfer validity, limit, and cost."
"bis-man","Bis-Man Transit (Bismarck-Mandan)","North Dakota","official-source-candidate","https://bismantransit.com/","2","Manually review the official candidate pages for transfer validity, limit, and cost."
"bangor","Bangor Community Connector","Maine","official-source-candidate","https://www.bangormaine.gov/634/Community-Connector","3","Manually review the official candidate pages for transfer validity, limit, and cost."
"brandon","Brandon Transit","Manitoba","research-incomplete","http://www.brandontransit.ca/","0","Find and review an official fare, transfer, rider-guide, or policy source; do not infer a policy from absence of evidence."
"juneau","Capital Transit (Juneau)","Alaska","official-source-candidate","https://juneaucapitaltransit.org/","3","Manually review the official candidate pages for transfer validity, limit, and cost."
"annapolis","Annapolis Transit","Maryland","official-source-candidate","https://www.annapolis.gov/159/Transportation","4","Manually review the official candidate pages for transfer validity, limit, and cost."
"yellowknife","Yellowknife Transit","Northwest Territories","research-incomplete","http://www.yellowknife.ca/en/living-here/transit.asp","0","Find and review an official fare, transfer, rider-guide, or policy source; do not infer a policy from absence of evidence."
"whitehorse","Whitehorse Transit","Yukon","research-incomplete","https://whitehorse.transloc.com","0","Find and review an official fare, transfer, rider-guide, or policy source; do not infer a policy from absence of evidence."
"santa-cruz-metro","Santa Cruz METRO","","official-source-candidate","https://scmetro.org","3","Manually review the official candidate pages for transfer validity, limit, and cost."
"sioux-falls","Sioux Area Metro (SAM)","South Dakota","official-source-candidate","https://www.siouxfalls.gov/resident-services/sam","4","Manually review the official candidate pages for transfer validity, limit, and cost."
"yakima","Yakima Transit","Washington","official-source-candidate","http://www.yakimatransit.org","4","Manually review the official candidate pages for transfer validity, limit, and cost."
"grand-forks","Cities Area Transit (Grand Forks)","North Dakota","research-incomplete","http://www.ridecat.org","0","Find and review an official fare, transfer, rider-guide, or policy source; do not infer a policy from absence of evidence."
"greeley","Greeley-Evans Transit (GET)","Colorado","official-source-candidate","https://greeleyevanstransit.com/","1","Manually review the official candidate pages for transfer validity, limit, and cost."
"davenport","Davenport CitiBus","Iowa","official-source-candidate","https://www.davenportiowa.com/services/citibus_transit","3","Manually review the official candidate pages for transfer validity, limit, and cost."
"bettendorf","Bettendorf Transit","Iowa","research-incomplete","https://www.bettendorf.org/departments/engineering___public_","0","Find and review an official fare, transfer, rider-guide, or policy source; do not infer a policy from absence of evidence."
"dubuque","The Jule (Dubuque)","Iowa","official-source-candidate","https://www.cityofdubuque.org/274/Transit","4","Manually review the official candidate pages for transfer validity, limit, and cost."
"pocatello","Pocatello Regional Transit","Idaho","official-source-candidate","https://pocatellotransit.com/","4","Manually review the official candidate pages for transfer validity, limit, and cost."
"albany-ga","Albany Transit System","Georgia","official-source-candidate","http://www.albanyga.gov/about-us/city-departments/albany-transit-system","1","Manually review the official candidate pages for transfer validity, limit, and cost."
"wilmington-nc","Wave Transit (Wilmington)","North Carolina","official-source-candidate","https://www.wavetransit.com/","2","Manually review the official candidate pages for transfer validity, limit, and cost."
"st-george","SunTran (St. George)","Utah","official-source-candidate","https://www.sgcity.org/suntran","3","Manually review the official candidate pages for transfer validity, limit, and cost."
"grand-junction","Grand Valley Transit","Colorado","official-source-candidate","https://gvt.mesacounty.us/para-transit-ada/","2","Manually review the official candidate pages for transfer validity, limit, and cost."
"um-transit","University of Michigan Transit Services (Ann Arbor)","Michigan","research-incomplete","https://ltp.umich.edu","0","Find and review an official fare, transfer, rider-guide, or policy source; do not infer a policy from absence of evidence."
"ncsu-wolfline","NCSU Wolfline","North Carolina","official-source-candidate","https://transportation.ncsu.edu/wolfline/","6","Manually review the official candidate pages for transfer validity, limit, and cost."
"clemson-cat","Clemson Area Transit (CATbus)","South Carolina","research-incomplete","catbus.transloc.com","0","Find and review an official fare, transfer, rider-guide, or policy source; do not infer a policy from absence of evidence."
"duke","Duke University Transit","North Carolina","research-incomplete","duke.transloc.com","0","Find and review an official fare, transfer, rider-guide, or policy source; do not infer a policy from absence of evidence."
"streamline","Streamline (Bozeman)","Montana","official-source-candidate","http://www.streamlinebus.com/","4","Manually review the official candidate pages for transfer validity, limit, and cost."
"athens-oh","Athens Public Transit","Ohio","official-source-candidate","https://hapcap.org/transportation/athens-public-transit/","3","Manually review the official candidate pages for transfer validity, limit, and cost."
"connect-transit","Connect Transit (Bloomington-Normal)","Illinois","official-source-candidate","https://www.connect-transit.com/","7","Manually review the official candidate pages for transfer validity, limit, and cost."
"dekalb","DeKalb Public Transit","Illinois","official-source-candidate","https://cityofdekalb.com/1287/Maps-Schedules","2","Manually review the official candidate pages for transfer validity, limit, and cost."
"radford","Radford Transit","Virginia","official-source-candidate","https://www.radfordva.gov/1296/Radford-Transit","3","Manually review the official candidate pages for transfer validity, limit, and cost."
"jfk-airtrain","JFK AirTrain","New York","official-source-candidate","https://www.jfkairport.com/to-from-airport/air-train","1","Manually review the official candidate pages for transfer validity, limit, and cost."
"staten-island-ferry","Staten Island Ferry","New York","research-incomplete","https://www1.nyc.gov/html/dot/html/ferrybus/staten-island-ferry.shtml","0","Find and review an official fare, transfer, rider-guide, or policy source; do not infer a policy from absence of evidence."
"nyc-ferry","NYC Ferry","New York","official-source-candidate","https://www.ferry.nyc/","4","Manually review the official candidate pages for transfer validity, limit, and cost."
"rioc-tram","Roosevelt Island Tramway","New York","research-incomplete","https://rioc.ny.gov/tramtransportation.htm","0","Find and review an official fare, transfer, rider-guide, or policy source; do not infer a policy from absence of evidence."
"guadalajara","Mi Transporte (Guadalajara)","Jalisco","research-incomplete","https://setrans.jalisco.gob.mx/","0","Find and review an official fare, transfer, rider-guide, or policy source; do not infer a policy from absence of evidence."
"cheyenne","Cheyenne Transit Program","Wyoming","research-incomplete","https://cheyennecity.org/Transit","0","Find and review an official fare, transfer, rider-guide, or policy source; do not infer a policy from absence of evidence."
"sioux-city","Sioux City Transit","Iowa","research-incomplete","https://www.sioux-city.org/services/transit","0","Find and review an official fare, transfer, rider-guide, or policy source; do not infer a policy from absence of evidence."
"imperial-valley","Imperial Valley Transit","California","official-source-candidate","http://www.ivtransit.com/","2","Manually review the official candidate pages for transfer validity, limit, and cost."
"kern-transit","Kern Transit","California","research-incomplete","http://kerntransit.org/?referrer=gtfs","0","Find and review an official fare, transfer, rider-guide, or policy source; do not infer a policy from absence of evidence."
"banning","Banning Connect","California","official-source-candidate","http://www.ci.banning.ca.us/351/Bus-Schedules","1","Manually review the official candidate pages for transfer validity, limit, and cost."
"beaumont-ca","Beaumont Transit","California","official-source-candidate","https://www.beaumontca.gov/index.aspx?NID=90","1","Manually review the official candidate pages for transfer validity, limit, and cost."
"corona","Corona Cruiser","California","official-source-candidate","http://www.coronaca.gov/government/departments-divisions/public-works/public-transit/corona-cruiser","1","Manually review the official candidate pages for transfer validity, limit, and cost."
"thousand-oaks","Thousand Oaks Transit","California","research-incomplete","https://www.toaks.org/departments/public-works/transit","0","Find and review an official fare, transfer, rider-guide, or policy source; do not infer a policy from absence of evidence."
"simi-valley","Simi Valley Transit","California","research-incomplete","http://www.simivalley.org/departments/community-services/simi-valley-transit","0","Find and review an official fare, transfer, rider-guide, or policy source; do not infer a policy from absence of evidence."
"camarillo","Camarillo Area Transit","California","official-source-candidate","https://www.cityofcamarillo.org/residents/public_transportation/camarillo_area_transit.php","2","Manually review the official candidate pages for transfer validity, limit, and cost."
"basin-transit","Basin Transit","California","official-source-candidate","http://www.mbtabus.com/","4","Manually review the official candidate pages for transfer validity, limit, and cost."
"needles","Needles Area Transit","California","research-incomplete","https://cityofneedles.com/transit/","0","Find and review an official fare, transfer, rider-guide, or policy source; do not infer a policy from absence of evidence."
"arvin","Arvin Transit","California","official-source-candidate","https://www.arvin.org/202/Routes-Schedules-Fares","6","Manually review the official candidate pages for transfer validity, limit, and cost."
"moorpark","Moorpark City Transit","California","official-source-candidate","https://www.moorparkca.gov/227/Bus-Ride-Guide","3","Manually review the official candidate pages for transfer validity, limit, and cost."
"valley-express","Valley Express","California","official-source-candidate","http://www.valleyexpressbus.org/","6","Manually review the official candidate pages for transfer validity, limit, and cost."
"laguna-beach","Laguna Beach Transit","California","research-incomplete","http://www.lagunabeachcity.net/cityhall/transit_and_trolleys/","0","Find and review an official fare, transfer, rider-guide, or policy source; do not infer a policy from absence of evidence."
"taft","Taft Area Transit","California","research-incomplete","https://www.cityoftaft.org/pview.aspx?id=5385&catid=563","0","Find and review an official fare, transfer, rider-guide, or policy source; do not infer a policy from absence of evidence."
"seattle-monorail","Seattle Center Monorail","Washington","official-source-candidate","http://www.seattlemonorail.com","5","Manually review the official candidate pages for transfer validity, limit, and cost."
"snoqualmie-valley","Snoqualmie Valley Transportation","Washington","official-source-candidate","http://www.svtbus.org/","1","Manually review the official candidate pages for transfer validity, limit, and cost."
"seattle-streetcar","Seattle Streetcar","Washington","official-source-candidate","https://kingcounty.gov/en/dept/metro","7","Manually review the official candidate pages for transfer validity, limit, and cost."
"metz","Le Met' (Metz)","Grand Est","official-source-candidate","https://www.lemet.fr/","2","Manually review the official candidate pages for transfer validity, limit, and cost."
"nancy","Réseau Stan (Nancy)","Grand Est","official-source-candidate","https://www.reseau-stan.com/","7","Manually review the official candidate pages for transfer validity, limit, and cost."
"rennes","STAR (Rennes)","Bretagne","research-incomplete","https://www.star.fr/","0","Find and review an official fare, transfer, rider-guide, or policy source; do not infer a policy from absence of evidence."
"tours","Fil Bleu (Tours)","Centre-Val de Loire","official-source-candidate","https://www.filbleu.fr/","7","Manually review the official candidate pages for transfer validity, limit, and cost."
"bordeaux","TBM (Bordeaux)","Nouvelle-Aquitaine","official-source-candidate","https://www.infotbm.com/","2","Manually review the official candidate pages for transfer validity, limit, and cost."
"angers","Irigo (Angers)","Pays de la Loire","official-source-candidate","https://www.irigo.fr/","3","Manually review the official candidate pages for transfer validity, limit, and cost."
"chambery","Synchro (Chambéry)","Auvergne-Rhône-Alpes","research-incomplete","https://www.synchro.grandchambery.fr/","0","Find and review an official fare, transfer, rider-guide, or policy source; do not infer a policy from absence of evidence."
"le-mans","SETRAM (Le Mans)","Pays de la Loire","research-incomplete","https://www.setram.fr/","0","Find and review an official fare, transfer, rider-guide, or policy source; do not infer a policy from absence of evidence."
"besancon","Ginko (Besançon)","Bourgogne-Franche-Comté","official-source-candidate","https://www.ginko.voyage/","7","Manually review the official candidate pages for transfer validity, limit, and cost."
"annecy","Sibra (Annecy)","Auvergne-Rhône-Alpes","official-source-candidate","https://www.sibra.fr/","6","Manually review the official candidate pages for transfer validity, limit, and cost."
"amiens","Ametis (Amiens)","Hauts-de-France","research-incomplete","https://www.ametois.fr/","0","Find and review an official fare, transfer, rider-guide, or policy source; do not infer a policy from absence of evidence."
"avignon","Orizo (Avignon)","Provence-Alpes-Côte d'Azur","official-source-candidate","https://www.orizo.fr/","3","Manually review the official candidate pages for transfer validity, limit, and cost."
"beziers","beeMob (Béziers)","Occitanie","official-source-candidate","https://www.beemob.fr/","4","Manually review the official candidate pages for transfer validity, limit, and cost."
"bourges","AggloBus (Bourges)","Centre-Val de Loire","official-source-candidate","https://www.agglobus.com/","2","Manually review the official candidate pages for transfer validity, limit, and cost."
"caen","Twisto (Caen)","Normandie","official-source-candidate","https://www.twisto.fr/","4","Manually review the official candidate pages for transfer validity, limit, and cost."
"chartres","Filibus (Chartres)","Centre-Val de Loire","research-incomplete","https://www.filibus.fr/","0","Find and review an official fare, transfer, rider-guide, or policy source; do not infer a policy from absence of evidence."
"clermont","T2C (Clermont-Ferrand)","Auvergne-Rhône-Alpes","official-source-candidate","https://www.t2c.fr/","2","Manually review the official candidate pages for transfer validity, limit, and cost."
"dunkirk","DK'Bus (Dunkerque)","Hauts-de-France","research-incomplete","https://www.dkbus.com/","0","Find and review an official fare, transfer, rider-guide, or policy source; do not infer a policy from absence of evidence."
"laval","TUL (Laval)","Pays de la Loire","research-incomplete","https://www.tul-laval.fr/","0","Find and review an official fare, transfer, rider-guide, or policy source; do not infer a policy from absence of evidence."
"lorient","Izilo (Lorient)","Bretagne","official-source-candidate","https://www.izilo.bzh/","7","Manually review the official candidate pages for transfer validity, limit, and cost."
"lyon","TCL (Lyon)","Auvergne-Rhône-Alpes","research-incomplete","https://www.tcl.fr/","0","Find and review an official fare, transfer, rider-guide, or policy source; do not infer a policy from absence of evidence."
"marseille","RTM (Marseille)","Provence-Alpes-Côte d'Azur","official-source-candidate","https://www.rtm.fr/","5","Manually review the official candidate pages for transfer validity, limit, and cost."
"mulhouse","Soléa (Mulhouse)","Grand Est","official-source-candidate","https://www.solea.info/","3","Manually review the official candidate pages for transfer validity, limit, and cost."
"nice-fr","Lignes d'Azur (Nice)","Provence-Alpes-Côte d'Azur","official-source-candidate","https://www.lignesdazur.com/","4","Manually review the official candidate pages for transfer validity, limit, and cost."
"nimes","Tango (Nîmes)","Occitanie","research-incomplete","https://www.tangonimes.fr/","0","Find and review an official fare, transfer, rider-guide, or policy source; do not infer a policy from absence of evidence."
"orleans","TAO (Orléans)","Centre-Val de Loire","research-incomplete","https://www.reseau-tao.fr/","0","Find and review an official fare, transfer, rider-guide, or policy source; do not infer a policy from absence of evidence."
"poitiers","Vitalis (Poitiers)","Nouvelle-Aquitaine","official-source-candidate","https://www.vitalis-poitiers.fr/","4","Manually review the official candidate pages for transfer validity, limit, and cost."
"quimper","Qub (Quimper)","Bretagne","official-source-candidate","https://www.qub.fr/","6","Manually review the official candidate pages for transfer validity, limit, and cost."
"rouen","Astuce (Rouen)","Normandie","research-incomplete","https://www.reseau-astuce.fr/","0","Find and review an official fare, transfer, rider-guide, or policy source; do not infer a policy from absence of evidence."
"saint-nazaire","Ycéo (Saint-Nazaire)","Pays de la Loire","research-incomplete","https://www.strann.fr/","0","Find and review an official fare, transfer, rider-guide, or policy source; do not infer a policy from absence of evidence."
"toulon","Mistral (Toulon)","Provence-Alpes-Côte d'Azur","official-source-candidate","https://www.reseaumistral.com/","7","Manually review the official candidate pages for transfer validity, limit, and cost."
"toulouse","Tisséo (Toulouse)","Occitanie","official-source-candidate","https://www.tisseo.fr/","3","Manually review the official candidate pages for transfer validity, limit, and cost."
"troyes","TCAT (Troyes)","Grand Est","official-source-candidate","https://www.tcat.fr/","1","Manually review the official candidate pages for transfer validity, limit, and cost."
"valence","Citéa (Valence Romans)","Auvergne-Rhône-Alpes","research-incomplete","https://www.vrd-mobilites.fr/","0","Find and review an official fare, transfer, rider-guide, or policy source; do not infer a policy from absence of evidence."
"vannes","Kicéo (Vannes)","Bretagne","research-incomplete","https://www.kiceo.fr/","0","Find and review an official fare, transfer, rider-guide, or policy source; do not infer a policy from absence of evidence."
"arles","Envia (Arles)","Provence-Alpes-Côte d'Azur","research-incomplete","","0","Find and review an official fare, transfer, rider-guide, or policy source; do not infer a policy from absence of evidence."
"beauvais","Corolis (Beauvais)","Hauts-de-France","official-source-candidate","https://www.corolis.fr","6","Manually review the official candidate pages for transfer validity, limit, and cost."
"belfort","Optymo (Belfort)","Bourgogne-Franche-Comté","official-source-candidate","https://www.optymo.fr/","7","Manually review the official candidate pages for transfer validity, limit, and cost."
"blois","Azalys (Blois)","Centre-Val de Loire","research-incomplete","https://www.azalys-blois.fr/","0","Find and review an official fare, transfer, rider-guide, or policy source; do not infer a policy from absence of evidence."
"boulogne-sur-mer","Marinéo (Boulogne)","Hauts-de-France","official-source-candidate","https://www.marineo.fr/","2","Manually review the official candidate pages for transfer validity, limit, and cost."
"brive","Libéo (Brive)","Nouvelle-Aquitaine","official-source-candidate","https://www.libeo-brive.fr/","6","Manually review the official candidate pages for transfer validity, limit, and cost."
"cahors","Cahors urbain","Occitanie","research-incomplete","https://www.bus-evidence.fr/","0","Find and review an official fare, transfer, rider-guide, or policy source; do not infer a policy from absence of evidence."
"cannes","Palm Bus (Cannes)","Provence-Alpes-Côte d'Azur","research-incomplete","https://www.palmbus.fr/","0","Find and review an official fare, transfer, rider-guide, or policy source; do not infer a policy from absence of evidence."
"carcassonne","RTCA (Carcassonne)","Occitanie","research-incomplete","","0","Find and review an official fare, transfer, rider-guide, or policy source; do not infer a policy from absence of evidence."
"castres","Libellus (Castres)","Occitanie","official-source-candidate","https://www.castres-mazamet.fr/lignes-regulieres","5","Manually review the official candidate pages for transfer validity, limit, and cost."
"chateauroux","Horizon (Châteauroux)","Centre-Val de Loire","research-incomplete","","0","Find and review an official fare, transfer, rider-guide, or policy source; do not infer a policy from absence of evidence."
"colmar","Trace (Colmar)","Grand Est","research-incomplete","https://www.trace-colmar.fr","0","Find and review an official fare, transfer, rider-guide, or policy source; do not infer a policy from absence of evidence."
"compiegne","TIC (Compiègne)","Hauts-de-France","official-source-candidate","https://www.oise-mobilite.fr/","2","Manually review the official candidate pages for transfer validity, limit, and cost."
"douai","Évasion (Douai)","Hauts-de-France","research-incomplete","","0","Find and review an official fare, transfer, rider-guide, or policy source; do not infer a policy from absence of evidence."
"epinal","Imagine (Épinal)","Grand Est","official-source-candidate","https://www.keolis.com/","3","Manually review the official candidate pages for transfer validity, limit, and cost."
"evreux","Transurbain (Évreux)","Normandie","research-incomplete","","0","Find and review an official fare, transfer, rider-guide, or policy source; do not infer a policy from absence of evidence."
"fougeres","Surfline (Fougères)","Bretagne","research-incomplete","","0","Find and review an official fare, transfer, rider-guide, or policy source; do not infer a policy from absence of evidence."
"grasse","Sillages (Grasse)","Provence-Alpes-Côte d'Azur","research-incomplete","","0","Find and review an official fare, transfer, rider-guide, or policy source; do not infer a policy from absence of evidence."
"lens","Tadao (Lens-Liévin)","Hauts-de-France","official-source-candidate","https://www.tadao.fr/","2","Manually review the official candidate pages for transfer validity, limit, and cost."
"menton","Zest (Menton)","Provence-Alpes-Côte d'Azur","research-incomplete","","0","Find and review an official fare, transfer, rider-guide, or policy source; do not infer a policy from absence of evidence."
"mont-de-marsan","TMA (Mont-de-Marsan)","Nouvelle-Aquitaine","research-incomplete","https://bustma.com/fr/","0","Find and review an official fare, transfer, rider-guide, or policy source; do not infer a policy from absence of evidence."
"montbeliard","Evolity (Montbéliard)","Bourgogne-Franche-Comté","official-source-candidate","https://www.evolity.fr/","7","Manually review the official candidate pages for transfer validity, limit, and cost."
"morlaix","Linéotim (Morlaix)","Bretagne","official-source-candidate","https://www.lineotim.com/fr/","1","Manually review the official candidate pages for transfer validity, limit, and cost."
"nevers","Taneo (Nevers)","Bourgogne-Franche-Comté","research-incomplete","https://www.taneo-nevers.fr/","0","Find and review an official fare, transfer, rider-guide, or policy source; do not infer a policy from absence of evidence."
"niort","TanLib (Niort)","Nouvelle-Aquitaine","official-source-candidate","https://tanlib.com/","1","Manually review the official candidate pages for transfer validity, limit, and cost."
"quimperle","TBK (Quimperlé)","Bretagne","research-incomplete","http://www.giro.ca","0","Find and review an official fare, transfer, rider-guide, or policy source; do not infer a policy from absence of evidence."
"romans","Citéa Romans","Auvergne-Rhône-Alpes","official-source-candidate","https://www.valenceromansmobilites.fr","4","Manually review the official candidate pages for transfer validity, limit, and cost."
"saint-brieuc","TUB (Saint-Brieuc)","Bretagne","research-incomplete","","0","Find and review an official fare, transfer, rider-guide, or policy source; do not infer a policy from absence of evidence."
"saint-omer","MouvO (Saint-Omer)","Hauts-de-France","research-incomplete","http://www.ca-pso.fr","0","Find and review an official fare, transfer, rider-guide, or policy source; do not infer a policy from absence of evidence."
"saintes","Buséau (Saintes)","Nouvelle-Aquitaine","official-source-candidate","https://www.ratpdev.com","1","Manually review the official candidate pages for transfer validity, limit, and cost."
"tarbes","TLP Mobilités (Tarbes)","Occitanie","research-incomplete","","0","Find and review an official fare, transfer, rider-guide, or policy source; do not infer a policy from absence of evidence."
"valenciennes","Transvilles (Valenciennes)","Hauts-de-France","official-source-candidate","https://www.transvilles.com/","7","Manually review the official candidate pages for transfer validity, limit, and cost."
"vierzon","Le Vib (Vierzon)","Centre-Val de Loire","research-incomplete","","0","Find and review an official fare, transfer, rider-guide, or policy source; do not infer a policy from absence of evidence."
"albi","LibéA (Albi)","Occitanie","research-incomplete","","0","Find and review an official fare, transfer, rider-guide, or policy source; do not infer a policy from absence of evidence."
"ales","Ales'y (Alès)","Occitanie","research-incomplete","","0","Find and review an official fare, transfer, rider-guide, or policy source; do not infer a policy from absence of evidence."
"angouleme","Möbius (Angoulême)","Nouvelle-Aquitaine","research-incomplete","","0","Find and review an official fare, transfer, rider-guide, or policy source; do not infer a policy from absence of evidence."
"arcachon","Baïa (Bassin d'Arcachon)","Nouvelle-Aquitaine","official-source-candidate","http://www.bus-baia.fr/","2","Manually review the official candidate pages for transfer validity, limit, and cost."
"auch","Alliance (Auch)","Occitanie","official-source-candidate","https://www.alliance-bus.com/","2","Manually review the official candidate pages for transfer validity, limit, and cost."
"cavaillon","Cmonbus (Cavaillon)","Provence-Alpes-Côte d'Azur","research-incomplete","https://www.luberonmontsdevaucluse.fr/agglomeration/c-mon-bus","0","Find and review an official fare, transfer, rider-guide, or policy source; do not infer a policy from absence of evidence."
"chamonix","Chamonix Mobilités","Auvergne-Rhône-Alpes","research-incomplete","","0","Find and review an official fare, transfer, rider-guide, or policy source; do not infer a policy from absence of evidence."
"cherbourg","Cap Cotentin (Cherbourg)","Normandie","research-incomplete","","0","Find and review an official fare, transfer, rider-guide, or policy source; do not infer a policy from absence of evidence."
"coutances","Cosibus (Coutances)","Normandie","research-incomplete","","0","Find and review an official fare, transfer, rider-guide, or policy source; do not infer a policy from absence of evidence."
"dinan","Dinamo (Dinan)","Bretagne","research-incomplete","","0","Find and review an official fare, transfer, rider-guide, or policy source; do not infer a policy from absence of evidence."
"gap","Trotibus (Gap)","Provence-Alpes-Côte d'Azur","research-incomplete","https://www.gap-tallard-durance.fr","0","Find and review an official fare, transfer, rider-guide, or policy source; do not infer a policy from absence of evidence."
"guingamp","Guingamp-Paimpol Mobilité","Bretagne","research-incomplete","","0","Find and review an official fare, transfer, rider-guide, or policy source; do not infer a policy from absence of evidence."
"libourne","Calibus (Libourne)","Nouvelle-Aquitaine","research-incomplete","https://www.calibus.fr","0","Find and review an official fare, transfer, rider-guide, or policy source; do not infer a policy from absence of evidence."
"louviers","SEMO (Louviers)","Normandie","research-incomplete","","0","Find and review an official fare, transfer, rider-guide, or policy source; do not infer a policy from absence of evidence."
"montauban","TM (Montauban)","Occitanie","research-incomplete","","0","Find and review an official fare, transfer, rider-guide, or policy source; do not infer a policy from absence of evidence."
"moulins","Aléo (Moulins)","Auvergne-Rhône-Alpes","research-incomplete","https://www.aleo-moulins.fr/","0","Find and review an official fare, transfer, rider-guide, or policy source; do not infer a policy from absence of evidence."
"oyonnax","Duobus (Oyonnax)","Auvergne-Rhône-Alpes","official-source-candidate","https://www.duobus.fr/","3","Manually review the official candidate pages for transfer validity, limit, and cost."
"porto-vecchio","A Citadina (Porto-Vecchio)","Corse","official-source-candidate","https://acitadina.fr/","1","Manually review the official candidate pages for transfer validity, limit, and cost."
"privas","T'CAP (Privas)","Auvergne-Rhône-Alpes","research-incomplete","","0","Find and review an official fare, transfer, rider-guide, or policy source; do not infer a policy from absence of evidence."
"saint-quentin","TUC (Saint-Quentin)","Hauts-de-France","research-incomplete","","0","Find and review an official fare, transfer, rider-guide, or policy source; do not infer a policy from absence of evidence."
"selestat","ELSA (Sélestat)","Grand Est","official-source-candidate","https://elsa-mobilites.fr/","3","Manually review the official candidate pages for transfer validity, limit, and cost."
"vichy","MobiVie (Vichy)","Auvergne-Rhône-Alpes","research-incomplete","","0","Find and review an official fare, transfer, rider-guide, or policy source; do not infer a policy from absence of evidence."
"villeneuve-sur-lot","Elios (Villeneuve-sur-Lot)","Nouvelle-Aquitaine","research-incomplete","","0","Find and review an official fare, transfer, rider-guide, or policy source; do not infer a policy from absence of evidence."
"aix-les-bains","Aix-les-Bains","Auvergne-Rhône-Alpes","official-source-candidate","https://www.ondea-bus.fr","7","Manually review the official candidate pages for transfer validity, limit, and cost."
"amberieu","Ambérieu","Auvergne-Rhône-Alpes","official-source-candidate","https://www.laregionvoustransporte.fr","3","Manually review the official candidate pages for transfer validity, limit, and cost."
"chalons","SITAC (Châlons)","Grand Est","research-incomplete","http://www.businfo-groupe.com","0","Find and review an official fare, transfer, rider-guide, or policy source; do not infer a policy from absence of evidence."
"cosne","Cosne-Cours-sur-Loire","Bourgogne-Franche-Comté","research-incomplete","https://www.coeurdeloire.fr/","0","Find and review an official fare, transfer, rider-guide, or policy source; do not infer a policy from absence of evidence."
"dole","Dole","Bourgogne-Franche-Comté","research-incomplete","","0","Find and review an official fare, transfer, rider-guide, or policy source; do not infer a policy from absence of evidence."
"draguignan","TedBus (Draguignan)","Provence-Alpes-Côte d'Azur","official-source-candidate","http://www.tedbus.com","4","Manually review the official candidate pages for transfer validity, limit, and cost."
"dreux","Dreux","Centre-Val de Loire","research-incomplete","http://www.linead.fr/","0","Find and review an official fare, transfer, rider-guide, or policy source; do not infer a policy from absence of evidence."
"fecamp","Fécamp","Normandie","research-incomplete","","0","Find and review an official fare, transfer, rider-guide, or policy source; do not infer a policy from absence of evidence."
"figeac","Figeac","Occitanie","research-incomplete","http://www.cars-delbos.com/","0","Find and review an official fare, transfer, rider-guide, or policy source; do not infer a policy from absence of evidence."
"flers","Flers","Normandie","research-incomplete","http://www.flers-agglo.fr/cadre-de-vie/transport-et-mobilite/transports-urbains-transports-a-la-demande-tad/","0","Find and review an official fare, transfer, rider-guide, or policy source; do not infer a policy from absence of evidence."
"la-roche-sur-yon","Impulsyon (La Roche-sur-Yon)","Pays de la Loire","research-incomplete","https://orchestra.ratpdev.com","0","Find and review an official fare, transfer, rider-guide, or policy source; do not infer a policy from absence of evidence."
"lannion","TILT (Lannion)","Bretagne","research-incomplete","https://www.lannion-tregor.com/fr/deplacements.html","0","Find and review an official fare, transfer, rider-guide, or policy source; do not infer a policy from absence of evidence."
"manosque","TransAgglo (Manosque)","Provence-Alpes-Côte d'Azur","official-source-candidate","https://mobilite.dlva.fr/","3","Manually review the official candidate pages for transfer validity, limit, and cost."
"mende","Mende","Occitanie","research-incomplete","","0","Find and review an official fare, transfer, rider-guide, or policy source; do not infer a policy from absence of evidence."
"narbonne","Citibus (Narbonne)","Occitanie","official-source-candidate","https://www.citibus.fr","7","Manually review the official candidate pages for transfer validity, limit, and cost."
"oloron","Oloron-Sainte-Marie","Nouvelle-Aquitaine","research-incomplete","http://www.oloron-ste-marie.fr/","0","Find and review an official fare, transfer, rider-guide, or policy source; do not infer a policy from absence of evidence."
"pont-audemer","Pont-Audemer","Normandie","official-source-candidate","https://www.ville-pont-audemer.fr/vivre-ici/environnement-cadre-de-vie-transports/transports-2/transports/","2","Manually review the official candidate pages for transfer validity, limit, and cost."
"redon","Redon","Bretagne","official-source-candidate","https://www.red.bzh/","5","Manually review the official candidate pages for transfer validity, limit, and cost."
"rumilly","Rumilly","Auvergne-Rhône-Alpes","research-incomplete","","0","Find and review an official fare, transfer, rider-guide, or policy source; do not infer a policy from absence of evidence."
"sarlat","Sarlat","Nouvelle-Aquitaine","official-source-candidate","https://perigord-voyagessarl.com/","1","Manually review the official candidate pages for transfer validity, limit, and cost."
"saumur","Saumur Agglobus","Pays de la Loire","official-source-candidate","https://ogalosaumurvaldeloire.anvergur.org/ogalosaumurvaldeloire/#!","1","Manually review the official candidate pages for transfer validity, limit, and cost."
"sete","Sète","Occitanie","official-source-candidate","https://www.mobilite.agglopole.fr/","5","Manually review the official candidate pages for transfer validity, limit, and cost."
"thiers","Thiers","Auvergne-Rhône-Alpes","research-incomplete","http://www.bus-tut.com","0","Find and review an official fare, transfer, rider-guide, or policy source; do not infer a policy from absence of evidence."
"vendome","Vendôme","Centre-Val de Loire","official-source-candidate","https://move-vendomois.fr/","3","Manually review the official candidate pages for transfer validity, limit, and cost."
"vesoul","Vesoul","Bourgogne-Franche-Comté","research-incomplete","","0","Find and review an official fare, transfer, rider-guide, or policy source; do not infer a policy from absence of evidence."
"godurham","GoDurham","North Carolina","official-source-candidate","https://godurhamtransit.org/","2","Manually review the official candidate pages for transfer validity, limit, and cost."
"jacksonville-nc","Jacksonville Transit","North Carolina","official-source-candidate","https://jacksonvillenc.gov/224/Jacksonville-Transit","3","Manually review the official candidate pages for transfer validity, limit, and cost."
"fast-nc","Fayetteville Area System of Transit","North Carolina","research-incomplete","fast.transloc.com","0","Find and review an official fare, transfer, rider-guide, or policy source; do not infer a policy from absence of evidence."
"greenway","Greenway Public Transportation","North Carolina","official-source-candidate","http://www.mygreenway.org/","2","Manually review the official candidate pages for transfer validity, limit, and cost."
"concord-kannapolis","Rider Transit","North Carolina","research-incomplete","http://trackingckrider.com","0","Find and review an official fare, transfer, rider-guide, or policy source; do not infer a policy from absence of evidence."
"gaston-county","Gaston County Transit","North Carolina","research-incomplete","http://www.gastongov.com/government/departments/health_and_human_services/social_services/access.php","0","Find and review an official fare, transfer, rider-guide, or policy source; do not infer a policy from absence of evidence."
"sunshine-bus","Sunshine Bus Company","Florida","official-source-candidate","http://www.sunshinebus.net/","2","Manually review the official candidate pages for transfer validity, limit, and cost."
"key-west-transit","Key West Transit","Florida","research-incomplete","https://kwtransit.com","0","Find and review an official fare, transfer, rider-guide, or policy source; do not infer a policy from absence of evidence."
"citylink-north","Kootenai County Citylink North","Idaho","research-incomplete","https://www.kcgov.us/486/Transit-Services","0","Find and review an official fare, transfer, rider-guide, or policy source; do not infer a policy from absence of evidence."
"dcta","Denton County Transportation Authority (DCTA)","Texas","official-source-candidate","http://www.dcta.net","7","Manually review the official candidate pages for transfer validity, limit, and cost."
"waco","Waco Transit System","Texas","research-incomplete","https://wacotransit.transloc.com","0","Find and review an official fare, transfer, rider-guide, or policy source; do not infer a policy from absence of evidence."
"brazos","Brazos Transit District","Texas","official-source-candidate","https://www.btd.org/","4","Manually review the official candidate pages for transfer validity, limit, and cost."
"lafayette-la","Lafayette Transit System","Louisiana","research-incomplete","https://www.ridelts.com/","0","Find and review an official fare, transfer, rider-guide, or policy source; do not infer a policy from absence of evidence."
"coast-transit-ms","Coast Transit Authority","Mississippi","official-source-candidate","https://coasttransit.com/","6","Manually review the official candidate pages for transfer validity, limit, and cost."
"hub-city-transit","Hub City Transit","Mississippi","official-source-candidate","http://www.hattiesburgms.com/government/departments/urban-development/hub-city-transit/","1","Manually review the official candidate pages for transfer validity, limit, and cost."
"tank","Transit Authority of Northern Kentucky (TANK)","Kentucky","official-source-candidate","https://www.tankbus.org/","7","Manually review the official candidate pages for transfer validity, limit, and cost."
"sandusky","Sandusky Transit System","Ohio","official-source-candidate","https://www.cityofsandusky.com/community/sandusky_transit_system/index.php","2","Manually review the official candidate pages for transfer validity, limit, and cost."
"bay-metro","Bay Metro (Bay City)","Michigan","official-source-candidate","https://www.baymetro.com","6","Manually review the official candidate pages for transfer validity, limit, and cost."
"burlington-ia","Burlington Urban Service (BUS)","Iowa","research-incomplete","http://www.burlingtoniowa.org/2265/Burlington-Urban-Service-BUS","0","Find and review an official fare, transfer, rider-guide, or policy source; do not infer a policy from absence of evidence."
"jefftran","Jefferson City Transit (JeffTran)","Missouri","official-source-candidate","https://www.jeffersoncitymo.gov/government/transit","2","Manually review the official candidate pages for transfer validity, limit, and cost."
"muskegon","Muskegon Area Transit System","Michigan","official-source-candidate","https://matsbus.com/","2","Manually review the official candidate pages for transfer validity, limit, and cost."
"telluride","Town of Telluride (Galloping Goose)","Colorado","official-source-candidate","https://www.telluride.gov/254/Transit-Division","1","Manually review the official candidate pages for transfer validity, limit, and cost."
"mountain-village","Town of Mountain Village Transit","Colorado","official-source-candidate","https://townofmountainvillage.com/getting-around/","1","Manually review the official candidate pages for transfer validity, limit, and cost."
"smart-telluride","San Miguel Authority for Regional Transportation (SMART)","Colorado","research-incomplete","https://smarttelluride.colorado.gov/","0","Find and review an official fare, transfer, rider-guide, or policy source; do not infer a policy from absence of evidence."
"snowmass-village","Snowmass Village Shuttle","Colorado","official-source-candidate","https://www.snowmasstransit.com/133/Routes-Schedules","2","Manually review the official candidate pages for transfer validity, limit, and cost."
"winter-park","The Lift","Colorado","research-incomplete","https://www.theliftwp.com/","0","Find and review an official fare, transfer, rider-guide, or policy source; do not infer a policy from absence of evidence."
"roundabout","Clear Creek County Transit (RoundAbout)","Colorado","official-source-candidate","https://www.clearcreekcounty.us/857/RoundAbout-Bus-Service","1","Manually review the official candidate pages for transfer validity, limit, and cost."
"breck-free-ride","Breckenridge Free Ride","Colorado","research-incomplete","https://www.breckfreeride.com/","0","Find and review an official fare, transfer, rider-guide, or policy source; do not infer a policy from absence of evidence."
"summit-stage","Summit Stage","Colorado","official-source-candidate","https://www.summitcountyco.gov/586/Transit-Summit-Stage","1","Manually review the official candidate pages for transfer validity, limit, and cost."
"vail-transit","Vail Transit","Colorado","research-incomplete","https://www.vail.gov/government/departments/transportation-services/bus-information","0","Find and review an official fare, transfer, rider-guide, or policy source; do not infer a policy from absence of evidence."
"avon-transit","Avon Transit","Colorado","official-source-candidate","https://www.avon.org/2038/Mobility","1","Manually review the official candidate pages for transfer validity, limit, and cost."
"timmins","Timmins Transit","Ontario","official-source-candidate","https://www.timmins.ca/our_services/timmins_transit","3","Manually review the official candidate pages for transfer validity, limit, and cost."
"casper","Casper Area Transit","Wyoming","official-source-candidate","https://www.cityofcasperwy.com/residents/roads_and_parking/metropolitan_planning_organization/casper_area_transit_/","4","Manually review the official candidate pages for transfer validity, limit, and cost."
