slug,agencyName,status,sourceUrl,verificationStatus,verificationCheckedAt,comparison,accessible,effectiveDate,manualConfirmationRequired
"barrie","Barrie Transit","confirmed","https://www.barrie.ca/Barrie-Transit-Route-7.pdf","inaccessible","2026-10-01","source-inaccessible","false","","true"
"belleville","Belleville Transit","confirmed","https://www.belleville.ca/walk-ride-and-drive/transit/fares-and-passes/","accessible","2026-10-01","supports-existing-policy","true","","false"
"brampton","Brampton Transit","confirmed","https://www1.brampton.ca/EN/residents/transit/Fares/Pages/Transfers-and-Connecting-Transit.aspx","accessible","2026-10-01","supports-existing-policy","true","","false"
"burlington","Burlington Transit","confirmed","https://www.burlington.ca/en/transit/fares.aspx","accessible","2026-10-01","supports-existing-policy","true","","false"
"chatham-kent","Ride CK","confirmed","https://www.chatham-kent.ca/transit/travellingwithus/policies/Pages/Transfer-Policy.aspx","accessible","2026-10-01","supports-existing-policy","true","","false"
"cornwall","Cornwall Transit","no_transfer_policy_published","https://www.cornwall.ca/en/live-here/cornwall-transit.aspx","accessible","2026-10-01","supports-no-policy-found","true","","false"
"drt","Durham Region Transit","confirmed","https://www.durhamregiontransit.com/fares-passes/transfers/","accessible","2026-10-01","supports-existing-policy","true","","false"
"go","GO Transit","no_transfer_policy_published","https://www.gotransit.com/en/tickets","accessible","2026-10-01","supports-no-policy-found","true","","false"
"grt","Grand River Transit (Waterloo Region)","confirmed","https://www.grt.ca/fares-and-payment/tickets-and-passes/single-ticketfare/","accessible","2026-10-01","manual-review-required","true","","true"
"guelph","Guelph Transit","confirmed","https://guelph.ca/living/getting-around/bus/fares-and-passes/","accessible","2026-10-01","supports-existing-policy","true","","false"
"hamilton","Hamilton Street Railway","confirmed","https://www.hamilton.ca/home-neighbourhood/hsr/fares/transfers-connections","accessible","2026-10-01","supports-existing-policy","true","","false"
"kingston","Kingston Transit","confirmed","https://www.kingstontransit.ca/fares-and-passes/standard-fares-and-passes/","accessible","2026-10-01","supports-existing-policy","true","","false"
"london","London Transit Commission","confirmed","https://www.londontransit.ca/fares-and-passes/fares/","accessible","2026-10-01","supports-existing-policy","true","","false"
"miway","MiWay (Mississauga)","confirmed","https://www.mississauga.ca/miway-transit/fares/transfers/","accessible","2026-10-01","supports-existing-policy","true","","false"
"milton","Milton Transit","confirmed","https://www.milton.ca/en/town-hall/resources/Accessible_Bylaws/User-Fees-By-law-062-2024.pdf","accessible","2026-10-01","manual-review-required","true","","true"
"niagara","Niagara Transit","confirmed","https://www.nrtransit.ca/fares","accessible","2026-10-01","supports-existing-policy","true","","false"
"octranspo","OC Transpo (Ottawa)","confirmed","https://www.octranspo.com/en/fares/payment/presto/","accessible","2026-10-01","supports-existing-policy","true","","false"
"oakville","Oakville Transit","confirmed","https://www.oakvilletransit.ca/fares/fare-policy/","accessible","2026-10-01","supports-existing-policy","true","","false"
"orangeville","Orangeville Transit","confirmed","https://www.orangeville.ca/en/living-here/fare-free-transit.aspx","accessible","2026-10-01","manual-review-required","true","","true"
"orillia","Orillia Transit","confirmed","https://www.orillia.ca/roads-and-environment/getting-around/transit/transit-schedule-and-fares/","accessible","2026-10-01","supports-existing-policy","true","","false"
"owen-sound","Owen Sound Transit","confirmed","https://www.owensound.ca/living-here/public-transit/city-bus-service/","accessible","2026-10-01","manual-review-required","true","","true"
"north-bay","North Bay Transit","confirmed","https://northbay.ca/services-payments/north-bay-transit/transit-fares-passes/","accessible","2026-10-01","supports-existing-policy","true","","false"
"sarnia","Sarnia Transit","confirmed","https://www.sarnia.ca/app/uploads/2021/05/MEDIA-RELEASE-2021-05-14-SARNIA-TRANSIT-FULL-FARES-RETURN.pdf","inaccessible","2026-10-01","source-inaccessible","false","","true"
"simcoe","Simcoe County LINX","confirmed","https://simcoe.ca/residents/linx-transit/fare-information/","accessible","2026-10-01","manual-review-required","true","","true"
"st-thomas","St. Thomas Transit","confirmed","https://www.stthomas.ca/living_here/localmotion/fares","accessible","2026-10-01","manual-review-required","true","","true"
"stratford","Stratford Transit","no_transfer_policy_published","https://www.stratford.ca/en/live-here/transit.aspx","accessible","2026-10-01","supports-no-policy-found","true","","false"
"ttc","Toronto Transit Commission","confirmed","https://www.ttc.ca/Fares-and-passes","accessible","2026-10-01","supports-existing-policy","true","","false"
"windsor","Transit Windsor","confirmed","https://www.citywindsor.ca/residents/transit-windsor/fares/","accessible","2026-10-01","supports-existing-policy","true","","false"
"upexpress","UP Express (Toronto)","no_transfer_policy_published","https://www.upexpress.com/en/ways-to-pay/up-express-fares","accessible","2026-10-01","supports-no-policy-found","true","","false"
"yrt","York Region Transit","confirmed","https://www.yrt.ca/en/fares-and-passes/proof-of-payment-and-transfers.aspx","accessible","2026-10-01","supports-existing-policy","true","","false"
"linter","L'Inter des Laurentides","confirmed","https://www.transportlaurentides.ca/inter/tarifs-et-points-de-vente/","accessible","2026-10-01","manual-review-required","true","","true"
"mont-tremblant","Mont-Tremblant","no_transfer_policy_published","https://www.villedemont-tremblant.qc.ca","accessible","2026-10-01","supports-no-policy-found","true","","false"
"rem","REM (Montréal)","no_transfer_policy_published","https://rem.info/fr/se-deplacer/titres-et-tarifs","accessible","2026-10-01","supports-no-policy-found","true","","false"
"rtc","RTC (Québec)","no_transfer_policy_published","https://www.rtcquebec.ca/tarifs-et-achat/tarifs-et-titres/grille-des-tarifs","accessible","2026-10-01","changed-or-new-policy-found","true","","true"
"rtl","RTL (Longueuil)","no_transfer_policy_published","https://www.rtl-longueuil.qc.ca/tarifs-et-achats","accessible","2026-10-01","supports-no-policy-found","true","","false"
"stl","STL (Laval)","confirmed","https://stlaval.ca/en/fares","accessible","2026-10-01","supports-existing-policy","true","","false"
"stlevis","STLévis","no_transfer_policy_published","https://www.stlevis.ca/tarifs-points-de-vente/tarification","accessible","2026-10-01","changed-or-new-policy-found","true","","true"
"stm","STM (Montréal)","confirmed","https://www.stm.info/fr/validate","accessible","2026-10-01","supports-existing-policy","true","","false"
"sto","STO (Gatineau)","no_transfer_policy_published","https://www.sto.ca/tarifs/","accessible","2026-10-01","supports-no-policy-found","true","","false"
"sjsr","Saint-Jean-sur-Richelieu","confirmed","https://sjsr.ca/transport-collectif/billetterie-cartes-tarifs/","accessible","2026-10-01","manual-review-required","true","","true"
"saint-hyacinthe","Ville de Saint-Hyacinthe","no_transfer_policy_published","https://www.st-hyacinthe.ca/tarif","accessible","2026-10-01","changed-or-new-policy-found","true","","true"
"exo","exo (Trains)","confirmed","https://exo.quebec/fr/a-propos/medias-publications/communiques-presse/tapez-payez-voyagez-exo-et-l-artm-lancent-un-projet-pilote-de-paiement-sans-contact-dans-le-secteur-des-laurentides","accessible","2026-10-01","manual-review-required","true","","true"
"exo-presquile","exo (La Presqu'île)","confirmed","https://exo.quebec/fr/a-propos/medias-publications/communiques-presse/tapez-payez-voyagez-exo-et-l-artm-lancent-un-projet-pilote-de-paiement-sans-contact-dans-le-secteur-des-laurentides","accessible","2026-10-01","manual-review-required","true","","true"
"exo-sudouest","exo (Sud-Ouest)","confirmed","https://exo.quebec/fr/a-propos/medias-publications/communiques-presse/tapez-payez-voyagez-exo-et-l-artm-lancent-un-projet-pilote-de-paiement-sans-contact-dans-le-secteur-des-laurentides","accessible","2026-10-01","manual-review-required","true","","true"
"exo-lrrs","exo (Le Richelain–Roussillon)","confirmed","https://exo.quebec/fr/a-propos/medias-publications/communiques-presse/tapez-payez-voyagez-exo-et-l-artm-lancent-un-projet-pilote-de-paiement-sans-contact-dans-le-secteur-des-laurentides","accessible","2026-10-01","manual-review-required","true","","true"
"exo-laurentides","exo (Laurentides)","confirmed","https://exo.quebec/fr/a-propos/medias-publications/communiques-presse/tapez-payez-voyagez-exo-et-l-artm-lancent-un-projet-pilote-de-paiement-sans-contact-dans-le-secteur-des-laurentides","accessible","2026-10-01","manual-review-required","true","","true"
"exo-terrebonne","exo (Terrebonne-Mascouche)","confirmed","https://exo.quebec/fr/a-propos/medias-publications/communiques-presse/tapez-payez-voyagez-exo-et-l-artm-lancent-un-projet-pilote-de-paiement-sans-contact-dans-le-secteur-des-laurentides","accessible","2026-10-01","manual-review-required","true","","true"
"exo-vallee-richelieu","exo (Vallée du Richelieu)","confirmed","https://exo.quebec/fr/a-propos/medias-publications/communiques-presse/tapez-payez-voyagez-exo-et-l-artm-lancent-un-projet-pilote-de-paiement-sans-contact-dans-le-secteur-des-laurentides","accessible","2026-10-01","manual-review-required","true","","true"
"bc-fraser-valley","BC Transit (Fraser Valley)","no_transfer_policy_published","https://www.bctransit.com/","accessible","2026-10-01","supports-no-policy-found","true","","false"
"kelowna","BC Transit (Kelowna)","confirmed","https://www.bctransit.com/fare-and-fare-product-changes-coming-to-the-kelowna-regional-transit-system-on-october-1-2025-08-29/","accessible","2026-10-01","supports-existing-policy","true","","false"
"victoria","BC Transit (Victoria)","confirmed","https://www.bctransit.com/victoria/fares/how-fares-work/","accessible","2026-10-01","supports-existing-policy","true","","false"
"translink","TransLink (Vancouver)","confirmed","https://www.translink.ca/translink/transit-fares/pricing-and-fare-zones","accessible","2026-10-01","supports-existing-policy","true","","false"
"calgary","Calgary Transit","confirmed","https://www.calgarytransit.com/fares---passes.html","accessible","2026-10-01","manual-review-required","true","","true"
"edmonton","Edmonton Transit Service (ETS)","confirmed","https://www.edmonton.ca/ets/fares-passes","accessible","2026-10-01","supports-existing-policy","true","","false"
"winnipeg","Winnipeg Transit","no_transfer_policy_published","https://winnipegtransit.com","accessible","2026-10-01","manual-review-required","true","","true"
"regina","Regina Transit","confirmed","https://www.regina.ca/transportation-roads-parking/transit/coming-soon-new-transit-fare-system/index.html","accessible","2026-10-01","supports-existing-policy","true","","false"
"saskatoon","Saskatoon Transit","confirmed","https://saskatoontransit.ca/fares-passes/ways-pay","accessible","2026-10-01","manual-review-required","true","","true"
"halifax","Halifax Transit","confirmed","https://cdn.halifax.ca/sites/default/files/documents/transportation/halifax-transit/riders-guide-november-20-2023-version-rev.pdf","inaccessible","2026-10-01","source-inaccessible","false","","true"
"codiac","Codiac Transpo (Moncton)","no_transfer_policy_published","https://www.codiactranspo.ca/moncton-transport/fares","accessible","2026-10-01","changed-or-new-policy-found","true","","true"
"fredericton","Fredericton Transit","no_transfer_policy_published","https://www.fredericton.ca/resident-services/fredericton-transit/fares","accessible","2026-10-01","changed-or-new-policy-found","true","","true"
"saint-john","Saint John Transit","no_transfer_policy_published","https://saintjohn.ca/en/parking/tickets-and-enforcement","accessible","2026-10-01","supports-no-policy-found","true","","false"
"t3-transit","T3 Transit (PEI)","no_transfer_policy_published","https://www.t3transit.ca/fares","accessible","2026-10-01","changed-or-new-policy-found","true","","true"
"metrobus","Metrobus (St. John's)","no_transfer_policy_published","https://www.metrobus.com/fares/","accessible","2026-10-01","supports-no-policy-found","true","","false"
"nfta","NFTA (Buffalo)","no_transfer_policy_published","http://www.nfta.com/","accessible","2026-10-01","supports-no-policy-found","true","","false"
"port-huron","Blue Water Area Transit (Port Huron)","confirmed","https://bwbus.com/transfers","accessible","2026-10-01","supports-existing-policy","true","","false"
"ddot","DDOT (Detroit)","confirmed","https://detroitmi.gov/departments/detroit-department-transportation/transportation-fares","inaccessible","2026-10-01","source-inaccessible","false","","true"
"detroit-people-mover","Detroit People Mover","confirmed","https://www.thepeoplemover.com/schedule","accessible","2026-10-01","manual-review-required","true","","true"
"qline","QLine (Detroit)","no_transfer_policy_published","https://www.qlinedetroit.com/rules-of-the-rail/#passenger-safety","accessible","2026-10-01","supports-no-policy-found","true","","false"
"smart","SMART (Detroit suburbs)","confirmed","https://www.smartbus.org/How-to-Ride/FAQs/Transfers","accessible","2026-10-01","supports-existing-policy","true","","false"
"theride","TheRide (Ann Arbor)","confirmed","https://www.theride.org/fares-passes/fares","accessible","2026-10-01","supports-existing-policy","true","","false"
"gcrta","GCRTA (Cleveland)","no_transfer_policy_published","https://www.riderta.com/fares","accessible","2026-10-01","supports-no-policy-found","true","","false"
"butler-county-rta","Butler County Regional Transit Authority","no_transfer_policy_published","https://www.butlercountyrta.com/bgo-curb-to-curb/fare-price-breakdown/","accessible","2026-10-01","supports-no-policy-found","true","","false"
"seat","South East Area Transit","no_transfer_policy_published","https://www.seatbus.org/Ride/Fares/","accessible","2026-10-01","supports-no-policy-found","true","","false"
"richland-county-oh","Richland County Transit","confirmed","https://rctbuses.com/bus-schedules-fares/","accessible","2026-10-01","supports-existing-policy","true","","false"
"tarta","TARTA (Toledo)","confirmed","https://tarta.com/ride-tarta/how-to-ride/fares-passes/","accessible","2026-10-01","supports-existing-policy","true","","false"
"rgrta","Rochester-Genesee Regional Transportation Authority","no_transfer_policy_published","https://www.myrts.com/Buy-Passes","accessible","2026-10-01","supports-no-policy-found","true","","false"
"cdta","Capital District Transportation Authority","no_transfer_policy_published","http://www.cdta.org","accessible","2026-10-01","supports-no-policy-found","true","","false"
"centro","Centro (Syracuse)","no_transfer_policy_published","http://www.centro.org","accessible","2026-10-01","manual-review-required","true","","true"
"tcat","Tompkins Consolidated Area Transit","confirmed","https://tcatbus.com/fare-pass-options","accessible","2026-10-01","supports-existing-policy","true","","false"
"broome","Broome County Transit","no_transfer_policy_published","https://broomecountyny.gov/transit/GoPassApp","accessible","2026-10-01","supports-no-policy-found","true","","false"
"emta","Erie Metropolitan Transit Authority","no_transfer_policy_published","https://ride-the-e.com/fares-2/","accessible","2026-10-01","changed-or-new-policy-found","true","","true"
"akron","Akron Metro Regional Transit Authority","no_transfer_policy_published","https://www.yourmetrobus.org/metro-direct-fares-passes.aspx","accessible","2026-10-01","changed-or-new-policy-found","true","","true"
"sarta","Stark Area Regional Transit Authority","confirmed","https://www.sartaonline.com/fares-rider-guides/rider-topics/","accessible","2026-10-01","manual-review-required","true","","true"
"laketran","Laketran (Lake County, OH)","confirmed","https://laketran.com/fare-information/#local","accessible","2026-10-01","supports-existing-policy","true","","false"
"mta-flint","Mass Transportation Authority (Flint)","no_transfer_policy_published","https://www.mtaflint.org/fares/","accessible","2026-10-01","supports-no-policy-found","true","","false"
"cata-lansing","Capital Area Transportation Authority","confirmed","https://www.cata.org/fares/transfers","accessible","2026-10-01","supports-existing-policy","true","","false"
"the-rapid","The Rapid (Grand Rapids)","confirmed","https://www.ridetherapid.org/fares-passes/purchase-fare/fares-options","accessible","2026-10-01","supports-existing-policy","true","","false"
"mbta","Massachusetts Bay Transportation Authority","no_transfer_policy_published","https://capecodrta.org/fares-passes/","accessible","2026-10-01","supports-no-policy-found","true","","false"
"pvta","Pioneer Valley Transit Authority","confirmed","https://www.pvta.com/bus_service/rider_updates.php","accessible","2026-10-01","supports-existing-policy","true","","false"
"wrta","Worcester Regional Transit Authority","no_transfer_policy_published","https://therta.com/paratransit-automated-fare-collection-system/","accessible","2026-10-01","supports-no-policy-found","true","","false"
"cttransit","CTtransit","confirmed","https://www.cttransit.com/fares/transfer","accessible","2026-10-01","supports-existing-policy","true","","false"
"red-deer","Red Deer Transit","no_transfer_policy_published","https://www.reddeer.ca/city-services/transit/fares-and-passes/","accessible","2026-10-01","changed-or-new-policy-found","true","","true"
"lethbridge","Lethbridge Transit","no_transfer_policy_published","https://myride.lethbridge.ca/Account/ForgotPassword","accessible","2026-10-01","supports-no-policy-found","true","","false"
"moose-jaw","Moose Jaw Transit","no_transfer_policy_published","https://moosejaw.ca","accessible","2026-10-01","supports-no-policy-found","true","","false"
"prince-albert","Prince Albert Transit","no_transfer_policy_published","https://www.citypa.ca/parking-streets-and-transportation/transit/fares-and-passes/","accessible","2026-10-01","supports-no-policy-found","true","","false"
"kamloops","BC Transit (Kamloops)","confirmed","https://www.bctransit.com/kamloops/fares/how-fares-work/","accessible","2026-10-01","supports-existing-policy","true","","false"
"south-okanagan","BC Transit (South Okanagan-Similkameen)","confirmed","https://www.bctransit.com/south-okanagan-similkameen/fares/how-fares-work/transfers/","accessible","2026-10-01","supports-existing-policy","true","","false"
"nanaimo","BC Transit (Nanaimo)","confirmed","https://www.bctransit.com/nanaimo/fares/how-fares-work/","accessible","2026-10-01","supports-existing-policy","true","","false"
"cowichan","BC Transit (Cowichan Valley)","no_transfer_policy_published","https://www.bctransit.com/","accessible","2026-10-01","supports-no-policy-found","true","","false"
"comox-valley","BC Transit (Comox Valley)","confirmed","https://www.bctransit.com/comox-valley/fares/","accessible","2026-10-01","manual-review-required","true","","true"
"campbell-river","BC Transit (Campbell River)","no_transfer_policy_published","https://www.bctransit.com/","accessible","2026-10-01","supports-no-policy-found","true","","false"
"squamish","BC Transit (Squamish)","confirmed","https://www.bctransit.com/fare-change-in-squamish-2026-03-16/","accessible","2026-10-01","manual-review-required","true","","true"
"pemberton","BC Transit (Pemberton Valley)","confirmed","https://www.bctransit.com/pemberton-valley/fares/how-fares-work/transfers/","accessible","2026-10-01","supports-existing-policy","true","","false"
"whistler","BC Transit (Whistler)","no_transfer_policy_published","https://www.bctransit.com/","accessible","2026-10-01","supports-no-policy-found","true","","false"
"kingcountymetro","King County Metro (Seattle)","confirmed","https://kingcounty.gov/en/dept/metro/fares-and-payment/ways-to-pay","accessible","2026-10-01","supports-existing-policy","true","","false"
"soundtransit","Sound Transit (Seattle)","confirmed","https://www.soundtransit.org/ride-with-us/know-before-you-go/transferring","accessible","2026-10-01","supports-existing-policy","true","","false"
"piercetransit","Pierce Transit","no_transfer_policy_published","https://piercetransit.org/free-youth-pass/","accessible","2026-10-01","supports-no-policy-found","true","","false"
"communitytransit","Community Transit (Everett)","confirmed","https://www.communitytransit.org/orca/","accessible","2026-10-01","supports-existing-policy","true","","false"
"everetttransit","Everett Transit","confirmed","http://www.everetttransit.org/158/Everett-Transit-Fixed-Route-Bus-Fare","accessible","2026-10-01","supports-existing-policy","true","","false"
"kitsaptransit","Kitsap Transit","confirmed","https://www.kitsaptransit.com/rider-resources/bus-transfer-centers","accessible","2026-10-01","supports-existing-policy","true","","false"
"intercitytransit","Intercity Transit (Olympia)","no_transfer_policy_published","https://www.intercitytransit.com/plan-your-trip/zero-fare","accessible","2026-10-01","supports-no-policy-found","true","","false"
"skagittransit","Skagit Transit","no_transfer_policy_published","https://www.skagittransit.org/rider-info/fares/","accessible","2026-10-01","changed-or-new-policy-found","true","","true"
"whatcomtransit","Whatcom Transportation Authority","confirmed","https://www.ridewta.com/fares-and-passes/","accessible","2026-10-01","supports-existing-policy","true","","false"
"islandtransit","Island Transit (Whidbey Island)","no_transfer_policy_published","https://www.islandtransit.org/passio-go","accessible","2026-10-01","supports-no-policy-found","true","","false"
"jeffersontransit","Jefferson Transit","no_transfer_policy_published","https://jeffersontransit.com/","accessible","2026-10-01","supports-no-policy-found","true","","false"
"clallamtransit","Clallam Transit System","no_transfer_policy_published","https://www.clallamtransit.com/fares","accessible","2026-10-01","supports-no-policy-found","true","","false"
"portlandme","Greater Portland Metro","confirmed","https://www.gpmetro.org/fares-guides/fare-information/","accessible","2026-10-01","supports-existing-policy","true","","false"
"southportlandme","South Portland Bus Service","no_transfer_policy_published","http://www.southportland.org/departments/bus-transportation/","accessible","2026-10-01","supports-no-policy-found","true","","false"
"hocts","HOCTS (Utica-Rome)","no_transfer_policy_published","https://oneidacountyny.gov/departments/county-clerk/passports/","accessible","2026-10-01","changed-or-new-policy-found","true","","true"
"glensfallstransit","Greater Glens Falls Transit","no_transfer_policy_published","https://www.cdta.org/index.php/news/glens-falls-fares","accessible","2026-10-01","supports-no-policy-found","true","","false"
"watertowncitibus","Watertown Citibus","no_transfer_policy_published","http://passiotech.com/","accessible","2026-10-01","supports-no-policy-found","true","","false"
"hudsonlink","Hudson Link","no_transfer_policy_published","https://www.ridehudsonlink.com/fares","accessible","2026-10-01","changed-or-new-policy-found","true","","true"
"wsf","Washington State Ferries","no_transfer_policy_published","https://wsdot.wa.gov/travel/passenger-rail","accessible","2026-10-01","supports-no-policy-found","true","","false"
"bc-ferries","BC Ferries","no_transfer_policy_published","https://www.bcferries.com/routes-fares/schedules","accessible","2026-10-01","supports-no-policy-found","true","","false"
"pierce-county-ferries","Pierce County Ferries","no_transfer_policy_published","https://www.piercecountywa.gov/7661/Pierce-County-Ferry-Tickets","accessible","2026-10-01","supports-no-policy-found","true","","false"
"sherbrooke","Société de transport de Sherbrooke","no_transfer_policy_published","https://www.sts.qc.ca/partenariats/passe-universelle/","accessible","2026-10-01","supports-no-policy-found","true","","false"
"trimet","TriMet (Portland, OR)","confirmed","https://trimet.org/fares/","accessible","2026-10-01","supports-existing-policy","true","","false"
"ctran","C-TRAN (Vancouver, WA)","confirmed","https://mail.c-tran.com/fares/fares-and-id-cards","inaccessible","2026-10-01","source-inaccessible","false","","true"
"spokane","Spokane Transit Authority","confirmed","https://www.spokanetransit.com/fares-passes/fares-overview/","accessible","2026-10-01","manual-review-required","true","","true"
"eugene-ltd","Lane Transit District","no_transfer_policy_published","https://www.ltd.org/fares-passes/","accessible","2026-10-01","supports-no-policy-found","true","","false"
"cherriots","Cherriots (Salem, OR)","confirmed","https://www.cherriots.org/fares/?agency_id=0&intent=info","accessible","2026-10-01","supports-existing-policy","true","","false"
"corvallis","Corvallis Transit System","no_transfer_policy_published","https://www.corvallisoregon.gov/cts/page/cts-fundingfares","accessible","2026-10-01","supports-no-policy-found","true","","false"
"grovelink","Ride Connection (GroveLink)","no_transfer_policy_published","https://rideconnection.org/ride/","accessible","2026-10-01","supports-no-policy-found","true","","false"
"rivercities","RiverCities Transit","confirmed","https://rctransit.org/passes/fixed-route-fares-and-passes/","accessible","2026-10-01","supports-existing-policy","true","","false"
"tillamook","Tillamook County Transportation District","no_transfer_policy_published","https://nwconnector.org/passes-tctd/","accessible","2026-10-01","supports-no-policy-found","true","","false"
"columbia-area-transit","Columbia Area Transit","no_transfer_policy_published","https://www.ridecatbus.org/buy-fares/","accessible","2026-10-01","supports-no-policy-found","true","","false"
"mats","Mount Adams Transportation Service","no_transfer_policy_published","http://www.klickitatcounty.gov/364/Fares","accessible","2026-10-01","supports-no-policy-found","true","","false"
"setd","Sunset Empire Transportation District","no_transfer_policy_published","https://nwconnector.org/passes-setd/","accessible","2026-10-01","supports-no-policy-found","true","","false"
"sfmta","San Francisco Municipal Transportation Agency (SFMTA - Muni)","no_transfer_policy_published","https://www.sfmta.com/getting-around/muni/fares","accessible","2026-10-01","changed-or-new-policy-found","true","","true"
"bart","Bay Area Rapid Transit (BART)","confirmed","https://www.bart.gov/tickets","accessible","2026-10-01","supports-existing-policy","true","","false"
"caltrain","Caltrain","confirmed","https://www.caltrain.com/fares/ticket-types","accessible","2026-10-01","supports-existing-policy","true","","false"
"actransit","Alameda-Contra Costa Transit District (AC Transit)","no_transfer_policy_published","https://www.actransit.org/fares","accessible","2026-10-01","changed-or-new-policy-found","true","","true"
"vta","Santa Clara Valley Transportation Authority","confirmed","https://www.vta.org/go/fares","accessible","2026-10-01","supports-existing-policy","true","","false"
"samtrans","San Mateo County Transit District (samTrans)","confirmed","https://www.samtrans.com/fares/how-buy","accessible","2026-10-01","supports-existing-policy","true","","false"
"goldengate","Golden Gate Transit","no_transfer_policy_published","https://www.goldengate.org/bus/bus-fares-payment/fare-tables/","accessible","2026-10-01","changed-or-new-policy-found","true","","true"
"weta","San Francisco Bay Area Water Emergency Transportation Authority (WETA)","no_transfer_policy_published","https://www.sfbayferry.com/fares-tickets/","accessible","2026-10-01","manual-review-required","true","","true"
"countyconnection","County Connection","confirmed","https://countyconnection.com/fares/transfers/","accessible","2026-10-01","supports-existing-policy","true","","false"
"westcat","WestCAT","confirmed","https://www.westcat.org/home/FaresTransfers","accessible","2026-10-01","supports-existing-policy","true","","false"
"soltrans","SolTrans (Vallejo)","confirmed","https://www.soltrans.org/fares/ticket-office-location","accessible","2026-10-01","supports-existing-policy","true","","false"
"marintransit","Marin Transit","no_transfer_policy_published","https://marintransit.gov/fares","accessible","2026-10-01","changed-or-new-policy-found","true","","true"
"smart-ca","Sonoma-Marin Area Rail Transit (SMART)","confirmed","https://www.sonomamarintrain.org/Clipper-FAQs","accessible","2026-10-01","supports-existing-policy","true","","false"
"sonoma-county","Sonoma County Transit (SCT)","no_transfer_policy_published","https://sctransit.com/fares/","accessible","2026-10-01","changed-or-new-policy-found","true","","true"
"vine","VINE Transit (Napa)","no_transfer_policy_published","https://vinetransit.com/fares","accessible","2026-10-01","changed-or-new-policy-found","true","","true"
"emerygoround","Emery Go-Round","no_transfer_policy_published","https://emerygoround.com/","accessible","2026-10-01","supports-no-policy-found","true","","false"
"stanford","Stanford Marguerite Shuttle (SMS)","no_transfer_policy_published","https://transportation-forms.stanford.edu/transit-pass/","accessible","2026-10-01","supports-no-policy-found","true","","false"
"tridelta","Tri Delta Transit (Antioch)","confirmed","https://trideltatransit.com/fares-guides/transfer-policy/","accessible","2026-10-01","supports-existing-policy","true","","false"
"lavta","Livermore Amador Valley Transit Authority","confirmed","https://www.wheelsbus.com/fares/","accessible","2026-10-01","supports-existing-policy","true","","false"
"unioncity","Union City Transit","no_transfer_policy_published","https://www.alamedactc.org/programs-projects/studentpass/","accessible","2026-10-01","supports-no-policy-found","true","","false"
"westberkeley","West Berkeley Shuttle","no_transfer_policy_published","http://westberkeleyshuttle.net/","accessible","2026-10-01","changed-or-new-policy-found","true","","true"
"petaluma","Petaluma Transit","no_transfers","https://transit.cityofpetaluma.net/fares/","accessible","2026-10-01","supports-existing-policy","true","","false"
"santarosa","Santa Rosa CityBus","confirmed","https://srcitybus.org/fares-and-passes/clipper/","accessible","2026-10-01","supports-existing-policy","true","","false"
"fast-ca","Fairfield and Suisun Transit (FAST)","confirmed","https://fasttransit.org/info-policies/transfers/","accessible","2026-10-01","supports-existing-policy","true","","false"
"vacaville","City Coach (Vacaville)","no_transfer_policy_published","https://citycoach.com/","accessible","2026-10-01","supports-no-policy-found","true","","false"
"riovista","Rio Vista Delta Breeze","no_transfer_policy_published","https://www.riovistacity.com/media/8851","inaccessible","2026-10-01","source-inaccessible","false","","true"
"ace","Altamont Corridor Express","no_transfer_policy_published","https://acerail.com/","accessible","2026-10-01","manual-review-required","true","","true"
"rvtd","Rogue Valley Transportation District (RVTD)","confirmed","https://www.rvtd.org/fares-passes/","accessible","2026-10-01","manual-review-required","true","","true"
"bts-or","Basin Transit Service (BTS)","no_transfer_policy_published","https://www.basintransit.com/passenger-rules","accessible","2026-10-01","supports-no-policy-found","true","","false"
"rct","Redwood Coast Transit (RCT)","no_transfer_policy_published","https://redwoodcoasttransit.org/fares/","accessible","2026-10-01","changed-or-new-policy-found","true","","true"
"humboldt","Humboldt Transit Authority","no_transfer_policy_published","https://hta.org/fares/purchase-tickets-online/","accessible","2026-10-01","supports-no-policy-found","true","","false"
"mendocino","Mendocino Transit Authority","no_transfer_policy_published","https://mendocinotransit.org/","accessible","2026-10-01","manual-review-required","true","","true"
"raba","Redding Area Bus Authority","confirmed","https://www.rabaride.com/Document%20Center/RABA_Triennial%20Performance%20Audit_final%20report_4.1.25.pdf","inaccessible","2026-10-01","source-inaccessible","false","","true"
"siskiyou","Siskiyou County","no_transfer_policy_published","https://www.co.siskiyou.ca.us/generalservices/page/stage-siskiyou-transit-and-general-express","accessible","2026-10-01","supports-no-policy-found","true","","false"
"trinity","Trinity Transit","no_transfer_policy_published","https://www.trinitycounty.org/617/Student-Pass-Program","accessible","2026-10-01","supports-no-policy-found","true","","false"
"lassen","Lassen Rural Bus","confirmed","https://www.lassentransportation.com/","accessible","2026-10-01","supports-existing-policy","true","","false"
"sacrt","Sacramento Regional Transit (SacRT)","confirmed","https://www.sacrt.com/fares/","accessible","2026-10-01","supports-existing-policy","true","","false"
"yolobus","Yolo County Transportation District (Yolobus)","no_transfer_policy_published","https://avl.yctd.org/Account/ForgotPassword","accessible","2026-10-01","supports-no-policy-found","true","","false"
"unitrans","Unitrans (Davis)","no_transfer_policy_published","https://unitrans.ucdavis.edu/fare-policy","accessible","2026-10-01","supports-no-policy-found","true","","false"
"roseville","Roseville Transit","no_transfer_policy_published","https://www.roseville.ca.gov/city_clerk/services/passports.php","accessible","2026-10-01","supports-no-policy-found","true","","false"
"smart-or","South Metro Area Regional Transit (SMART)","no_transfer_policy_published","https://www.ridesmart.com/","accessible","2026-10-01","changed-or-new-policy-found","true","","true"
"sam","Sandy Area Metro (SAM)","no_transfer_policy_published","https://passiogo.com/","accessible","2026-10-01","supports-no-policy-found","true","","false"
"cat-or","Canby Area Transit (CAT)","no_transfer_policy_published","https://www.canbyoregon.gov/area-transit/page/fares-and-passes","accessible","2026-10-01","changed-or-new-policy-found","true","","true"
"yamhill","Yamhill County Transit Area","no_transfer_policy_published","http://ycta.connexionz.net/rtt/public/","accessible","2026-10-01","supports-no-policy-found","true","","false"
"lacmta","Los Angeles County Metropolitan Transportation Authority","confirmed","https://www.metro.net/fares/","accessible","2026-10-01","supports-existing-policy","true","","false"
"metrolink","Metrolink","confirmed","https://metrolinktrains.com/ticketsOverview/where-to-buy/contactless/","accessible","2026-10-01","supports-existing-policy","true","","false"
"torrance-transit","Torrance Transit","no_transfer_policy_published","http://Transit.TorranceCA.gov","accessible","2026-10-01","supports-no-policy-found","true","","false"
"beach-cities-transit","Beach Cities Transit (South Bay, CA)","no_transfer_policy_published","https://www.redondo.org/departments/community_services/transit/fares_and_passes/index.php","accessible","2026-10-01","supports-no-policy-found","true","","false"
"carson-circuit","Carson Circuit","confirmed","https://ci.carson.ca.us/content/files/pdfs/transportation/Updated25_Portrait_AB.pdf","inaccessible","2026-10-01","source-inaccessible","false","","true"
"gold-coast","Gold Coast Transit District (Oxnard)","no_transfer_policy_published","http://www.goldcoasttransit.org","accessible","2026-10-01","supports-no-policy-found","true","","false"
"bigbluebus","Big Blue Bus (Santa Monica)","confirmed","https://www.bigbluebus.com/Fares/Fare-Information.aspx","accessible","2026-10-01","supports-existing-policy","true","","false"
"longbeach","Long Beach Transit","no_transfer_policy_published","https://www.ridelbt.com","accessible","2026-10-01","supports-no-policy-found","true","","false"
"octa","Orange County Transportation Authority (OCTA)","confirmed","https://www.octa.net/getting-around/bus/oc-bus/fares-and-passes/overview","accessible","2026-10-01","supports-existing-policy","true","","false"
"foothill","Foothill Transit","confirmed","https://www.foothilltransit.org/transfers","accessible","2026-10-01","supports-existing-policy","true","","false"
"avta","Antelope Valley Transit Authority (AVTA)","confirmed","https://www.avta.com/order-passes.php","accessible","2026-10-01","supports-existing-policy","true","","false"
"sdmts","Metropolitan Transit System (San Diego MTS)","confirmed","https://www.sdmts.com/fares/pronto","accessible","2026-10-01","manual-review-required","true","","true"
"nctd","North County Transit District (NCTD)","no_transfer_policy_published","https://gonctd.com/fares/fares-passes/","accessible","2026-10-01","supports-no-policy-found","true","","false"
"riverside","Riverside Transit Agency","confirmed","https://web.riversidetransit.com/index.php/fares-a-passes/fares-a-passes","accessible","2026-10-01","supports-existing-policy","true","","false"
"omnitrans","OmniTrans (San Bernardino)","no_transfer_policy_published","https://omnitrans.org/buy-a-pass/","accessible","2026-10-01","supports-no-policy-found","true","","false"
"fax","Fresno Area Express (FAX)","confirmed","https://www.fresno.gov/transportation/fax/schedule-guide/","accessible","2026-10-01","manual-review-required","true","","true"
"get","Golden Empire Transit District (GET)","no_transfer_policy_published","https://www.getbus.org/fares-and-passes/","accessible","2026-10-01","changed-or-new-policy-found","true","","true"
"sjrtd","San Joaquin RTD","no_transfer_policy_published","https://sanjoaquinrtd.com/fares/","accessible","2026-10-01","changed-or-new-policy-found","true","","true"
"merced","Merced County Transit (The Bus)","confirmed","https://mercedthebus.com/131/Fare-Fees","accessible","2026-10-01","manual-review-required","true","","true"
"start","Stanislaus Regional Transit (StaRT)","no_transfer_policy_published","https://stanrta.org/521/Fares","accessible","2026-10-01","changed-or-new-policy-found","true","","true"
"mst","Monterey-Salinas Transit (MST)","no_transfer_policy_published","http://www.mst.org","accessible","2026-10-01","supports-no-policy-found","true","","false"
"sbmtd","Santa Barbara Metropolitan Transit District (MTD)","no_transfer_policy_published","https://sbmtd.gov/fares-passes/","accessible","2026-10-01","changed-or-new-policy-found","true","","true"
"slotransit","City of San Luis Obispo Transit","no_transfer_policy_published","https://www.slocity.org/government/department-directory/public-works/slo-transit-bus","accessible","2026-10-01","supports-no-policy-found","true","","false"
"slorta","San Luis Obispo Regional Transit Authority (SLORTA)","no_transfer_policy_published","https://www.slorta.org/schedules-fares/","accessible","2026-10-01","supports-no-policy-found","true","","false"
"sunline","SunLine Transit Agency (Coachella Valley)","confirmed","https://www.sunline.org/fares-passes/fares","accessible","2026-10-01","supports-existing-policy","true","","false"
"rtcsnv","Regional Transportation Commission of Southern Nevada (RTC)","no_transfer_policy_published","http://www.rtcsnv.com","accessible","2026-10-01","manual-review-required","true","","true"
"rtcwashoe","Regional Transportation Commission of Washoe County (RTC Washoe)","no_transfer_policy_published","https://rtcwashoe.com/fares-passes/","accessible","2026-10-01","supports-no-policy-found","true","","false"
"smat","Santa Maria Area Transit","no_transfer_policy_published","https://smrt.tripshot.com/","accessible","2026-10-01","manual-review-required","true","","true"
"valleymetro","Valley Metro (Phoenix)","no_transfer_policy_published","https://www.valleymetro.org/","accessible","2026-10-01","manual-review-required","true","","true"
"mountainline","Mountain Line (Flagstaff)","no_transfer_policy_published","https://mountainline.az.gov/fares-passes-online/","accessible","2026-10-01","changed-or-new-policy-found","true","","true"
"mountainmetro","Mountain Metropolitan Transit (Colorado Springs)","confirmed","https://www.coloradosprings.gov/mountain-metro/page/how-ride","accessible","2026-10-01","supports-existing-policy","true","","false"
"rtd-denver","Regional Transportation District (RTD Denver)","no_transfer_policy_published","https://www.rtd-denver.com/community/news/2025/rtd-introduces-tap-n-ride-for-convenient-fare-payment-on-the-go","accessible","2026-10-01","changed-or-new-policy-found","true","","true"
"bustang","Bustang (CDOT)","no_transfer_policy_published","https://www.ridebustang.com/","accessible","2026-10-01","changed-or-new-policy-found","true","","true"
"abqride","ABQ RIDE (Albuquerque)","no_transfer_policy_published","https://www.cabq.gov/culturalservices/biopark/tickets","accessible","2026-10-01","supports-no-policy-found","true","","false"
"santafetrails","Santa Fe Trails","no_transfer_policy_published","https://passiogo.com/","accessible","2026-10-01","supports-no-policy-found","true","","false"
"capmetro","Capital Metro (Austin)","no_transfer_policy_published","https://www.capmetro.org/ride/purchase/fares-passes","accessible","2026-10-01","supports-no-policy-found","true","","false"
"dart","Dallas Area Rapid Transit (DART)","no_transfer_policy_published","https://www.dart.org/guide/safety-and-security/passenger-guide-to-safety-and-security","accessible","2026-10-01","supports-no-policy-found","true","","false"
"trinitymetro","Trinity Metro (Fort Worth)","no_transfer_policy_published","https://ridetrinitymetro.org/tickets/","accessible","2026-10-01","supports-no-policy-found","true","","false"
"metrohouston","METRO Houston","confirmed","https://www.ridemetro.org/fares/all-about-fares","accessible","2026-10-01","supports-existing-policy","true","","false"
"via","VIA Metropolitan Transit (San Antonio)","confirmed","https://www.viainfo.net/rates/","accessible","2026-10-01","supports-existing-policy","true","","false"
"embark","Embark (Oklahoma City)","no_transfer_policy_published","https://www.ou.edu/cart","accessible","2026-10-01","supports-no-policy-found","true","","false"
"rockregion","Rock Region Metro (Little Rock)","no_transfer_policy_published","https://rrmetro.org/fares/","accessible","2026-10-01","changed-or-new-policy-found","true","","true"
"nashvillemta","Nashville MTA WeGo Public Transit","confirmed","https://www.wegotransit.com/buy/fare-information/","accessible","2026-10-01","supports-existing-policy","true","","false"
"mata","Memphis Area Transit Authority","no_transfer_policy_published","https://www.matatransit.com/bus/reduced-fares-program/","accessible","2026-10-01","supports-no-policy-found","true","","false"
"norta","New Orleans Regional Transit Authority (NORTA)","no_transfer_policy_published","https://www.norta.com/ride-with-us/how-to-pay/fares","accessible","2026-10-01","supports-no-policy-found","true","","false"
"cincinnatimetro","Cincinnati Metro (SORTA)","confirmed","https://www.go-metro.com/fares-passes/fare-information/","accessible","2026-10-01","manual-review-required","true","","true"
"tarc","Transit Authority of River City (Louisville)","confirmed","https://www.ridetarc.org/fare/fare-structure/","accessible","2026-10-01","manual-review-required","true","","true"
"mcts","Milwaukee County Transit System (MCTS)","no_transfer_policy_published","https://www.ridemcts.com/fares-passes","accessible","2026-10-01","changed-or-new-policy-found","true","","true"
"metrostlouis","Metro St. Louis","confirmed","https://www.metrostlouis.org/fares-and-passes/","accessible","2026-10-01","supports-existing-policy","true","","false"
"kcata","Kansas City Area Transportation Authority (KCATA)","no_transfer_policy_published","https://ridekc.org/fares-passes/","accessible","2026-10-01","changed-or-new-policy-found","true","","true"
"omahametro","Omaha Metro","confirmed","https://www.ometro.com/fares/","accessible","2026-10-01","supports-existing-policy","true","","false"
"ladot","Los Angeles Department of Transportation (LADOT/DASH)","no_transfer_policy_published","https://buyfares.ladottransit.com/","accessible","2026-10-01","supports-no-policy-found","true","","false"
"culvercitybus","Culver City Bus","no_transfer_policy_published","https://www.culvercitybus.com/Fares","accessible","2026-10-01","supports-no-policy-found","true","","false"
"santaclarita","Santa Clarita Transit","no_transfer_policy_published","https://santaclaritatransit.com/fares-passes/","accessible","2026-10-01","changed-or-new-policy-found","true","","true"
"montebello","Montebello Bus Lines","no_transfer_policy_published","https://www.montebelloca.gov/departments/transit/fares","inaccessible","2026-10-01","source-inaccessible","false","","true"
"burbankbus","BurbankBus","no_transfer_policy_published","https://www.burbankca.gov/student-free-fare","accessible","2026-10-01","supports-no-policy-found","true","","false"
"glendalebeeline","Glendale Beeline","no_transfer_policy_published","http://glendalebeeline.com/","accessible","2026-10-01","supports-no-policy-found","true","","false"
"pasadenatransit","Pasadena Transit","no_transfer_policy_published","https://www.cityofpasadena.net/pasadena-transit/","accessible","2026-10-01","supports-no-policy-found","true","","false"
"norwalktransit","Norwalk Transit System","confirmed","https://www.norwalk.org/departments_services/norwalk_transit_system_nts/fares_and_schedules.php","accessible","2026-10-01","supports-existing-policy","true","","false"
"pvpta","Palos Verdes Peninsula Transit Authority (PVPTA)","no_transfer_policy_published","https://palosverdes.com/pvtransit/index.cfm?pg=passes","accessible","2026-10-01","supports-no-policy-found","true","","false"
"gtrans","GTrans (Gardena Municipal Bus Lines)","confirmed","https://ridegtrans.com/fares/","accessible","2026-10-01","supports-existing-policy","true","","false"
"vvta","Victor Valley Transit Authority (VVTA)","no_transfer_policy_published","https://vvta.org/fares","accessible","2026-10-01","changed-or-new-policy-found","true","","true"
"vctc","Ventura County Transportation Commission (VCTC Intercity)","confirmed","https://www.goventura.org/ride-vctc/fares/","accessible","2026-10-01","supports-existing-policy","true","","false"
"elmonte","El Monte Transit","no_transfer_policy_published","https://www.ci.el-monte.ca.us/327/Trolleys","accessible","2026-10-01","supports-no-policy-found","true","","false"
"cta","Chicago Transit Authority (CTA)","no_transfer_policy_published","https://www.transitchicago.com/fares/","accessible","2026-10-01","changed-or-new-policy-found","true","","true"
"metra","Metra (Chicago)","no_transfer_policy_published","http://www.metrarail.com/","accessible","2026-10-01","supports-no-policy-found","true","","false"
"pace-bus","Pace Bus (Chicago suburbs)","confirmed","https://www.pacebus.com/fares","accessible","2026-10-01","supports-existing-policy","true","","false"
"marta","MARTA (Atlanta)","confirmed","https://itsmarta.com/fare-programs.aspx","accessible","2026-10-01","supports-existing-policy","true","","false"
"cobblinc","CobbLinc (Marietta, GA)","no_transfer_policy_published","https://www.cobbcounty.gov/transportation/cobb-transit-service-cobblinc/fares-transfers","accessible","2026-10-01","manual-review-required","true","","true"
"gwinnett-transit","Gwinnett County Transit","confirmed","https://www.gwinnettcounty.com/government/departments/transportation/gwinnett-county-transit/passes-tickets","accessible","2026-10-01","supports-existing-policy","true","","false"
"miami-dade-transit","Miami-Dade Transit","no_transfer_policy_published","https://www.miamidade.gov/global/transportation/transit-pass.page","accessible","2026-10-01","changed-or-new-policy-found","true","","true"
"broward-transit","Broward County Transit","no_transfer_policy_published","https://www.broward.org/bct/fares","accessible","2026-10-01","manual-review-required","true","","true"
"transfort","Transfort (Fort Collins)","confirmed","https://www.fortcollins.gov/Department-Directory/Transfort","accessible","2026-10-01","manual-review-required","true","","true"
"septa","SEPTA (Philadelphia)","confirmed","https://wwww.septa.org/fares/","accessible","2026-10-01","supports-existing-policy","true","","false"
"wmata","WMATA (Washington, DC)","no_transfer_policy_published","https://www.wmata.com/pay/fare-programs.html","accessible","2026-10-01","supports-no-policy-found","true","","false"
"vre","Virginia Railway Express (VRE)","no_transfer_policy_published","https://www.vre.org/service/buying-tickets/","accessible","2026-10-01","supports-no-policy-found","true","","false"
"marc","MARC Train (MTA Maryland)","no_transfer_policy_published","https://www.mta.maryland.gov/regular-fares","accessible","2026-10-01","supports-no-policy-found","true","","false"
"rideon","Ride On (Montgomery County)","no_transfer_policy_published","https://www.montgomerycountymd.gov/department-transportation/ride-montgomery-county/fares-ride","accessible","2026-10-01","changed-or-new-policy-found","true","","true"
"fairfax","Fairfax Connector","no_transfer_policy_published","http://www.fairfaxcounty.gov/connector/routes/","accessible","2026-10-01","supports-no-policy-found","true","","false"
"art","Arlington Transit","confirmed","http://www.arlingtontransit.com/rider-info-fares/fares/","accessible","2026-10-01","supports-existing-policy","true","","false"
"dash","DASH (Alexandria)","no_transfer_policy_published","https://www.dashbus.com/free/","accessible","2026-10-01","supports-no-policy-found","true","","false"
"nyct-subway","MTA NYCT Subway","no_transfer_policy_published","http://www.mta.info","accessible","2026-10-01","supports-no-policy-found","true","","false"
"nyct-bus-manhattan","MTA NYCT Bus (Manhattan)","no_transfer_policy_published","http://www.mta.info","accessible","2026-10-01","supports-no-policy-found","true","","false"
"nyct-bus-brooklyn","MTA NYCT Bus (Brooklyn)","no_transfer_policy_published","http://www.mta.info","accessible","2026-10-01","supports-no-policy-found","true","","false"
"nyct-bus-queens","MTA NYCT Bus (Queens)","no_transfer_policy_published","http://www.mta.info","accessible","2026-10-01","supports-no-policy-found","true","","false"
"nyct-bus-bronx","MTA NYCT Bus (Bronx)","no_transfer_policy_published","http://www.mta.info","accessible","2026-10-01","supports-no-policy-found","true","","false"
"nyct-bus-si","MTA NYCT Bus (Staten Island)","no_transfer_policy_published","http://www.mta.info","accessible","2026-10-01","supports-no-policy-found","true","","false"
"lirr","MTA Long Island Rail Road","no_transfer_policy_published","https://new.mta.info/agency/long-island-rail-road","accessible","2026-10-01","supports-no-policy-found","true","","false"
"mnr","Metro-North Railroad (MNR)","no_transfer_policy_published","http://www.mta.info/mnr","accessible","2026-10-01","supports-no-policy-found","true","","false"
"njt-rail","NJ Transit Rail","no_transfer_policy_published","https://www.njtransit.com/webtickets","accessible","2026-10-01","supports-no-policy-found","true","","false"
"njt-bus","NJ Transit Bus","no_transfer_policy_published","https://www.njtransit.com/webtickets","accessible","2026-10-01","supports-no-policy-found","true","","false"
"path","PATH (Port Authority Trans-Hudson)","no_transfer_policy_published","http://www.panynj.gov/path/","accessible","2026-10-01","manual-review-required","true","","true"
"beeline","Westchester County Bee-Line System (BeeLine)","confirmed","https://transportation.westchestergov.com/component/content/article?Itemid=0&id=640","accessible","2026-10-01","supports-existing-policy","true","","false"
"nice","Nassau Inter-County Express (NICE Bus)","no_transfer_policy_published","https://www.nicebus.com/Fares-Passes/Learn-more-about-fares-and-passes#regularfare","accessible","2026-10-01","changed-or-new-policy-found","true","","true"
"tor","Transport of Rockland (TOR)","no_transfer_policy_published","http://rocklandgov.com/departments/public-transportation/transport-of-rockland/","accessible","2026-10-01","supports-no-policy-found","true","","false"
"sct","Suffolk County Transit (SCT)","confirmed","https://sctbus.org/System-Information","accessible","2026-10-01","manual-review-required","true","","true"
"part","Putnam Area Rapid Transit (PART)","no_transfer_policy_published","http://www.putnamcountyny.com/PART/","accessible","2026-10-01","changed-or-new-policy-found","true","","true"
"dutchess","Dutchess County Public Transit","no_transfer_policy_published","https://www.dutchessny.gov/Departments/Public-Transit/Routes","accessible","2026-10-01","supports-no-policy-found","true","","false"
"metro-transit","Metro Transit (Minneapolis)","confirmed","https://www.metrotransit.org/fares","accessible","2026-10-01","supports-existing-policy","true","","false"
"port-authority-pa","Port Authority of Allegheny County","confirmed","https://www.rideprt.org/fares-and-passes/fare-information/","accessible","2026-10-01","supports-existing-policy","true","","false"
"ata","Area Transportation Authority (ATA)","no_transfer_policy_published","https://www.rideata.com/fares-and-passes","accessible","2026-10-01","supports-no-policy-found","true","","false"
"albemarle-county","Charlottesville Area Transit (CAT)","no_transfer_policy_published","https://charlottesville.gov/539/Fare-Options","accessible","2026-10-01","supports-no-policy-found","true","","false"
"chemung-county","Chemung County C-TRAN","no_transfer_policy_published","https://c-tran.passiogo.com/","accessible","2026-10-01","supports-no-policy-found","true","","false"
"decatur","Decatur Public Transit System","no_transfer_policy_published","https://decaturil.gov/616/Fixed-Route-Passenger-Guide","accessible","2026-10-01","supports-no-policy-found","true","","false"
"essex-county","Cape Ann Transportation Authority (CATA)","no_transfer_policy_published","http://canntran.com/","accessible","2026-10-01","supports-no-policy-found","true","","false"
"fort-mcmurray","Regional Municipality of Wood Buffalo Transit","no_transfer_policy_published","http://www.rmwb.ca","accessible","2026-10-01","supports-no-policy-found","true","","false"
"fort-smith","City of Fort Smith","no_transfer_policy_published","https://www.fortsmithar.gov/government/departments/transit","accessible","2026-10-01","supports-no-policy-found","true","","false"
"janesville","Janesville Transit System","no_transfer_policy_published","http://www.ci.janesville.wi.us/index.aspx?page=124","accessible","2026-10-01","supports-no-policy-found","true","","false"
"kaua-i-county","The Kauai Bus","no_transfer_policy_published","https://apps.apple.com/us/app/kauai-bus-etickets/id6673917659","accessible","2026-10-01","supports-no-policy-found","true","","false"
"los-alamos-county","Atomic City Transit","no_transfer_policy_published","https://www.losalamosnm.gov/Business/Apply-for-a-permit/Overpass-Banner-Permits","accessible","2026-10-01","supports-no-policy-found","true","","false"
"marathon-county","Metro Ride","no_transfer_policy_published","https://www.ci.wausau.wi.us/Departments/MetroRide.aspx","accessible","2026-10-01","supports-no-policy-found","true","","false"
"mason-city","Mason City Public Transit","no_transfer_policy_published","http://www.masoncity.net/pview.aspx?id=18070&amp;catid=477","accessible","2026-10-01","manual-review-required","true","","true"
"maui-county","Maui County Transit","no_transfer_policy_published","https://www.mauicounty.gov/CivicAlerts.aspx?AID=19537","accessible","2026-10-01","supports-no-policy-found","true","","false"
"medicine-hat","Medicine Hat Transit","no_transfer_policy_published","https://www.medicinehat.ca/roads-parking-transportation/parking/paying-a-parking-ticket/","accessible","2026-10-01","supports-no-policy-found","true","","false"
"muscogee-county","METRA","no_transfers","https://www.columbusga.gov/Portals/metra/resources/Riding%20METRA/RidersGuideEnglish12.1.24.pdf","accessible","2026-10-01","manual-review-required","true","","true"
"nash-county","Tar River Transit","confirmed","https://tarrivertransit.org/ride-guide/tickets/","accessible","2026-10-01","supports-existing-policy","true","","false"
"rock-county","Beloit Transit","confirmed","https://www.beloitwi.gov/index.asp?DE=4409BF85-A6A0-4B38-B151-A18A081D6A0A&SEC=725CA980-D88D-45BC-AC9C-3A73AF0BF563","accessible","2026-10-01","manual-review-required","true","","true"
"sheboygan-county","Shoreline Metro","no_transfers","https://www.sheboyganwi.gov/348/Fares","accessible","2026-10-01","manually-confirmed-during-audit","true","","false"
"washington-county","Johnson City Transit","confirmed","https://www.johnsoncitytransit.org/fares.html","accessible","2026-10-01","supports-existing-policy","true","","false"
"whitman-county","City of Pullman","no_transfer_policy_published","https://www.pullman-wa.gov/services/transit/youth_fare_free_policy.php","accessible","2026-10-01","supports-no-policy-found","true","","false"
"beaver-county","Beaver County Transit Authority","confirmed","https://bcta.com/fares/?lang=en","accessible","2026-10-01","supports-existing-policy","true","","false"
"butler-pa","Butler Transit Authority","no_transfer_policy_published","http://www.butlertransitauthority.com/commuter-fares","accessible","2026-10-01","supports-no-policy-found","true","","false"
"camtran","CamTran","confirmed","https://pay.camtranbus.com/faq","accessible","2026-10-01","supports-existing-policy","true","","false"
"fact","Fayette Area Coordinated Transportation","no_transfer_policy_published","https://factbus.com/bus-schedule/pittsburgh-commuter/?field=monday_friday_service#pittsburgh-fares","accessible","2026-10-01","changed-or-new-policy-found","true","","true"
"freedom-transit","Freedom Transit","no_transfer_policy_published","https://freedom-transit.org/shared-ride-program/shared-ride-fares-washington-county-pa/","accessible","2026-10-01","supports-no-policy-found","true","","false"
"indigo","IndiGO","no_transfer_policy_published","https://www.indigobus.com/fares","accessible","2026-10-01","supports-no-policy-found","true","","false"
"mmvta","Mid Mon Valley Transit","no_transfer_policy_published","https://www.mmvta.com/","accessible","2026-10-01","supports-no-policy-found","true","","false"
"new-castle","New Castle Area Transit Authority","confirmed","https://newcastletransit.org/fares/","accessible","2026-10-01","supports-existing-policy","true","","false"
"westmoreland","Westmoreland Transit","no_transfer_policy_published","https://www.westmorelandtransit.com/fares/","accessible","2026-10-01","changed-or-new-policy-found","true","","true"
"uta","Utah Transit Authority (UTA)","confirmed","https://web.rideuta.com/Fares-And-Passes/Individual-Fares/Current-Fares","accessible","2026-10-01","manual-review-required","true","","true"
"jta","Jacksonville Transportation Authority (JTA)","no_transfer_policy_published","https://www.jtafla.com/rider-guide/fares-passes/","accessible","2026-10-01","supports-no-policy-found","true","","false"
"cats","Charlotte Area Transit System (CATS)","confirmed","https://www.charlottenc.gov/CATS/Fares-Passes","accessible","2026-10-01","supports-existing-policy","true","","false"
"goraleigh","GoRaleigh (Capital Area Transit)","no_transfer_policy_published","https://goraleigh.org/goraleigh-fares-passes","accessible","2026-10-01","supports-no-policy-found","true","","false"
"gotriangle","GoTriangle (Raleigh-Durham)","no_transfer_policy_published","https://gotriangle.org/fares-and-passes/#discounts","accessible","2026-10-01","supports-no-policy-found","true","","false"
"indygo","IndyGo (Indianapolis)","confirmed","https://www.indygo.net/fares-and-passes/","accessible","2026-10-01","manual-review-required","true","","true"
"mta-maryland","Maryland Transit Administration (MTA Maryland)","no_transfer_policy_published","https://www.mta.maryland.gov/regular-fares","accessible","2026-10-01","supports-no-policy-found","true","","false"
"hart","Hillsborough Area Regional Transit (HART)","no_transfer_policy_published","https://www.gohart.org/Pages/fares-cards.aspx","accessible","2026-10-01","changed-or-new-policy-found","true","","true"
"tampa-international-airport","Tampa International Airport","no_transfer_policy_published","https://www.tampaairport.com/departing-passenger-guide","accessible","2026-10-01","supports-no-policy-found","true","","false"
"lynx","LYNX (Central Florida)","confirmed","https://www.golynx.com/fares-passes","accessible","2026-10-01","supports-existing-policy","true","","false"
"thebus","TheBus (Honolulu)","confirmed","http://www.thebus.org/Fare/FareAndPasses.asp","accessible","2026-10-01","supports-existing-policy","true","","false"
"ripta","Rhode Island Public Transit Authority (RIPTA)","no_transfer_policy_published","http://www.ripta.com/","accessible","2026-10-01","supports-no-policy-found","true","","false"
"valley-regional-transit","Valley Regional Transit (Boise)","no_transfer_policy_published","https://www.valleyregionaltransit.org/fares-passes/youth-ride-free/","accessible","2026-10-01","supports-no-policy-found","true","","false"
"psta","Pinellas Suncoast Transit Authority (PSTA)","no_transfer_policy_published","https://psta.net/rider-info/fares/","accessible","2026-10-01","supports-no-policy-found","true","","false"
"palm-tran","Palm Tran (West Palm Beach)","no_transfer_policy_published","https://www.palmtran.org/fares-passes/","accessible","2026-10-01","supports-no-policy-found","true","","false"
"sunrail","SunRail (Orlando)","confirmed","https://sunrail.com/fares-passes/fares/","accessible","2026-10-01","supports-existing-policy","true","","false"
"votran","Votran (Volusia County)","no_transfer_policy_published","https://www.votran.org/take-a-trip/bus-fares-passes.stml","accessible","2026-10-01","changed-or-new-policy-found","true","","true"
"chapel-hill-transit","Chapel Hill Transit","confirmed","https://www.chapelhillnc.gov/Town-Government/Departments-and-Offices/Transit","accessible","2026-10-01","manual-review-required","true","","true"
"mvta","Minnesota Valley Transit Authority (MVTA)","no_transfer_policy_published","https://www.mvta.com/fares/","accessible","2026-10-01","supports-no-policy-found","true","","false"
"xpress-ga","Xpress (Georgia Regional)","no_transfer_policy_published","https://xpressga.com/passes/","accessible","2026-10-01","supports-no-policy-found","true","","false"
"omniride","OmniRide (PRTC)","confirmed","https://www.omniride.com/services/general-rider-information/fares-and-transfers/","accessible","2026-10-01","supports-existing-policy","true","","false"
"loudoun-transit","Loudoun County Transit","no_transfer_policy_published","https://www.loudoun.gov/2472/Fares","accessible","2026-10-01","supports-no-policy-found","true","","false"
"cue-bus","CUE Bus (Fairfax)","confirmed","https://www.fairfaxcounty.gov/housing/sites/housing/files/Assets/documents/One%20University/One%20University%20-%20Traffic%20Impact%20Study%20-%20November%202018.pdf","inaccessible","2026-10-01","source-inaccessible","false","","true"
"pgc-the-bus","Prince George's County (The Bus)","no_transfer_policy_published","https://www.princegeorgescountymd.gov/1120/Countys-TheBus","accessible","2026-10-01","supports-no-policy-found","true","","false"
"dc-streetcar","DC Streetcar","no_transfer_policy_published","https://www.dcstreetcar.com/","accessible","2026-10-01","supports-no-policy-found","true","","false"
"fred-transit","Fredericksburg Regional Transit","no_transfer_policy_published","https://www.fredericksburgva.gov/1684/Fares","accessible","2026-10-01","changed-or-new-policy-found","true","","true"
"hrt","Hampton Roads Transit","no_transfer_policy_published","https://gohrt.com/alert/63058/","accessible","2026-10-01","supports-no-policy-found","true","","false"
"bay-transit","Bay Transit","confirmed","https://baytransit.org/","accessible","2026-10-01","manual-review-required","true","","true"
"wata","Williamsburg Area Transit Authority","confirmed","https://www.gowata.org/101/Fares?agency_id=WATA&intent=info","accessible","2026-10-01","manual-review-required","true","","true"
"dart-first-state","DART First State (Wilmington, DE)","confirmed","https://dartfirststate.com/RiderInfo/Fares/index.shtml","accessible","2026-10-01","supports-existing-policy","true","","false"
"starmetro","StarMetro (Tallahassee)","confirmed","https://user.talgov.com/starmetro/starmetro-fares","accessible","2026-10-01","supports-existing-policy","true","","false"
"max-transit","MAX Transit (Birmingham)","no_transfer_policy_published","https://maxtransit.org/fares-and-passes/","accessible","2026-10-01","supports-no-policy-found","true","","false"
"montgomery-transit","Montgomery Transit (The M)","confirmed","https://www.montgomerycountymd.gov/department-transportation/ride-montgomery-county/fares-ride","accessible","2026-10-01","supports-existing-policy","true","","false"
"carta","Chattanooga Area Regional Transportation Authority (CARTA)","confirmed","https://ridecarta.com/fares-passes/","accessible","2026-10-01","supports-existing-policy","true","","false"
"cat-savannah","Chatham Area Transit (CAT)","confirmed","https://catchacat.org/fares-passes/","accessible","2026-10-01","supports-existing-policy","true","","false"
"tulsa-transit","Tulsa Transit (MTTA)","no_transfer_policy_published","http://www.tulsatransit.org","accessible","2026-10-01","supports-no-policy-found","true","","false"
"sun-tran","Sun Tran (Tucson)","no_transfer_policy_published","https://www.suntran.com/fares-passes/","accessible","2026-10-01","supports-no-policy-found","true","","false"
"ycat","Yuma County Area Transit","no_transfers","https://www.yumaycat.gov/fares","accessible","2026-10-01","supports-existing-policy","true","","false"
"comet","The COMET (Columbia, SC)","confirmed","https://catchthecometsc.gov/passes-fares/","accessible","2026-10-01","supports-existing-policy","true","","false"
"greenlink","GreenLink (Greenville, SC)","no_transfer_policy_published","http://ridegreenlink.com/","accessible","2026-10-01","supports-no-policy-found","true","","false"
"carta-chattanooga","Chattanooga Area Regional Transportation Authority","no_transfer_policy_published","https://www.gocarta.org/carta-compass/","accessible","2026-10-01","supports-no-policy-found","true","","false"
"citilink-fw","Citilink (Fort Wayne, IN)","no_transfer_policy_published","https://fwcitilink.com/bus-passes-store/","accessible","2026-10-01","supports-no-policy-found","true","","false"
"gptc","Gary Public Transportation Corporation (Gary, IN)","confirmed","https://gptcbus.com/fares/","accessible","2026-10-01","supports-existing-policy","true","","false"
"bata","Bay Area Transportation Authority (Traverse City)","confirmed","https://www.bata.net/fares/flashfare-faq.html","accessible","2026-10-01","supports-existing-policy","true","","false"
"citylink-peoria","CityLink (Peoria, IL)","no_transfers","https://www.ridecitylink.org/fares/","accessible","2026-10-01","supports-existing-policy","true","","false"
"cedar-rapids","Cedar Rapids Transit","no_transfer_policy_published","https://www.cedar-rapids.org/residents/city_buses/bus_fares.php","accessible","2026-10-01","supports-no-policy-found","true","","false"
"matbus","MATBUS (Fargo, ND)","no_transfer_policy_published","https://www.matbus.com/riding-matbus/fares-passes","accessible","2026-10-01","changed-or-new-policy-found","true","","true"
"duluth-transit","Duluth Transit Authority","confirmed","https://www.duluthtransit.com/home/getting-there/fares-and-passes/","accessible","2026-10-01","supports-existing-policy","true","","false"
"grtc","GRTC Transit (Richmond, VA)","no_transfer_policy_published","http://www.ridegrtc.com","accessible","2026-10-01","supports-no-policy-found","true","","false"
"valley-metro-roanoke","Valley Metro (Roanoke, VA)","no_transfer_policy_published","https://www.valleymetro.com/fares-passes","accessible","2026-10-01","changed-or-new-policy-found","true","","true"
"gltc","Greater Lynchburg Transit Company","confirmed","https://gltconline.com/gltc-fares/","accessible","2026-10-01","supports-existing-policy","true","","false"
"dayton","Greater Dayton RTA","no_transfer_policy_published","https://www.iriderta.org/other-transportation-fare-assistance-options","accessible","2026-10-01","supports-no-policy-found","true","","false"
"youngstown-wrta","Western Reserve Transit Authority (Youngstown)","no_transfer_policy_published","https://www.wrtaonline.com/fares-and-passes/","accessible","2026-10-01","supports-no-policy-found","true","","false"
"sun-metro","Sun Metro (El Paso)","confirmed","https://sunmetro.net/fares/fares-and-passes","accessible","2026-10-01","supports-existing-policy","true","","false"
"b-line","B-Line (Corpus Christi RTA)","no_transfer_policy_published","https://www.ccrta.org/","accessible","2026-10-01","supports-no-policy-found","true","","false"
"citibus","Citibus (Lubbock)","no_transfer_policy_published","https://citibus.com/citibus-pass/","accessible","2026-10-01","supports-no-policy-found","true","","false"
"amarillo","Amarillo City Transit","no_transfer_policy_published","https://amarillo.gov/departments/community-services/transit","accessible","2026-10-01","supports-no-policy-found","true","","false"
"missoula","Mountain Line (Missoula)","no_transfer_policy_published","https://mountainline.com/sustainability/zero-fare/","accessible","2026-10-01","supports-no-policy-found","true","","false"
"sportran","SporTran (Shreveport)","confirmed","https://www.sportran.org/m/faq?cat=15","accessible","2026-10-01","supports-existing-policy","true","","false"
"billings","MET Transit (Billings)","no_transfer_policy_published","http://www.mettransit.com","accessible","2026-10-01","supports-no-policy-found","true","","false"
"ecat","ECAT (Escambia County)","confirmed","https://goecat.com/fares-ids/fare-rules-policies","accessible","2026-10-01","supports-existing-policy","true","","false"
"rts","RTS (Gainesville)","no_transfer_policy_published","https://go-rts.com/rts-fares-and-passes/","accessible","2026-10-01","changed-or-new-policy-found","true","","true"
"scat","SCAT (Sarasota County)","no_transfer_policy_published","https://321transit.com/transit/fares/","accessible","2026-10-01","changed-or-new-policy-found","true","","true"
"leetran","LeeTran (Fort Myers)","confirmed","https://www.leegov.com/leetran/tropicard/faqs","accessible","2026-10-01","supports-existing-policy","true","","false"
"wave-mobile","Wave Transit (Mobile)","confirmed","http://www.thewavetransit.com/183/Passes","accessible","2026-10-01","supports-existing-policy","true","","false"
"huntsville","Huntsville Shuttle","confirmed","https://www.huntsvilleal.gov/residents/streets/public-transportation/shuttle-bus/","accessible","2026-10-01","supports-existing-policy","true","","false"
"bustang-outrider","Bustang Outrider","confirmed","https://ridebustang.com/faq/","accessible","2026-10-01","supports-existing-policy","true","","false"
"rfta","Roaring Fork Transportation Authority (RFTA)","confirmed","https://www.rfta.com/fares/transfer-policies/","accessible","2026-10-01","supports-existing-policy","true","","false"
"durango-transit","Durango Transit","no_transfer_policy_published","https://www.flydurango.com/347/Rates","accessible","2026-10-01","supports-no-policy-found","true","","false"
"pueblo-transit","Pueblo Transit","no_transfer_policy_published","https://www.pueblo.us/492/Bus-Schedules","accessible","2026-10-01","supports-no-policy-found","true","","false"
"eco-transit","Core Transit","no_transfer_policy_published","https://coretransit.org/fares/","accessible","2026-10-01","supports-no-policy-found","true","","false"
"all-points-transit","All Points Transit (Montrose)","no_transfer_policy_published","https://www.allpointstransit.com/","accessible","2026-10-01","supports-no-policy-found","true","","false"
"kart","Kings Area Rural Transit","no_transfer_policy_published","http://mykartbus.com/","accessible","2026-10-01","changed-or-new-policy-found","true","","true"
"tulare-county-transit","Tulare County Area Transit (TCAT)","no_transfers","https://ridetc.org/services-and-schedules/transfers-regional-connections/","accessible","2026-10-01","supports-existing-policy","true","","false"
"madison-metro","Madison Metro Transit","confirmed","https://www.cityofmadison.com/metro/fares","accessible","2026-10-01","supports-existing-policy","true","","false"
"waukesha-metro","Waukesha Metro Transit","no_transfer_policy_published","https://www.waukesha-wi.gov/government/departments/parking-citations-tickets.php","accessible","2026-10-01","supports-no-policy-found","true","","false"
"mountain-line","Mountain Line Transit Authority (Morgantown)","confirmed","https://www.busride.org/Fares-Programs","accessible","2026-10-01","supports-existing-policy","true","","false"
"wvu-prt","West Virginia University PRT (Morgantown, WV)","no_transfer_policy_published","http://transportation.wvu.edu/","accessible","2026-10-01","supports-no-policy-found","true","","false"
"visalia","Visalia Transit","no_transfer_policy_published","https://www.visalia.gov/364/Fares-and-Passes","accessible","2026-10-01","supports-no-policy-found","true","","false"
"green-bay","Green Bay Metro","no_transfers","https://www.greenbaywi.gov/275/Fares","accessible","2026-10-01","manually-confirmed-during-audit","true","","false"
"cota","COTA (Columbus)","confirmed","https://www.cota.com/fares/","accessible","2026-10-01","supports-existing-policy","true","","false"
"des-moines","Des Moines Area Regional Transit Authority (DART)","no_transfer_policy_published","http://www.ridedart.com","accessible","2026-10-01","manual-review-required","true","","true"
"wichita","Wichita Transit","confirmed","https://www.wichita.gov/1504/Fares-Passes/","accessible","2026-10-01","supports-existing-policy","true","","false"
"appleton","Valley Transit (Appleton/Fox Cities)","no_transfers","https://myvalleytransit.com/fare-information/","accessible","2026-10-01","supports-existing-policy","true","","false"
"modesto","Stanislaus Regional Transit Authority (StanRTA)","confirmed","https://www.stanrta.org/178/Connection-Transfer-Information","accessible","2026-10-01","supports-existing-policy","true","","false"
"cats-baton","Capital Area Transit System (Baton Rouge)","confirmed","https://www.brcats.com/index.cfm/page/134","accessible","2026-10-01","supports-existing-policy","true","","false"
"knoxville","Knoxville Area Transit","no_transfer_policy_published","https://tahoetransportation.org/passenger-comment-form/","accessible","2026-10-01","supports-no-policy-found","true","","false"
"mcallen","Metro McAllen","confirmed","https://www.mcallen.net/metro/Services.html","accessible","2026-10-01","manual-review-required","true","","true"
"augusta","Augusta Transit","no_transfer_policy_published","https://www.augustaga.gov/2717/ResetChange-Password","accessible","2026-10-01","supports-no-policy-found","true","","false"
"lincoln","StarTran (Lincoln)","confirmed","https://www.lincoln.ne.gov/City/Departments/LTU/StarTran/How-to-Ride/FAQ?lang_update=639228466972634811","accessible","2026-10-01","manual-review-required","true","","true"
"south-bend","South Bend Transpo","no_transfer_policy_published","https://passiogo.com/","accessible","2026-10-01","supports-no-policy-found","true","","false"
"rockford","Rockford Mass Transit District","confirmed","https://rmtd.org/tickets/fares/","accessible","2026-10-01","supports-existing-policy","true","","false"
"racine","Ryde Racine","confirmed","https://www.cityofracine.org/uploadedFiles/_MainSiteContent/Departments/Racine_Transit/_Documents/Paratransit%20Full%20Map.pdf","inaccessible","2026-10-01","source-inaccessible","false","","true"
"sudbury","Greater Sudbury Transit","no_transfer_policy_published","https://www.greatersudbury.ca/live/transit/riding-gova-transit/gova-pass-tap-ride-go/","accessible","2026-10-01","supports-no-policy-found","true","","false"
"anchorage","Anchorage People Mover","no_transfer_policy_published","https://www.muni.org/Departments/transit/PeopleMover/Pages/FaresandPasses.aspx","accessible","2026-10-01","supports-no-policy-found","true","","false"
"lexington","Lextran (Lexington, KY)","confirmed","https://lextran.com/schedules-fares/fares-passes/","accessible","2026-10-01","supports-existing-policy","true","","false"
"mtd-champaign","Champaign-Urbana MTD","no_transfer_policy_published","https://mtd.org/riding/fares-passes/","accessible","2026-10-01","changed-or-new-policy-found","true","","true"
"kalamazoo","Kalamazoo Metro Transit","confirmed","https://www.kmetro.com/plan-your-trip/fares","accessible","2026-10-01","supports-existing-policy","true","","false"
"laredo","El Metro (Laredo)","no_transfer_policy_published","https://elmetrotransit.com/maps-schedules/fares-information/","accessible","2026-10-01","supports-no-policy-found","true","","false"
"thunder-bay","Thunder Bay Transit","no_transfer_policy_published","https://www.thunderbay.ca/city-services/transit/fares-and-passes/","accessible","2026-10-01","changed-or-new-policy-found","true","","true"
"greensboro","Greensboro Transit Authority","no_transfer_policy_published","http://www.greensboro-nc.gov/index.aspx?page=2180","accessible","2026-10-01","supports-no-policy-found","true","","false"
"lanta","Lehigh and Northampton Transportation Authority","no_transfers","https://lantabus.com/fares","accessible","2026-10-01","supports-existing-policy","true","","false"
"winston-salem","Winston-Salem Transit Authority (WSTA)","no_transfer_policy_published","https://www.wstransit.com/fares","accessible","2026-10-01","supports-no-policy-found","true","","false"
"cat-harrisburg","Capital Area Transit (Harrisburg)","no_transfer_policy_published","https://www.rabbittransit.org/how-to-ride/buy-passes/","accessible","2026-10-01","changed-or-new-policy-found","true","","true"
"jackson-ms","City of Jackson (JTRAN)","no_transfer_policy_published","https://ridejtran.com/","accessible","2026-10-01","changed-or-new-policy-found","true","","true"
"lancaster","Red Rose Transit Authority (Lancaster, PA)","confirmed","https://www.redrosetransit.com/service-information/transfers","accessible","2026-10-01","supports-existing-policy","true","","false"
"colts","County of Lackawanna Transit System (COLTS)","no_transfer_policy_published","https://coltsbus.com/colts-fares/","accessible","2026-10-01","supports-no-policy-found","true","","false"
"lcta","Luzerne County Transportation Authority","no_transfer_policy_published","http://www.lctabus.com/","accessible","2026-10-01","supports-no-policy-found","true","","false"
"patco","PATCO Speedline (Philadelphia-Camden)","no_transfer_policy_published","http://www.ridepatco.org/schedules/fares.html","accessible","2026-10-01","supports-no-policy-found","true","","false"
"cascades-east","Cascades East Transit (Bend, OR)","no_transfer_policy_published","https://cascadeseasttransit.com/wp-content/uploads/2025/05/Fare-Guidelines-April-2025.pdf","inaccessible","2026-10-01","source-inaccessible","false","","true"
"mountain-transit-ca","Mountain Transit (Big Bear Lake)","confirmed","https://www.mountaintransit.org/wp-content/uploads/2024/03/MT-2021-SRTP-20Oct2021.pdf","inaccessible","2026-10-01","source-inaccessible","false","","true"
"las-cruces","RoadRUNNER Transit (Las Cruces)","no_transfer_policy_published","https://lascruces.gov/community/transportation/roadrunner-transit/","accessible","2026-10-01","manual-review-required","true","","true"
"ez-rider","EZ Rider (Midland/Odessa)","no_transfer_policy_published","https://transloc.com/solutions/automated-passenger-counters-apc/","accessible","2026-10-01","supports-no-policy-found","true","","false"
"san-angelo","Concho Valley Transit (San Angelo)","no_transfer_policy_published","https://www.cvtd.org","accessible","2026-10-01","supports-no-policy-found","true","","false"
"brownsville","Brownsville Metro","no_transfers","https://www.brownsvilletx.gov/2440/Proposed-Fare-Structure-Information","accessible","2026-10-01","supports-existing-policy","true","","false"
"roswell","Roswell Transit","confirmed","https://www.roswell-nm.gov/301/Fare-Information","accessible","2026-10-01","supports-existing-policy","true","","false"
"hobbs","City of Hobbs Transit","no_transfer_policy_published","https://www.hobbsnm.gov/fares.html","accessible","2026-10-01","supports-no-policy-found","true","","false"
"longview","City of Longview Transit","no_transfer_policy_published","https://www.longviewtransit.com/getting-around/fares-and-passes-fixed-route/","accessible","2026-10-01","supports-no-policy-found","true","","false"
"texarkana","Texarkana T-Line","confirmed","https://www.t-linebus.org/","accessible","2026-10-01","supports-existing-policy","true","","false"
"fort-bend","Fort Bend County Transit","no_transfer_policy_published","https://www.fortbendcountytx.gov/government/departments/fort-bend-county-district-clerks-office/passport-applications","accessible","2026-10-01","supports-no-policy-found","true","","false"
"lake-charles","Lake Charles Transit","confirmed","https://www.cityoflakecharles.com/236/Transit","accessible","2026-10-01","supports-existing-policy","true","","false"
"terrebonne-parish","Good Earth Transit (Houma)","no_transfer_policy_published","https://www.tpcg.org/transit","inaccessible","2026-10-01","source-inaccessible","false","","true"
"tangipahoa-parish","Tangipahoa Transit (Hammond)","no_transfer_policy_published","https://www.tangicoa.com/","accessible","2026-10-01","supports-no-policy-found","true","","false"
"space-coast","Space Coast Area Transit","confirmed","https://321transit.com/transit/fares","accessible","2026-10-01","supports-existing-policy","true","","false"
"martin-county","Martin County Public Transit","no_transfer_policy_published","https://www.martin.fl.us/transit","accessible","2026-10-01","supports-no-policy-found","true","","false"
"indian-river","Indian River Transit (GoLine)","no_transfer_policy_published","https://golineirt.com/","accessible","2026-10-01","supports-no-policy-found","true","","false"
"collier","Collier Area Transit (Naples)","confirmed","https://www.colliercountyfl.gov/home/showpublisheddocument/94675/637351782724230000","accessible","2026-10-01","manual-review-required","true","","true"
"springfield-mo","City Utilities Transit (Springfield)","confirmed","https://www.cityutilities.net/DocumentCenter/View/184/Transit-Pricing-PDF","inaccessible","2026-10-01","source-inaccessible","false","","true"
"evansville","METS (Evansville)","no_transfer_policy_published","https://www.evansvillegov.org/city/department/index.php?structureid=225","accessible","2026-10-01","supports-no-policy-found","true","","false"
"kenosha","Kenosha Area Transit","no_transfer_policy_published","https://www.kenosha.org/departments/transportation","accessible","2026-10-01","manual-review-required","true","","true"
"ben-franklin","Ben Franklin Transit (Tri-Cities, WA)","confirmed","https://www.bft.org/bus-service/fares/","accessible","2026-10-01","supports-existing-policy","true","","false"
"asheville","Asheville Rides Transit","no_transfer_policy_published","https://www.ashevillenc.gov/services/pay-fee-ticket-fine/","accessible","2026-10-01","supports-no-policy-found","true","","false"
"bloomington","Bloomington Transit","no_transfer_policy_published","https://bloomingtontransit.com/","accessible","2026-10-01","supports-no-policy-found","true","","false"
"athens-acc","Athens Clarke County Transit","no_transfer_policy_published","https://www.accgov.com/transit/","accessible","2026-10-01","supports-no-policy-found","true","","false"
"uga","UGA Campus Transit","no_transfer_policy_published","https://uga.passiogo.com/","accessible","2026-10-01","supports-no-policy-found","true","","false"
"blacksburg","Blacksburg Transit","no_transfer_policy_published","https://ridebt.org/bt-access/bt-access-fare-information","accessible","2026-10-01","supports-no-policy-found","true","","false"
"cata-state-college","CATA (State College)","no_transfer_policy_published","https://catabus.com/services-schedules/catabus/fares/#catabus-catago-fare","accessible","2026-10-01","changed-or-new-policy-found","true","","true"
"cyride","CyRide (Ames)","no_transfer_policy_published","http://www.cyride.com","accessible","2026-10-01","supports-no-policy-found","true","","false"
"iowa-city","Iowa City Transit","no_transfer_policy_published","https://www.icgov.org/city-government/departments-and-divisions/transit","accessible","2026-10-01","supports-no-policy-found","true","","false"
"coralville","Coralville Transit","no_transfer_policy_published","https://www.coralville.org/157/Fares-Passes","accessible","2026-10-01","changed-or-new-policy-found","true","","true"
"cambus","CAMBUS (University of Iowa)","no_transfer_policy_published","https://transportation.uiowa.edu/alternative-transportation/380-express-bus-passes","accessible","2026-10-01","supports-no-policy-found","true","","false"
"lawrence-ku","Lawrence Transit / KU on Wheels","no_transfer_policy_published","https://lawrencetransit.org/fares/","accessible","2026-10-01","supports-no-policy-found","true","","false"
"springfield-il","SMTD (Springfield IL)","no_transfer_policy_published","https://www.smtd.org/rider-guide/passes-and-fares/","accessible","2026-10-01","changed-or-new-policy-found","true","","true"
"topeka","Topeka Metro","no_transfer_policy_published","https://www.topekametro.org/about-metro/fares","accessible","2026-10-01","changed-or-new-policy-found","true","","true"
"barta","BARTA (Reading)","confirmed","https://www.bartabus.com/service-information/transfers","accessible","2026-10-01","supports-existing-policy","true","","false"
"coast-nh","COAST (Seacoast NH)","no_transfer_policy_published","https://coastbus.org/opportunities/fare-free-saturdays","accessible","2026-10-01","supports-no-policy-found","true","","false"
"advance-transit","Advance Transit (Lebanon, NH)","no_transfer_policy_published","http://www.advancetransit.com/","accessible","2026-10-01","supports-no-policy-found","true","","false"
"ccta","CCTA / Green Mountain Transit (Burlington, VT)","no_transfer_policy_published","https://sstarides.org/","accessible","2026-10-01","supports-no-policy-found","true","","false"
"marble-valley","Marble Valley Transit (Rutland)","no_transfer_policy_published","https://thebus.com/home/passenger-code-conduct/","accessible","2026-10-01","supports-no-policy-found","true","","false"
"bis-man","Bis-Man Transit (Bismarck-Mandan)","no_transfer_policy_published","https://bismantransit.com/","accessible","2026-10-01","supports-no-policy-found","true","","false"
"bangor","Bangor Community Connector","no_transfer_policy_published","https://www.bangormaine.gov/262/Passenger-Information","accessible","2026-10-01","supports-no-policy-found","true","","false"
"brandon","Brandon Transit (Manitoba)","no_transfers","https://brandontransit.ca/images/pdf/resources/riderguide.pdf","inaccessible","2026-10-01","source-inaccessible","false","","true"
"juneau","Capital Transit (Juneau)","no_transfer_policy_published","https://juneaucapitaltransit.org/capital-transit-to-provide-fare-free-transit-on-election-day/","accessible","2026-10-01","supports-no-policy-found","true","","false"
"annapolis","Annapolis Transit","no_transfer_policy_published","https://www.annapolis.gov/194/ADOT-Transit-Fares","accessible","2026-10-01","supports-no-policy-found","true","","false"
"yellowknife","Yellowknife Transit","no_transfer_policy_published","http://www.yellowknife.ca/en/living-here/transit.asp","accessible","2026-10-01","supports-no-policy-found","true","","false"
"whitehorse","Whitehorse Transit","no_transfer_policy_published","https://whitehorse.transloc.com","accessible","2026-10-01","supports-no-policy-found","true","","false"
"santa-cruz-metro","Santa Cruz METRO","no_transfer_policy_published","https://scmetro.org/rider-info/fares-passes/","accessible","2026-10-01","changed-or-new-policy-found","true","","true"
"sioux-falls","Sioux Area Metro (SAM)","no_transfer_policy_published","https://www.siouxfalls.gov/activities-recreation/aquatics/get-a-swim-pass","accessible","2026-10-01","changed-or-new-policy-found","true","","true"
"yakima","Yakima Transit","confirmed","https://yakimatransit.org/fares/","accessible","2026-10-01","supports-existing-policy","true","","false"
"grand-forks","Cities Area Transit (Grand Forks)","no_transfer_policy_published","http://www.ridecat.org","accessible","2026-10-01","supports-no-policy-found","true","","false"
"greeley","Greeley-Evans Transit (GET)","no_transfer_policy_published","https://greeleyco.gov/transit/service-offerings/fares-and-passes","accessible","2026-10-01","changed-or-new-policy-found","true","","true"
"bridgeport-gbt","Greater Bridgeport Transit","confirmed","https://gogbt.com/how-to-ride/fares-passes/","accessible","2026-10-01","supports-existing-policy","true","","false"
"davenport","Davenport CitiBus","no_transfer_policy_published","https://www.davenportiowa.com/services/citibus_transit/fares__multi-ride_options__transfers","accessible","2026-10-01","changed-or-new-policy-found","true","","true"
"bettendorf","Bettendorf Transit","no_transfer_policy_published","https://www.bettendorf.org/departments/engineering___public_","accessible","2026-10-01","supports-no-policy-found","true","","false"
"dubuque","The Jule (Dubuque)","no_transfer_policy_published","https://cityofdubuque.org/2991/Jule-Smart-Pass-Help-Center","accessible","2026-10-01","changed-or-new-policy-found","true","","true"
"pocatello","Pocatello Regional Transit","no_transfer_policy_published","https://pocatellotransit.com/fares/","accessible","2026-10-01","supports-no-policy-found","true","","false"
"albany-ga","Albany Transit System","no_transfer_policy_published","https://www.albanyga.gov/City-Departments/Albany-Transit/FaresPasses","accessible","2026-10-01","changed-or-new-policy-found","true","","true"
"wilmington-nc","Wave Transit (Wilmington)","confirmed","https://www.wavetransit.com/fare-pass-information/","accessible","2026-10-01","supports-existing-policy","true","","false"
"st-george","SunTran (St. George)","no_transfer_policy_published","https://sgcityutah.gov/services/suntran_bus_system/fares_and_passes.php","accessible","2026-10-01","changed-or-new-policy-found","true","","true"
"grand-junction","Grand Valley Transit","no_transfers","https://www.mesacounty.us/gvt/fares-and-passes","accessible","2026-10-01","supports-existing-policy","true","","false"
"um-transit","University of Michigan Transit Services (Ann Arbor)","no_transfer_policy_published","https://ltp.umich.edu","accessible","2026-10-01","supports-no-policy-found","true","","false"
"ncsu-wolfline","NCSU Wolfline","no_transfer_policy_published","https://ncstate.passiogo.com/","accessible","2026-10-01","supports-no-policy-found","true","","false"
"clemson-cat","Clemson Area Transit (CATbus)","confirmed","https://www.clemsoncity.org/345/General-Information","accessible","2026-10-01","manual-review-required","true","","true"
"citybus-lafayette","CityBus (Lafayette)","confirmed","https://gocitybus.com/fares/","accessible","2026-10-01","manual-review-required","true","","true"
"duke","Duke University Transit","confirmed","https://parking.duke.edu/buses-vans/","accessible","2026-10-01","manual-review-required","true","","true"
"streamline","Streamline (Bozeman)","no_transfer_policy_published","https://streamlinebus.com/rider-info/passenger-rules/","accessible","2026-10-01","changed-or-new-policy-found","true","","true"
"athens-oh","Athens Public Transit","no_transfer_policy_published","https://hapcap.org/transportation/athens-public-transit/bus-fares-passes/","accessible","2026-10-01","supports-no-policy-found","true","","false"
"connect-transit","Connect Transit (Bloomington-Normal)","no_transfers","https://connect-transit.com/fares/current-fares","accessible","2026-10-01","supports-existing-policy","true","","false"
"dekalb","DeKalb Public Transit","confirmed","https://cityofdekalb.com/1288/Fares","accessible","2026-10-01","supports-existing-policy","true","","false"
"radford","Radford Transit","no_transfer_policy_published","https://www.radfordva.gov/2345/FARE-and-SERVICES","accessible","2026-10-01","supports-no-policy-found","true","","false"
"jfk-airtrain","JFK AirTrain","no_transfer_policy_published","https://www.jfkairport.com/to-from-airport/air-train","accessible","2026-10-01","supports-no-policy-found","true","","false"
"staten-island-ferry","Staten Island Ferry","no_transfer_policy_published","https://www1.nyc.gov/html/dot/html/ferrybus/staten-island-ferry.shtml","accessible","2026-10-01","supports-no-policy-found","true","","false"
"nyc-ferry","NYC Ferry","confirmed","https://www.ferry.nyc/ticketing-info/","accessible","2026-10-01","supports-existing-policy","true","","false"
"rioc-tram","Roosevelt Island Tramway","no_transfer_policy_published","https://rioc.ny.gov/tramtransportation.htm","accessible","2026-10-01","supports-no-policy-found","true","","false"
"guadalajara","Mi Transporte (Guadalajara)","confirmed","https://tequiero.guadalajara.gob.mx/planea-tu-viaje/como-moverte-en-guadalajara","accessible","2026-10-01","manual-review-required","true","","true"
"cheyenne","Cheyenne Transit Program","no_transfer_policy_published","https://cheyennecity.org/Transit","accessible","2026-10-01","changed-or-new-policy-found","true","","true"
"rapid-city","Rapid Transit System (Rapid City, SD)","confirmed","https://www.rapidtransitsystem.org/rapid-ride/","accessible","2026-10-01","supports-existing-policy","true","","false"
"sioux-city","Sioux City Transit","no_transfer_policy_published","https://www.sioux-city.org/services/transit","accessible","2026-10-01","supports-no-policy-found","true","","false"
"imperial-valley","Imperial Valley Transit","no_transfer_policy_published","https://www.ivtransit.com/rider-information/fares","accessible","2026-10-01","supports-no-policy-found","true","","false"
"kern-transit","Kern Transit","no_transfer_policy_published","http://kerntransit.org/?referrer=gtfs","accessible","2026-10-01","manual-review-required","true","","true"
"banning","Banning Connect","no_transfer_policy_published","http://www.ci.banning.ca.us/351/Bus-Schedules","accessible","2026-10-01","changed-or-new-policy-found","true","","true"
"beaumont-ca","Beaumont Transit","no_transfer_policy_published","https://www.beaumontca.gov/index.aspx?NID=90","accessible","2026-10-01","supports-no-policy-found","true","","false"
"corona","Corona Cruiser","no_transfer_policy_published","http://www.coronaca.gov/government/departments-divisions/public-works/public-transit/corona-cruiser","accessible","2026-10-01","changed-or-new-policy-found","true","","true"
"thousand-oaks","Thousand Oaks Transit","confirmed","https://toaks.gov/index.php?section=fares","accessible","2026-10-01","supports-existing-policy","true","","false"
"simi-valley","Simi Valley Transit","no_transfer_policy_published","http://www.simivalley.org/departments/community-services/simi-valley-transit","accessible","2026-10-01","supports-no-policy-found","true","","false"
"camarillo","Camarillo Area Transit","no_transfer_policy_published","https://www.cityofcamarillo.org/residents/public_transportation/bus_pass.php","accessible","2026-10-01","changed-or-new-policy-found","true","","true"
"basin-transit","Basin Transit","no_transfer_policy_published","https://basintransit.ca.gov/fares/","accessible","2026-10-01","supports-no-policy-found","true","","false"
"needles","Needles Area Transit","no_transfer_policy_published","https://cityofneedles.com/transit/","accessible","2026-10-01","supports-no-policy-found","true","","false"
"arvin","Arvin Transit","no_transfer_policy_published","https://www.arvin.org/202/Routes-Schedules-Fares","accessible","2026-10-01","supports-no-policy-found","true","","false"
"moorpark","Moorpark City Transit","no_transfer_policy_published","https://www.moorparkca.gov/230/Fares-Regulations-Passes","accessible","2026-10-01","supports-no-policy-found","true","","false"
"valley-express","Valley Express","confirmed","https://www.valleyexpressbus.org/fares/fare-info/","accessible","2026-10-01","supports-existing-policy","true","","false"
"laguna-beach","Laguna Beach Transit","no_transfer_policy_published","http://www.lagunabeachcity.net/cityhall/transit_and_trolleys/","accessible","2026-10-01","supports-no-policy-found","true","","false"
"taft","Taft Area Transit","no_transfer_policy_published","https://www.cityoftaft.org/pview.aspx?id=5385&catid=563","accessible","2026-10-01","manual-review-required","true","","true"
"seattle-monorail","Seattle Center Monorail","no_transfer_policy_published","https://www.seattlemonorail.com/buy-tickets-to-ride-with-us/","accessible","2026-10-01","changed-or-new-policy-found","true","","true"
"snoqualmie-valley","Snoqualmie Valley Transportation","no_transfer_policy_published","http://www.svtbus.org/","accessible","2026-10-01","supports-no-policy-found","true","","false"
"seattle-streetcar","Seattle Streetcar","confirmed","https://kingcounty.gov/en/dept/metro/fares-and-payment/ways-to-pay","accessible","2026-10-01","supports-existing-policy","true","","false"
"metz","Le Met' (Metz)","no_transfer_policy_published","https://www.lemet.fr/quel-tarif-choisir/","accessible","2026-10-01","supports-no-policy-found","true","","false"
"nancy","Réseau Stan (Nancy)","no_transfer_policy_published","https://www.reseau-stan.com/titres-tarifs/tous-les-titres","accessible","2026-10-01","supports-no-policy-found","true","","false"
"rennes","STAR (Rennes)","no_transfer_policy_published","https://www.star.fr/","accessible","2026-10-01","manual-review-required","true","","true"
"tours","Fil Bleu (Tours)","no_transfer_policy_published","https://www.filbleu.fr/tarifs-demarches-et-achat-en-ligne/titres-et-tarifs","accessible","2026-10-01","changed-or-new-policy-found","true","","true"
"bordeaux","TBM (Bordeaux)","no_transfer_policy_published","https://www.infotbm.com/fr/horaires","accessible","2026-10-01","manual-review-required","true","","true"
"grenoble","TAG (Grenoble)","confirmed","https://www.reso-m.fr/67-un-tarif-pour-chacun.htm?UTB_FS=-1","accessible","2026-10-01","manual-review-required","true","","true"
"dijon","Divia (Dijon)","confirmed","https://www.divia.fr/titres-et-tarifs","accessible","2026-10-01","manual-review-required","true","","true"
"angers","Irigo (Angers)","no_transfer_policy_published","https://www.irigo.fr/titres-tarifs/comment-acheter-un-titre-de-transport-irigo","accessible","2026-10-01","supports-no-policy-found","true","","false"
"chambery","Synchro (Chambéry)","confirmed","https://synchro.grandchambery.fr/tarifs-et-abonnements-bus/les-tickets/","accessible","2026-10-01","manual-review-required","true","","true"
"nantes","Naolib (Nantes)","confirmed","https://naolib.fr/fr/tarifs/transports-en-commun/tickets","accessible","2026-10-01","manual-review-required","true","","true"
"le-mans","SETRAM (Le Mans)","no_transfer_policy_published","https://www.setram.fr/fr/pzy0-Prochains-passages-aux-arrets.html","accessible","2026-10-01","supports-no-policy-found","true","","false"
"besancon","Ginko (Besançon)","no_transfer_policy_published","https://www.ginko.voyage/tarifs/titres-et-tarifs/tous-les-titres","accessible","2026-10-01","supports-no-policy-found","true","","false"
"annecy","Sibra (Annecy)","no_transfer_policy_published","https://www.sibra.fr/choisir-le-meilleur-tarif/","accessible","2026-10-01","supports-no-policy-found","true","","false"
"amiens","Ametis (Amiens)","confirmed","https://www.ametis.fr/les-tarifs/","accessible","2026-10-01","manual-review-required","true","","true"
"annemasse","TAC (Annemasse)","confirmed","https://www.tac-mobilites.fr/tac-vous/notre-application","accessible","2026-10-01","supports-existing-policy","true","","false"
"avignon","Orizo (Avignon)","no_transfer_policy_published","https://www.orizo.fr/tarifs/","accessible","2026-10-01","supports-no-policy-found","true","","false"
"bayonne","Txik Txak","confirmed","https://www.txiktxak.fr/preparez-votre-trajet/on-visite-le-pays-basque-avec-txik-txak/villes-et-villages/","accessible","2026-10-01","manual-review-required","true","","true"
"beziers","beeMob (Béziers)","no_transfer_policy_published","https://beemob.fr/fr/nVp-Tarifs-et-achats.html","accessible","2026-10-01","changed-or-new-policy-found","true","","true"
"bourges","AggloBus (Bourges)","no_transfer_policy_published","https://www.agglobus.com/se-deplacer/prochains-passages","accessible","2026-10-01","supports-no-policy-found","true","","false"
"brest","Bibus (Brest)","confirmed","https://www.bibus.fr/tarifs/tickets-et-abonnements","accessible","2026-10-01","manual-review-required","true","","true"
"caen","Twisto (Caen)","no_transfer_policy_published","https://www.twisto.fr/tarifs/tickets-et-abonnements-0","accessible","2026-10-01","supports-no-policy-found","true","","false"
"chartres","Filibus (Chartres)","confirmed","https://www.filibus.fr/presentation/?rub_code=1007","inaccessible","2026-10-01","source-inaccessible","false","","true"
"cholet","Choletbus","confirmed","https://www.choletbus.fr/tarifs-transport-en-commun/","accessible","2026-10-01","manual-review-required","true","","true"
"clermont","T2C (Clermont-Ferrand)","no_transfer_policy_published","https://www.t2c.fr/page/titres-tarifs","accessible","2026-10-01","supports-no-policy-found","true","","false"
"dunkirk","DK'Bus (Dunkerque)","no_transfer_policy_published","https://www.dkbus.com/","accessible","2026-10-01","supports-no-policy-found","true","","false"
"la-rochelle","Yélo (La Rochelle)","confirmed","https://www.yelo-larochelle.fr/tarifs/","accessible","2026-10-01","manual-review-required","true","","true"
"laval","TUL (Laval)","confirmed","https://www.tul-laval.com/tarifs/titres-abonnements","accessible","2026-10-01","manual-review-required","true","","true"
"le-havre","LiA (Le Havre)","confirmed","https://www.transports-lia.fr/fr/trouver-mon-tarif","accessible","2026-10-01","manual-review-required","true","","true"
"lorient","Izilo (Lorient)","no_transfer_policy_published","https://www.izilo.bzh/titres-et-tarifs/titres-abonnements","accessible","2026-10-01","changed-or-new-policy-found","true","","true"
"lyon","TCL (Lyon)","no_transfer_policy_published","https://www.tcl.fr/","accessible","2026-10-01","manual-review-required","true","","true"
"marseille","RTM (Marseille)","no_transfer_policy_published","https://www.rtm.fr/tarifs","accessible","2026-10-01","supports-no-policy-found","true","","false"
"mulhouse","Soléa (Mulhouse)","no_transfer_policy_published","https://www.solea.info/tickets-abonnements","accessible","2026-10-01","supports-no-policy-found","true","","false"
"nice-fr","Lignes d'Azur (Nice)","no_transfer_policy_published","https://www.lignesdazur.com/fr/titres-et-tarifs","accessible","2026-10-01","changed-or-new-policy-found","true","","true"
"nimes","Tango (Nîmes)","confirmed","https://tango.scoop.airweb.fr/tarifs/","accessible","2026-10-01","manual-review-required","true","","true"
"orleans","TAO (Orléans)","confirmed","https://www.tao-mobilites.fr/fr/pP-Tickets.html","accessible","2026-10-01","manual-review-required","true","","true"
"pau","Idelis (Pau)","confirmed","https://www.idelis.fr/tarifs/titres-de-transport-et-tarifs/tous-les-titres","accessible","2026-10-01","manual-review-required","true","","true"
"perpignan","Sankéo (Perpignan)","confirmed","https://www.sankeo.com/tarifs/","accessible","2026-10-01","manual-review-required","true","","true"
"poitiers","Vitalis (Poitiers)","no_transfer_policy_published","https://www.vitalis-poitiers.fr/tarifs/","accessible","2026-10-01","changed-or-new-policy-found","true","","true"
"quimper","Qub (Quimper)","no_transfer_policy_published","https://www.qub.bzh/se-deplacer/prochains-passages","accessible","2026-10-01","supports-no-policy-found","true","","false"
"reims","Grand Reims Mobilités","confirmed","https://grandreims-mobilites.fr/fr/lbW-Ou-acheter-mon-titre-de-transport-3F.html","accessible","2026-10-01","manual-review-required","true","","true"
"rouen","Astuce (Rouen)","no_transfer_policy_published","https://www.reseau-astuce.fr/","accessible","2026-10-01","supports-no-policy-found","true","","false"
"saint-etienne","STAS (Saint-Étienne)","confirmed","https://www.reseau-stas.fr/fr/voyages-occasionnels/77","accessible","2026-10-01","manual-review-required","true","","true"
"saint-nazaire","Ycéo (Saint-Nazaire)","confirmed","https://yceo-mobilite.fr/mes-deplacements/helyce-et-yceo-bus/reglement-dexploitation/","accessible","2026-10-01","supports-existing-policy","true","","false"
"toulon","Mistral (Toulon)","no_transfer_policy_published","https://www.reseaumistral.com/se-deplacer/prochains-passages","accessible","2026-10-01","supports-no-policy-found","true","","false"
"toulouse","Tisséo (Toulouse)","no_transfer_policy_published","https://www.tisseo.fr/acheter/tarifs","accessible","2026-10-01","supports-no-policy-found","true","","false"
"troyes","TCAT Troyes","confirmed","https://tcat.fr/titres-et-tarifs/la-gamme-tarifaire/","accessible","2026-10-01","manually-confirmed-during-audit","true","","false"
"valence","Citéa (Valence Romans)","confirmed","https://www.valenceromansmobilites.fr/bus/bien-voyager-sur-le-reseau-citea/","accessible","2026-10-01","manual-review-required","true","","true"
"vannes","Kicéo (Vannes)","no_transfer_policy_published","https://www.kiceo.fr/","accessible","2026-10-01","supports-no-policy-found","true","","false"
"aix-en-provence","Aixenbus","confirmed","https://www.aixenbus.fr/fr/M8j-Les-titres-occasionnels.html","accessible","2026-10-01","manual-review-required","true","","true"
"arles","Envia (Arles)","confirmed","https://arles.fr/actualites/le-reseau-envia-change/","accessible","2026-10-01","manual-review-required","true","","true"
"beauvais","Corolis (Beauvais)","no_transfer_policy_published","https://www.corolis.fr/acheter/titres-et-tarifs/","accessible","2026-10-01","supports-no-policy-found","true","","false"
"belfort","Optymo (Belfort)","no_transfer_policy_published","https://www.optymo.fr/pass-tickets/","accessible","2026-10-01","supports-no-policy-found","true","","false"
"bergerac","TUB (Bergerac)","confirmed","https://www.bus-tub.com/titres-tarifs/","accessible","2026-10-01","manual-review-required","true","","true"
"blois","Azalys (Blois)","confirmed","https://bus.azalys.agglopolys.fr/fileadmin/user_upload/Formulaires/Leaflet_Resago_2024-BD1__1__compressed.pdf","inaccessible","2026-10-01","source-inaccessible","false","","true"
"boulogne-sur-mer","Marinéo (Boulogne)","no_transfer_policy_published","https://www.marineo.fr/actualites/le-reseau/avec-le-passmois-solidaire-voyagez-petit-prix-avec-marineo","accessible","2026-10-01","supports-no-policy-found","true","","false"
"bourgoin","Ruban (Bourgoin-Jallieu)","confirmed","https://www.rubantransport.com/occasionnel/","accessible","2026-10-01","manual-review-required","true","","true"
"brive","Libéo (Brive)","no_transfer_policy_published","https://www.libeo-brive.fr/se-deplacer/prochains-passages","accessible","2026-10-01","supports-no-policy-found","true","","false"
"cahors","Cahors urbain","no_transfer_policy_published","https://www.bus-evidence.fr/","accessible","2026-10-01","supports-no-policy-found","true","","false"
"cannes","Palm Bus (Cannes)","no_transfer_policy_published","https://storage.googleapis.com/is-wp-23-prod/uploads-prod/date_year/date_month/Guide-Tarifaire-PALM-BUS-Janvier-2025.pdf","inaccessible","2026-10-01","source-inaccessible","false","","true"
"carcassonne","RTCA (Carcassonne)","confirmed","https://rtca.scoop.airweb.fr/tarifs/","accessible","2026-10-01","manual-review-required","true","","true"
"castres","Libellus (Castres)","no_transfer_policy_published","https://www.castres-mazamet.fr/larchipel-piscine/horaires-et-tarifs","accessible","2026-10-01","supports-no-policy-found","true","","false"
"charleville","TAC (Charleville-Mézières)","confirmed","https://www.bustac.fr/titres-et-points-de-ventes/titres-pour-tous","accessible","2026-10-01","manual-review-required","true","","true"
"chateauroux","Horizon (Châteauroux Métropole)","confirmed","https://www.bus-horizon.com/contact/espace-faq-aide/","accessible","2026-10-01","manual-review-required","true","","true"
"colmar","Trace Colmar","confirmed","https://www.trace-colmar.fr/aide-et-contact/foire-aux-questions-faq/","accessible","2026-10-01","manual-review-required","true","","true"
"compiegne","TIC (Compiègne)","no_transfer_policy_published","https://www.oise-mobilite.fr/assistant-tarifaire","accessible","2026-10-01","supports-no-policy-found","true","","false"
"concarneau","Coralie (Concarneau)","confirmed","https://coralie-cca.fr/tarifs/","accessible","2026-10-01","manual-review-required","true","","true"
"creil","TCR (Creil)","confirmed","https://www.oise-mobilite.fr/tickets-axo","accessible","2026-10-01","manual-review-required","true","","true"
"dieppe","Stradibus (Dieppe)","confirmed","https://www.deepmob.fr/fr/titres-de-transport/36","accessible","2026-10-01","manual-review-required","true","","true"
"douai","Évéole (Douai)","confirmed","https://www.eveole.com/","accessible","2026-10-01","manual-review-required","true","","true"
"epinal","Imagine (Épinal)","no_transfer_policy_published","https://www.keolis.com/renforcer-satisfaction-passagers","accessible","2026-10-01","supports-no-policy-found","true","","false"
"evreux","Transurbain (Évreux)","confirmed","https://www.transurbain.com/faq/","accessible","2026-10-01","manual-review-required","true","","true"
"fougeres","SURF (Fougères)","no_transfer_policy_published","https://www.lesurf.fr/titres-et-tarifs/","accessible","2026-10-01","supports-no-policy-found","true","","false"
"grasse","Sillages (Grasse)","confirmed","https://sillages.paysdegrasse.fr/faq/","accessible","2026-10-01","manual-review-required","true","","true"
"laon","Laon urbain (TUL)","confirmed","https://www.tul-laon.fr/mes-titres/titres","accessible","2026-10-01","manual-review-required","true","","true"
"lens","Tadao (Lens-Liévin)","no_transfer_policy_published","https://www.tadao.fr/fr/BKq-Pass-Transport-Louvre-Lens.html","accessible","2026-10-01","supports-no-policy-found","true","","false"
"limoges","STCL (Limoges)","confirmed","https://storage.googleapis.com/is-wp-160-preprod/uploads-preprod/2026/04/depliant-site.pdf","inaccessible","2026-10-01","source-inaccessible","false","","true"
"menton","Zest (Menton)","confirmed","https://www.zestbus.fr/tarifs/","accessible","2026-10-01","manual-review-required","true","","true"
"mont-de-marsan","TMA (Mont-de-Marsan)","confirmed","https://bustma.com/fr/titres-et-tarifs/points-de-vente/","inaccessible","2026-10-01","source-inaccessible","false","","true"
"montbeliard","Evolity (Montbéliard)","no_transfer_policy_published","https://www.evolity.fr/titres-tarifs/","accessible","2026-10-01","supports-no-policy-found","true","","false"
"morlaix","Linéotim (Morlaix)","no_transfer_policy_published","https://www.lineotim.com/fr/","accessible","2026-10-01","supports-no-policy-found","true","","false"
"nevers","Taneo (Nevers)","confirmed","https://www.sncf-connect.com/catalogue/description/reseau-taneo","accessible","2026-10-01","manual-review-required","true","","true"
"niort","TanLib (Niort)","no_transfer_policy_published","https://tanlib.com/","accessible","2026-10-01","supports-no-policy-found","true","","false"
"quimperle","TBK (Quimperlé)","no_transfer_policy_published","http://www.giro.ca","accessible","2026-10-01","supports-no-policy-found","true","","false"
"romans","Citéa Romans","no_transfer_policy_published","https://www.valenceromansmobilites.fr/tarifs-abonnements/bus/","accessible","2026-10-01","supports-no-policy-found","true","","false"
"saint-brieuc","TUB (Saint-Brieuc)","confirmed","https://www.sncf-connect.com/catalogue/description/reseau-tub","accessible","2026-10-01","manual-review-required","true","","true"
"saint-malo","MAT (Saint-Malo)","confirmed","https://www.reseau-mat.fr/fr/titres-et-tarifs","accessible","2026-10-01","manual-review-required","true","","true"
"saint-omer","MouvO (Saint-Omer)","no_transfer_policy_published","http://www.ca-pso.fr","accessible","2026-10-01","supports-no-policy-found","true","","false"
"saintes","Buséau (Saintes)","no_transfer_policy_published","https://www.ratpdev.com","accessible","2026-10-01","supports-no-policy-found","true","","false"
"tarbes","TLP Mobilités (Tarbes-Lourdes)","confirmed","https://www.tlp-mobilites.com/tickets-et-abonnements/","accessible","2026-10-01","manual-review-required","true","","true"
"valenciennes","Transvilles (Valenciennes)","no_transfer_policy_published","https://www.transvilles.com/pass-gratuite/","accessible","2026-10-01","changed-or-new-policy-found","true","","true"
"vierzon","Le ViB (Vierzon)","no_transfer_policy_published","https://www.le-vib.com/fr/les-titres-et-tarifs","accessible","2026-10-01","supports-no-policy-found","true","","false"
"albi","LibéA (Albi)","confirmed","https://www.libea-mobilites.fr/se-deplacer/le-transport-a-la-demande-tad/","accessible","2026-10-01","manual-review-required","true","","true"
"ales","Ales’Y (Alès)","confirmed","https://storage.googleapis.com/is-wp-76-prod/uploads-prod/2025/09/202509-CGVU-ALESY.pdf","inaccessible","2026-10-01","source-inaccessible","false","","true"
"angouleme","Möbius (Angoulême)","no_transfer_policy_published","https://www.stga.fr/node/4048","accessible","2026-10-01","supports-no-policy-found","true","","false"
"arcachon","Baïa (Bassin d'Arcachon)","no_transfer_policy_published","https://www.bus-baia.fr/titres-et-tarifs.html","accessible","2026-10-01","supports-no-policy-found","true","","false"
"argentan","Terres d'Argentan Mobilité","confirmed","https://terresdargentan.fr/argentan-intercom-mobilite/","accessible","2026-10-01","manual-review-required","true","","true"
"auch","Alliance (Auch)","no_transfer_policy_published","https://www.alliance-bus.com/tarifs","accessible","2026-10-01","supports-no-policy-found","true","","false"
"beaune","Côte&Bus (Beaune)","confirmed","https://coteetbus.fr/fr/kBM-Ticket-Unite.html","accessible","2026-10-01","manual-review-required","true","","true"
"cavaillon","CmonBus (Cavaillon)","confirmed","https://cavaillon.fr/detail-actu.html?event=295","accessible","2026-10-01","manual-review-required","true","","true"
"chamonix","Chamonix Mobilités","confirmed","https://www.chamonix.com/sites/default/files/media/brochures/Tarifs-Cham-Ete2026.pdf","inaccessible","2026-10-01","source-inaccessible","false","","true"
"cherbourg","Cap Cotentin (Cherbourg)","confirmed","https://www.capcotentin.fr/cgv/","accessible","2026-10-01","manual-review-required","true","","true"
"coutances","Cosibus (Coutances)","confirmed","https://cosibus.fr/titres-tarifs/titres-et-tarifs","accessible","2026-10-01","manual-review-required","true","","true"
"dinan","DINAMO (Dinan)","no_transfers","https://www.dinan.fr/vivre-a-dinan/me-deplacer/transports/","accessible","2026-10-01","manual-review-required","true","","true"
"gap","Trotibus (Gap)","confirmed","https://www.gap-tallard-durance.fr/fileadmin/user_upload/2019.09.18_-_Modification_reglement_Transports_-_achat_titres_transport_et_fourniture_carte_transport.pdf","inaccessible","2026-10-01","source-inaccessible","false","","true"
"guingamp","Guingamp-Paimpol Mobilité","confirmed","https://www.guingamp-paimpol.mobi/wp-content/uploads/2020/08/Axeo-Depliant-Billetique.pdf","accessible","2026-10-01","manual-review-required","true","","true"
"libourne","Calibus (Libourne)","no_transfer_policy_published","https://www.calibus.fr","accessible","2026-10-01","supports-no-policy-found","true","","false"
"louviers","SEMO (Louviers)","confirmed","https://www.semo-mobilite.fr/tarifs/","accessible","2026-10-01","manual-review-required","true","","true"
"montauban","Transports Montalbanais (Montauban)","confirmed","https://montgm.com/tarifs/","accessible","2026-10-01","manual-review-required","true","","true"
"moulins","Aléo (Moulins)","confirmed","https://www.moulins-bus.com/tarification-generale","accessible","2026-10-01","manual-review-required","true","","true"
"oyonnax","Duobus (Oyonnax)","no_transfer_policy_published","https://www.duobus.fr/tous-les-titres","accessible","2026-10-01","supports-no-policy-found","true","","false"
"porto-vecchio","A Citadina (Porto-Vecchio)","no_transfer_policy_published","https://acitadina.fr/","accessible","2026-10-01","supports-no-policy-found","true","","false"
"privas","T’CAP (Privas)","confirmed","https://www.t-cap.mobi/assets/uploads/filemanager/Guide%20horaires%20T-CAP%202025_2026.pdf","inaccessible","2026-10-01","source-inaccessible","false","","true"
"saint-quentin","TUC (Saint-Quentin)","confirmed","https://buspastel.fr/titres-occasionnels/","accessible","2026-10-01","manual-review-required","true","","true"
"selestat","Elsa Mobilités","confirmed","https://elsa-mobilites.fr/nos-tarifs/","accessible","2026-10-01","manually-confirmed-during-audit","true","","false"
"vichy","MobiVie (Vichy)","confirmed","https://www.mobivie.fr/faq/","accessible","2026-10-01","supports-existing-policy","true","","false"
"villeneuve-sur-lot","Élios (Villeneuve-sur-Lot)","confirmed","https://www.sncf-connect.com/catalogue/description/reseau-elios","accessible","2026-10-01","manual-review-required","true","","true"
"aix-les-bains","Ondéa Grand Lac","confirmed","https://www.ondeagrandlac.fr/tarifs/choisir-son-titre","accessible","2026-10-01","manually-confirmed-during-audit","true","","false"
"amberieu","Ambérieu","no_transfer_policy_published","https://www.laregionvoustransporte.fr/actualites/mobilites-le-m-ticket-disponible-sur-lappli-oura/","accessible","2026-10-01","supports-no-policy-found","true","","false"
"chalons","SITAC (Châlons)","no_transfer_policy_published","http://www.businfo-groupe.com","accessible","2026-10-01","supports-no-policy-found","true","","false"
"cosne","Cosne-Cours-sur-Loire","no_transfer_policy_published","https://www.coeurdeloire.fr/","accessible","2026-10-01","supports-no-policy-found","true","","false"
"dole","Grand Dole Mobilités","confirmed","https://www.grand-dole.fr/fileadmin/GRAND_DOLE_CONNAITRE/DELIBERATIONS_CONSEIL_COMMUNAUTAIRE/2023/08.06.2023/042_du_08_06_2023_Tarifs_des_services_Grand_Dole_Mobilites_-_Septembre_2023.pdf","accessible","2026-10-01","manual-review-required","true","","true"
"draguignan","TED Bus Dracénie","confirmed","https://tedbus.dracenie.com/tarifs/","accessible","2026-10-01","manually-confirmed-during-audit","true","","false"
"dreux","Dreux","no_transfer_policy_published","http://www.linead.fr/","accessible","2026-10-01","supports-no-policy-found","true","","false"
"fecamp","Ficibus (Fécamp)","confirmed","https://www.agglo-fecampcauxlittoral.fr/wp-content/uploads/2019/06/minibus-web.pdf","inaccessible","2026-10-01","source-inaccessible","false","","true"
"figeac","Figeac","no_transfer_policy_published","http://www.cars-delbos.com/","accessible","2026-10-01","supports-no-policy-found","true","","false"
"flers","Flers","no_transfer_policy_published","http://www.flers-agglo.fr/cadre-de-vie/transport-et-mobilite/transports-urbains-transports-a-la-demande-tad/","accessible","2026-10-01","manual-review-required","true","","true"
"haguenau","Haguenau","confirmed","https://www.ritmo.fr/choisir-mon-titre","accessible","2026-10-01","manual-review-required","true","","true"
"la-roche-sur-yon","Impulsyon (La Roche-sur-Yon)","no_transfer_policy_published","https://orchestra.ratpdev.com","accessible","2026-10-01","manual-review-required","true","","true"
"lannion","TILT (Lannion)","no_transfer_policy_published","https://www.lannion-tregor.com/fr/deplacements.html","accessible","2026-10-01","supports-no-policy-found","true","","false"
"manosque","TransAgglo (Manosque)","no_transfer_policy_published","https://mobilite.dlva.fr/tarifs-reseau-transagglo-au-11-juillet-2024/","accessible","2026-10-01","changed-or-new-policy-found","true","","true"
"mende","Max Mende Mobilités","confirmed","https://max-mende-mobilites.fr/tarif-bus/","accessible","2026-10-01","manual-review-required","true","","true"
"narbonne","Citibus (Narbonne)","no_transfer_policy_published","https://www.citibus.fr/se-deplacer/prochain-passage","accessible","2026-10-01","supports-no-policy-found","true","","false"
"oloron","Oloron-Sainte-Marie","no_transfer_policy_published","https://www.oloron-ste-marie.fr/events/programme-ca-spasse-la-haut-du-centre-social/","accessible","2026-10-01","supports-no-policy-found","true","","false"
"pont-audemer","Pont-Audemer","no_transfer_policy_published","https://nomad.normandie.fr/actualites/des-tarifs-revisites-pour-plus-de-coherence-et-dequite","accessible","2026-10-01","supports-no-policy-found","true","","false"
"redon","Redon","no_transfer_policy_published","https://www.red.bzh/comment-acheter-vos-tickets/","accessible","2026-10-01","changed-or-new-policy-found","true","","true"
"rumilly","J’ybus (Rumilly)","confirmed","https://www.jybus.fr/sites/jybus/files/page/reglement_bus_-_rumilly_vf_1.pdf","inaccessible","2026-10-01","source-inaccessible","false","","true"
"sarlat","Sarlat","no_transfer_policy_published","https://perigord-voyagessarl.com/","accessible","2026-10-01","supports-no-policy-found","true","","false"
"saumur","Saumur Agglobus","no_transfer_policy_published","https://ogalosaumurvaldeloire.anvergur.org/ogalosaumurvaldeloire/#!","accessible","2026-10-01","supports-no-policy-found","true","","false"
"sete","Sète Agglopôle Mobilité","confirmed","https://www.mobilite.agglopole.fr/informations-sur-les-tarifs","accessible","2026-10-01","manually-confirmed-during-audit","true","","false"
"thiers","SMTUT (Thiers)","confirmed","https://ville-thiers.fr/2026/09/01/reseau-smtut-du-nouveau-pour-vos-deplacements-des-le-1er-septembre-2026/","accessible","2026-10-01","manual-review-required","true","","true"
"vendome","Vendôme","no_transfer_policy_published","https://move-vendomois.fr/ticket/","accessible","2026-10-01","supports-no-policy-found","true","","false"
"vesoul","Moova (Vesoul)","confirmed","https://www.vesoul.fr/au-quotidien/vbus-transports-en-commun.html","accessible","2026-10-01","manual-review-required","true","","true"
"godurham","GoDurham","no_transfer_policy_published","https://godurhamtransit.org/godurham-is-fare-free-through-june-2026/","accessible","2026-10-01","supports-no-policy-found","true","","false"
"jacksonville-nc","Jacksonville Transit","no_transfer_policy_published","https://jacksonvillenc.gov/922/Ride-Passenger-Info","accessible","2026-10-01","supports-no-policy-found","true","","false"
"fast-nc","Fayetteville Area System of Transit","no_transfers","https://fasttransit.org/info-policies/transfers/","accessible","2026-10-01","supports-existing-policy","true","","false"
"greenway","Greenway Public Transportation","confirmed","https://www.mygreenway.org/bus-fares","accessible","2026-10-01","supports-existing-policy","true","","false"
"concord-kannapolis","Rider Transit","no_transfer_policy_published","http://trackingckrider.com","accessible","2026-10-01","supports-no-policy-found","true","","false"
"gaston-county","Gaston County Transit","no_transfer_policy_published","http://www.gastongov.com/government/departments/health_and_human_services/social_services/access.php","accessible","2026-10-01","supports-no-policy-found","true","","false"
"coast-rta","Coast RTA","confirmed","https://coastrta.com/contactless-fare-payment/","accessible","2026-10-01","manual-review-required","true","","true"
"sunshine-bus","Sunshine Bus Company","no_transfer_policy_published","https://sunshinebus.net/fares-passes/","accessible","2026-10-01","changed-or-new-policy-found","true","","true"
"key-west-transit","Key West Transit","no_transfer_policy_published","https://www.cityofkeywest-fl.gov/350/Bus-Fares","accessible","2026-10-01","supports-no-policy-found","true","","false"
"citylink-north","Kootenai County Citylink North","no_transfer_policy_published","https://www.kcgov.us/486/Transit-Services","accessible","2026-10-01","supports-no-policy-found","true","","false"
"dcta","Denton County Transportation Authority (DCTA)","no_transfer_policy_published","https://www.dcta.net/fares-passes","accessible","2026-10-01","changed-or-new-policy-found","true","","true"
"waco","Waco Transit System","no_transfer_policy_published","https://wacotransit.transloc.com","accessible","2026-10-01","supports-no-policy-found","true","","false"
"brazos","Brazos Transit District","no_transfer_policy_published","https://www.btd.org/fares-and-passes/","accessible","2026-10-01","supports-no-policy-found","true","","false"
"lafayette-la","Lafayette Transit System","no_transfer_policy_published","https://www.ridelts.com/","inaccessible","2026-10-01","source-inaccessible","false","","true"
"coast-transit-ms","Coast Transit Authority","no_transfers","https://coasttransit.com/bus-fares-fare-zones/","accessible","2026-10-01","manually-confirmed-during-audit","true","","false"
"hub-city-transit","Hub City Transit","no_transfer_policy_published","http://www.hattiesburgms.com/government/departments/urban-development/hub-city-transit/","accessible","2026-10-01","supports-no-policy-found","true","","false"
"tank","Transit Authority of Northern Kentucky (TANK)","confirmed","https://www.tankbus.org/fares-guides/fare/","accessible","2026-10-01","supports-existing-policy","true","","false"
"sandusky","Sandusky Transit System","no_transfer_policy_published","https://www.cityofsandusky.com/community/sandusky_transit_system/fixed_routes.php","accessible","2026-10-01","changed-or-new-policy-found","true","","true"
"bay-metro","Bay Metro (Bay City)","no_transfer_policy_published","https://baymetro.com/services-fares/","accessible","2026-10-01","changed-or-new-policy-found","true","","true"
"burlington-ia","Burlington Urban Service","confirmed","http://www.burlingtoniowa.org/2265/Burlington-Urban-Service-BUS","accessible","2026-10-01","manually-confirmed-during-audit","true","","false"
"jefftran","Jefferson City Transit (JeffTran)","confirmed","https://www.jeffersoncitymo.gov/government/transit/fares.php","accessible","2026-10-01","supports-existing-policy","true","","false"
"muskegon","Muskegon Area Transit System","confirmed","https://matsbus.com/","accessible","2026-10-01","supports-existing-policy","true","","false"
"telluride","Town of Telluride (Galloping Goose)","no_transfer_policy_published","https://www.telluride.gov/254/Transit-Division","accessible","2026-10-01","supports-no-policy-found","true","","false"
"mountain-village","Town of Mountain Village Transit","no_transfer_policy_published","https://townofmountainvillage.com/getting-around/","accessible","2026-10-01","supports-no-policy-found","true","","false"
"smart-telluride","San Miguel Authority for Regional Transportation (SMART)","no_transfer_policy_published","https://smarttelluride.colorado.gov/","accessible","2026-10-01","supports-no-policy-found","true","","false"
"snowmass-village","Snowmass Village Shuttle","no_transfer_policy_published","https://www.snowmasstransit.com/133/Routes-Schedules","accessible","2026-10-01","supports-no-policy-found","true","","false"
"winter-park","The Lift","no_transfer_policy_published","https://www.theliftwp.com/","accessible","2026-10-01","supports-no-policy-found","true","","false"
"roundabout","Clear Creek County Transit (RoundAbout)","no_transfer_policy_published","https://www.clearcreekcounty.us/857/RoundAbout-Bus-Service","accessible","2026-10-01","changed-or-new-policy-found","true","","true"
"breck-free-ride","Breckenridge Free Ride","no_transfer_policy_published","https://www.breckfreeride.com/","accessible","2026-10-01","supports-no-policy-found","true","","false"
"summit-stage","Summit Stage","no_transfer_policy_published","https://www.summitcountyco.gov/586/Transit-Summit-Stage","accessible","2026-10-01","supports-no-policy-found","true","","false"
"vail-transit","Vail Transit","no_transfer_policy_published","https://www.vail.gov/government/departments/transportation-services/bus-information","accessible","2026-10-01","supports-no-policy-found","true","","false"
"avon-transit","Avon Transit","no_transfer_policy_published","https://www.avon.org/2038/Mobility","accessible","2026-10-01","changed-or-new-policy-found","true","","true"
"timmins","Timmins Transit","no_transfer_policy_published","https://www.timmins.ca/how_do_i_/pay_a_traffic_ticket","accessible","2026-10-01","supports-no-policy-found","true","","false"
"casper","Casper Area Transit","no_transfer_policy_published","https://www.casperwy.gov/explore/casper_recreation_center/memberships___day_passes.php","accessible","2026-10-01","supports-no-policy-found","true","","false"
